Date,Open,High,Low,Close,Adj Close,Volume
2020-01-02,74.05999755859375,75.1500015258789,73.79750061035156,75.0875015258789,72.33387756347656,135480400
2020-01-03,74.2874984741211,75.1449966430664,74.125,74.35749816894531,71.63066101074219,146322800
2020-01-06,73.44750213623047,74.98999786376953,73.1875,74.94999694824219,72.20143127441406,118387200
2020-01-07,74.95999908447266,75.2249984741211,74.37000274658203,74.59750366210938,71.8618392944336,108872000
2020-01-08,74.29000091552734,76.11000061035156,74.29000091552734,75.79750061035156,73.01783752441406,132079200
2020-01-09,76.80999755859375,77.60749816894531,76.55000305175781,77.40750122070312,74.56877136230469,170108400
2020-01-10,77.6500015258789,78.1675033569336,77.0625,77.5824966430664,74.73737335205078,140644800
2020-01-13,77.91000366210938,79.26750183105469,77.7874984741211,79.23999786376953,76.33409118652344,121532000
2020-01-14,79.17500305175781,79.39250183105469,78.0425033569336,78.16999816894531,75.30332946777344,161954400
2020-01-15,77.9625015258789,78.875,77.38749694824219,77.83499908447266,74.98059844970703,121923600
2020-01-16,78.39749908447266,78.92500305175781,78.02249908447266,78.80999755859375,75.91986083984375,108829200
2020-01-17,79.06749725341797,79.68499755859375,78.75,79.68250274658203,76.7603759765625,137816400
2020-01-21,79.29750061035156,79.75499725341797,79.0,79.14250183105469,76.24016571044922,110843200
2020-01-22,79.6449966430664,79.99749755859375,79.32749938964844,79.42500305175781,76.51229858398438,101832400
2020-01-23,79.4800033569336,79.88999938964844,78.9124984741211,79.80750274658203,76.88079833984375,104472000
2020-01-24,80.0625,80.8324966430664,79.37999725341797,79.57749938964844,76.65921020507812,146537600
2020-01-27,77.51499938964844,77.94249725341797,76.22000122070312,77.23750305175781,74.40503692626953,161940000
2020-01-28,78.1500015258789,79.5999984741211,78.04750061035156,79.42250061035156,76.50990295410156,162234000
2020-01-29,81.11250305175781,81.9625015258789,80.34500122070312,81.08499908447266,78.11144256591797,216229200
2020-01-30,80.13500213623047,81.02249908447266,79.6875,80.96749877929688,77.99823760986328,126743200
2020-01-31,80.23249816894531,80.66999816894531,77.07250213623047,77.37750244140625,74.5398941040039,199588400
2020-02-03,76.07499694824219,78.37249755859375,75.55500030517578,77.16500091552734,74.33518981933594,173788400
2020-02-04,78.82749938964844,79.91000366210938,78.40750122070312,79.7125015258789,76.78926849365234,136616400
2020-02-05,80.87999725341797,81.19000244140625,79.73750305175781,80.36250305175781,77.41543579101562,118826800
2020-02-06,80.64250183105469,81.30500030517578,80.06500244140625,81.30249786376953,78.32095336914062,105425600
2020-02-07,80.59249877929688,80.8499984741211,79.5,80.00749969482422,77.25637817382812,117684000
2020-02-10,78.54499816894531,80.38749694824219,78.4625015258789,80.38749694824219,77.623291015625,109348800
2020-02-11,80.9000015258789,80.9749984741211,79.67749786376953,79.90249633789062,77.15494537353516,94323200
2020-02-12,80.36750030517578,81.80500030517578,80.36750030517578,81.80000305175781,78.98722076416016,113730400
2020-02-13,81.04750061035156,81.55500030517578,80.8375015258789,81.21749877929688,78.42475128173828,94747600
2020-02-14,81.18499755859375,81.49500274658203,80.7125015258789,81.23750305175781,78.44407653808594,80113600
2020-02-18,78.83999633789062,79.9375,78.65249633789062,79.75,77.0077133178711,152531200
2020-02-19,80.0,81.14250183105469,80.0,80.90499877929688,78.12299346923828,93984000
2020-02-20,80.65750122070312,81.1624984741211,79.55249786376953,80.07499694824219,77.32154846191406,100566000
2020-02-21,79.65499877929688,80.11250305175781,77.625,78.26249694824219,75.57137298583984,129554000
2020-02-24,74.31500244140625,76.04499816894531,72.30750274658203,74.54499816894531,71.98170471191406,222195200
2020-02-25,75.23750305175781,75.63249969482422,71.53250122070312,72.0199966430664,69.54351806640625,230673600
2020-02-26,71.63249969482422,74.47000122070312,71.625,73.1624984741211,70.646728515625,198054800
2020-02-27,70.2750015258789,71.5,68.23999786376953,68.37999725341797,66.02869415283203,320605600
2020-02-28,64.31500244140625,69.60250091552734,64.09249877929688,68.33999633789062,65.99005889892578,426510000
2020-03-02,70.56999969482422,75.36000061035156,69.43000030517578,74.70249938964844,72.1337890625,341397200
2020-03-03,75.9175033569336,76.0,71.44999694824219,72.33000183105469,69.84286499023438,319475600
2020-03-04,74.11000061035156,75.8499984741211,73.28250122070312,75.68499755859375,73.08250427246094,219178400
2020-03-05,73.87999725341797,74.88749694824219,72.85250091552734,73.2300033569336,70.7119140625,187572800
2020-03-06,70.5,72.70500183105469,70.30750274658203,72.25749969482422,69.77283477783203,226176800
2020-03-09,65.9375,69.52249908447266,65.75,66.5425033569336,64.25439453125,286744800
2020-03-10,69.28500366210938,71.61000061035156,67.34249877929688,71.33499908447266,68.88208770751953,285290000
2020-03-11,69.34750366210938,70.30500030517578,67.96499633789062,68.85749816894531,66.48978424072266,255598800
2020-03-12,63.98500061035156,67.5,62.0,62.057498931884766,59.92359924316406,418474000
2020-03-13,66.22250366210938,69.9800033569336,63.23749923706055,69.49250030517578,67.10293579101562,370732000
2020-03-16,60.48749923706055,64.7699966430664,60.0,60.5525016784668,58.470340728759766,322423600
2020-03-17,61.87749862670898,64.40249633789062,59.59999847412109,63.21500015258789,61.04130172729492,324056000
2020-03-18,59.942501068115234,62.5,59.27999877929688,61.66749954223633,59.547000885009766,300233600
2020-03-19,61.84749984741211,63.209999084472656,60.65250015258789,61.19499969482422,59.09075164794922,271857200
2020-03-20,61.79499816894531,62.95750045776367,57.0,57.310001373291016,55.33934020996094,401693200
2020-03-23,57.02000045776367,57.125,53.15250015258789,56.09249877929688,54.16370391845703,336752800
2020-03-24,59.09000015258789,61.92250061035156,58.57500076293945,61.720001220703125,59.59769058227539,287531200
2020-03-25,62.6875,64.5625,61.07500076293945,61.380001068115234,59.26939010620117,303602000
2020-03-26,61.630001068115234,64.66999816894531,61.59000015258789,64.61000061035156,62.38833236694336,252087200
2020-03-27,63.1875,63.96749877929688,61.76250076293945,61.935001373291016,59.8053092956543,204216800
2020-03-30,62.685001373291016,63.880001068115234,62.34999847412109,63.70249938964844,61.51202392578125,167976400
2020-03-31,63.900001525878906,65.62249755859375,63.0,63.5724983215332,61.3864860534668,197002000
2020-04-01,61.625,62.18000030517578,59.782501220703125,60.227500915527344,58.156517028808594,176218400
2020-04-02,60.084999084472656,61.28749847412109,59.22499847412109,61.23249816894531,59.12696075439453,165934000
2020-04-03,60.70000076293945,61.42499923706055,59.74250030517578,60.352500915527344,58.27722930908203,129880000
2020-04-06,62.72499847412109,65.77749633789062,62.345001220703125,65.61750030517578,63.36118698120117,201820400
2020-04-07,67.69999694824219,67.92500305175781,64.75,64.85749816894531,62.6273078918457,202887200
2020-04-08,65.68499755859375,66.84249877929688,65.30750274658203,66.51750183105469,64.23023223876953,168895200
2020-04-09,67.17500305175781,67.51750183105469,66.17500305175781,66.99749755859375,64.69374084472656,161834800
2020-04-13,67.07749938964844,68.42500305175781,66.4574966430664,68.3125,65.96351623535156,131022800
2020-04-14,70.0,72.0625,69.51249694824219,71.76249694824219,69.29486083984375,194994800
2020-04-15,70.5999984741211,71.5824966430664,70.15750122070312,71.10749816894531,68.66239929199219,131154400
2020-04-16,71.84500122070312,72.05000305175781,70.5875015258789,71.67250061035156,69.20795440673828,157125200
2020-04-17,71.17250061035156,71.73750305175781,69.21499633789062,70.69999694824219,68.2689208984375,215250000
2020-04-20,69.48750305175781,70.41999816894531,69.2125015258789,69.23249816894531,66.85185241699219,130015200
2020-04-21,69.06999969482422,69.3125,66.35749816894531,67.09249877929688,64.78544616699219,180991600
2020-04-22,68.40249633789062,69.4749984741211,68.05000305175781,69.0250015258789,66.65151977539062,116862400
2020-04-23,68.96749877929688,70.4375,68.71749877929688,68.75749969482422,66.3932113647461,124814400
2020-04-24,69.30000305175781,70.75250244140625,69.25,70.74250030517578,68.30997467041016,126161200
2020-04-27,70.44999694824219,71.13500213623047,69.98750305175781,70.7925033569336,68.35824584960938,117087600
2020-04-28,71.2699966430664,71.4574966430664,69.55000305175781,69.6449966430664,67.25019073486328,112004800
2020-04-29,71.18250274658203,72.4175033569336,70.97250366210938,71.93250274658203,69.45903015136719,137280800
2020-04-30,72.48999786376953,73.63249969482422,72.0875015258789,73.44999694824219,70.92433166503906,183064000
2020-05-01,71.5625,74.75,71.4625015258789,72.26750183105469,69.78253173828125,240616800
2020-05-04,72.2925033569336,73.42250061035156,71.58000183105469,73.29000091552734,70.76985168457031,133568000
2020-05-05,73.76499938964844,75.25,73.61499786376953,74.38999938964844,71.83203887939453,147751200
2020-05-06,75.11499786376953,75.80999755859375,74.71749877929688,75.15750122070312,72.57312774658203,142333600
2020-05-07,75.80500030517578,76.2925033569336,75.49250030517578,75.93499755859375,73.32390594482422,115215200
2020-05-08,76.41000366210938,77.5875015258789,76.07250213623047,77.53250122070312,75.06913757324219,133838400
2020-05-11,77.0250015258789,79.26249694824219,76.80999755859375,78.75250244140625,76.2503662109375,145946400
2020-05-12,79.4574966430664,79.92250061035156,77.72750091552734,77.85250091552734,75.37895202636719,162301200
2020-05-13,78.0374984741211,78.98750305175781,75.80249786376953,76.9124984741211,74.46881866455078,200622400
2020-05-14,76.12750244140625,77.44750213623047,75.38249969482422,77.38500213623047,74.92632293701172,158929200
2020-05-15,75.0875015258789,76.9749984741211,75.05249786376953,76.92749786376953,74.48335266113281,166348400
2020-05-18,78.2925033569336,79.125,77.58000183105469,78.73999786376953,76.2382583618164,135178400
2020-05-19,78.75749969482422,79.62999725341797,78.25250244140625,78.28500366210938,75.7977294921875,101729600
2020-05-20,79.16999816894531,79.87999725341797,79.12999725341797,79.80750274658203,77.2718505859375,111504800
2020-05-21,79.66500091552734,80.22250366210938,78.96749877929688,79.2125015258789,76.69573974609375,102688800
2020-05-22,78.94249725341797,79.80750274658203,78.8375015258789,79.72250366210938,77.1895751953125,81803200
2020-05-26,80.875,81.05999755859375,79.125,79.18250274658203,76.66670989990234,125522000
2020-05-27,79.03500366210938,79.67749786376953,78.27249908447266,79.52749633789062,77.00074768066406,112945200
2020-05-28,79.19249725341797,80.86000061035156,78.90750122070312,79.5625,77.03462982177734,133560800
2020-05-29,79.8125,80.2874984741211,79.11750030517578,79.48500061035156,76.9595947265625,153532400
2020-06-01,79.4375,80.5875015258789,79.30249786376953,80.4625015258789,77.90604400634766,80791200
2020-06-02,80.1875,80.86000061035156,79.73249816894531,80.83499908447266,78.26671600341797,87642800
2020-06-03,81.16500091552734,81.55000305175781,80.57499694824219,81.27999877929688,78.69757080078125,104491200
2020-06-04,81.09750366210938,81.40499877929688,80.19499969482422,80.58000183105469,78.0197982788086,87560400
2020-06-05,80.8375015258789,82.9375,80.80750274658203,82.875,80.24190521240234,137250400
2020-06-08,82.5625,83.4000015258789,81.83000183105469,83.36499786376953,80.71631622314453,95654400
2020-06-09,83.03500366210938,86.40249633789062,83.00250244140625,85.99749755859375,83.26517486572266,147712400
2020-06-10,86.9749984741211,88.69249725341797,86.52249908447266,88.20999908447266,85.40737915039062,166651600
2020-06-11,87.32749938964844,87.76499938964844,83.87000274658203,83.9749984741211,81.30692291259766,201662400
2020-06-12,86.18000030517578,86.94999694824219,83.55500030517578,84.69999694824219,82.00890350341797,200146000
2020-06-15,83.3125,86.41999816894531,83.1449966430664,85.74749755859375,83.02311706542969,138808800
2020-06-16,87.86499786376953,88.30000305175781,86.18000030517578,88.0199966430664,85.22339630126953,165428800
2020-06-17,88.7874984741211,88.8499984741211,87.77249908447266,87.89749908447266,85.10482025146484,114406400
2020-06-18,87.85250091552734,88.36250305175781,87.30500030517578,87.93250274658203,85.13871765136719,96820400
2020-06-19,88.66000366210938,89.13999938964844,86.2874984741211,87.43000030517578,84.65219116210938,264476000
2020-06-22,87.83499908447266,89.86499786376953,87.7874984741211,89.71749877929688,86.86697387695312,135445200
2020-06-23,91.0,93.09500122070312,90.56749725341795,91.63249969482422,88.72113037109375,212155600
2020-06-24,91.25,92.19750213623048,89.62999725341797,90.01499938964844,87.1550521850586,192623200
2020-06-25,90.1750030517578,91.25,89.39250183105469,91.20999908447266,88.31205749511719,137522400
2020-06-26,91.10250091552734,91.33000183105467,88.25499725341797,88.40750122070312,85.59860229492188,205256800
2020-06-29,88.3125,90.5425033569336,87.81999969482422,90.44499969482422,87.57137298583984,130646000
2020-06-30,90.0199966430664,91.49500274658205,90.0,91.1999969482422,88.30238342285156,140223200
2020-07-01,91.27999877929688,91.83999633789062,90.97750091552734,91.02749633789062,88.13536071777344,110737200
2020-07-02,91.9625015258789,92.61750030517578,90.91000366210938,91.02749633789062,88.13536071777344,114041600
2020-07-06,92.5,93.94499969482422,92.46749877929688,93.4625015258789,90.49301147460938,118655600
2020-07-07,93.85250091552734,94.65499877929688,93.05750274658205,93.17250061035156,90.21223449707033,112424400
2020-07-08,94.18000030517578,95.375,94.08999633789062,95.34249877929688,92.31324768066406,117092000
2020-07-09,96.2624969482422,96.31749725341795,94.67250061035156,95.75250244140624,92.71024322509766,125642800
2020-07-10,95.33499908447266,95.9800033569336,94.70500183105467,95.91999816894533,92.8724136352539,90257200
2020-07-13,97.26499938964844,99.95500183105467,95.25749969482422,95.47750091552734,92.44398498535156,191649200
2020-07-14,94.83999633789062,97.25499725341795,93.87750244140624,97.05750274658205,93.97379302978516,170989200
2020-07-15,98.98999786376952,99.24749755859376,96.48999786376952,97.7249984741211,94.6200714111328,153198000
2020-07-16,96.5625,97.40499877929688,95.90499877929688,96.52249908447266,93.45577239990234,110577600
2020-07-17,96.9875030517578,97.14749908447266,95.83999633789062,96.32749938964844,93.26697540283205,92186800
2020-07-20,96.4175033569336,98.5,96.0625,98.35749816894533,95.23248291015624,90318000
2020-07-21,99.17250061035156,99.25,96.74250030517578,97.0,93.91810607910156,103433200
2020-07-22,96.69249725341795,97.9749984741211,96.60250091552734,97.27249908447266,94.18194580078124,89001600
2020-07-23,96.99749755859376,97.07749938964844,92.01000213623048,92.84500122070312,89.89511108398438,197004400
2020-07-24,90.9875030517578,92.97000122070312,89.1449966430664,92.61499786376952,89.67242431640625,185438800
2020-07-27,93.70999908447266,94.90499877929688,93.4800033569336,94.80999755859376,91.79768371582033,121214000
2020-07-28,94.36750030517578,94.5500030517578,93.24749755859376,93.25250244140624,90.28966522216795,103625600
2020-07-29,93.75,95.2300033569336,93.7125015258789,95.04000091552734,92.02040100097656,90329200
2020-07-30,94.1875,96.29750061035156,93.76750183105467,96.19000244140624,93.1338348388672,158130000
2020-07-31,102.88500213623048,106.41500091552734,100.8249969482422,106.26000213623048,102.88390350341795,374336800
2020-08-03,108.1999969482422,111.6374969482422,107.89250183105467,108.9375,105.47632598876952,308151200
2020-08-04,109.13249969482422,110.79000091552734,108.3874969482422,109.66500091552734,106.18071746826172,173071600
2020-08-05,109.37750244140624,110.39250183105467,108.89749908447266,110.0625,106.5655746459961,121776800
2020-08-06,110.40499877929688,114.4124984741211,109.79750061035156,113.90249633789062,110.2835693359375,202428800
2020-08-07,113.20500183105467,113.6750030517578,110.2925033569336,111.1125030517578,107.77618408203124,198045600
2020-08-10,112.5999984741211,113.7750015258789,110.0,112.72750091552734,109.34270477294922,212403600
2020-08-11,111.97000122070312,112.48249816894533,109.10749816894533,109.375,106.0908660888672,187902400
2020-08-12,110.49749755859376,113.2750015258789,110.29750061035156,113.01000213623048,109.61672973632812,165598000
2020-08-13,114.43000030517578,116.0425033569336,113.92749786376952,115.01000213623048,111.5566864013672,210082000
2020-08-14,114.83000183105467,115.0,113.04499816894533,114.90750122070312,111.4572525024414,165565200
2020-08-17,116.0625,116.0875015258789,113.9625015258789,114.60749816894533,111.166259765625,119561600
2020-08-18,114.35250091552734,116.0,114.00749969482422,115.5625,112.0925750732422,105633600
2020-08-19,115.98249816894533,117.1624984741211,115.61000061035156,115.7074966430664,112.23322296142578,145538000
2020-08-20,115.75,118.39250183105467,115.73249816894533,118.2750015258789,114.7236328125,126907200
2020-08-21,119.2624969482422,124.86750030517578,119.25,124.37000274658205,120.6356201171875,338054800
2020-08-24,128.69749450683594,128.78500366210938,123.9375,125.85749816894533,122.07844543457033,345937600
2020-08-25,124.69750213623048,125.18000030517578,123.05249786376952,124.8249969482422,121.07694244384766,211495600
2020-08-26,126.18000030517578,126.99250030517578,125.0824966430664,126.52249908447266,122.72350311279295,163022400
2020-08-27,127.14250183105467,127.48500061035156,123.8324966430664,125.01000213623048,121.25640106201172,155552400
2020-08-28,126.0124969482422,126.44249725341795,124.57749938964844,124.80750274658205,121.0600128173828,187630000
2020-08-31,127.58000183105467,131.0,126.0,129.0399932861328,125.1653823852539,225702700
2020-09-01,132.75999450683594,134.8000030517578,130.52999877929688,134.17999267578125,130.15103149414062,151948100
2020-09-02,137.58999633789062,137.97999572753906,127.0,131.39999389648438,127.45452880859376,200119000
2020-09-03,126.91000366210938,128.83999633789062,120.5,120.87999725341795,117.25041198730467,257599600
2020-09-04,120.06999969482422,123.6999969482422,110.88999938964844,120.95999908447266,117.32799530029295,332607200
2020-09-08,113.9499969482422,118.98999786376952,112.68000030517578,112.81999969482422,109.43242645263672,231366600
2020-09-09,117.26000213623048,119.13999938964844,115.26000213623048,117.31999969482422,113.79728698730467,176940500
2020-09-10,120.36000061035156,120.5,112.5,113.48999786376952,110.0823211669922,182274400
2020-09-11,114.56999969482422,115.2300033569336,110.0,112.0,108.63703918457033,180860300
2020-09-14,114.72000122070312,115.93000030517578,112.8000030517578,115.36000061035156,111.89614868164062,140150100
2020-09-15,118.33000183105467,118.83000183105467,113.61000061035156,115.54000091552734,112.07074737548828,184642000
2020-09-16,115.2300033569336,116.0,112.04000091552734,112.12999725341795,108.76314544677734,154679000
2020-09-17,109.72000122070312,112.1999969482422,108.70999908447266,110.33999633789062,107.02688598632812,178011000
2020-09-18,110.4000015258789,110.87999725341795,106.08999633789062,106.83999633789062,103.63197326660156,287104900
2020-09-21,104.54000091552734,110.19000244140624,103.0999984741211,110.08000183105467,106.77471160888672,195713800
2020-09-22,112.68000030517578,112.86000061035156,109.16000366210938,111.80999755859376,108.4527587890625,183055400
2020-09-23,111.62000274658205,112.11000061035156,106.7699966430664,107.12000274658205,103.9035873413086,150718700
2020-09-24,105.16999816894533,110.25,105.0,108.22000122070312,104.97052764892578,167743300
2020-09-25,108.43000030517578,112.44000244140624,107.66999816894533,112.27999877929688,108.90863800048828,149981400
2020-09-28,115.01000213623048,115.31999969482422,112.77999877929688,114.95999908447266,111.50816345214844,137672400
2020-09-29,114.5500030517578,115.30999755859376,113.56999969482422,114.08999633789062,110.66429138183594,99382200
2020-09-30,113.79000091552734,117.26000213623048,113.62000274658205,115.80999755859376,112.3326416015625,142675200
2020-10-01,117.63999938964844,117.72000122070312,115.83000183105467,116.79000091552734,113.2832260131836,116120400
2020-10-02,112.88999938964844,115.37000274658205,112.22000122070312,113.0199966430664,109.62642669677734,144712000
2020-10-05,113.91000366210938,116.6500015258789,113.5500030517578,116.5,113.0019302368164,106243800
2020-10-06,115.6999969482422,116.12000274658205,112.25,113.16000366210938,109.76222229003906,161498200
2020-10-07,114.62000274658205,115.5500030517578,114.12999725341795,115.08000183105467,111.6245574951172,96849000
2020-10-08,116.25,116.4000015258789,114.58999633789062,114.97000122070312,111.5178680419922,83477200
2020-10-09,115.27999877929688,117.0,114.91999816894533,116.97000122070312,113.45783233642578,100506900
2020-10-12,120.05999755859376,125.18000030517578,119.27999877929688,124.4000015258789,120.66471099853516,240226800
2020-10-13,125.2699966430664,125.38999938964844,119.6500015258789,121.0999984741211,117.46381378173828,262330500
2020-10-14,121.0,123.02999877929688,119.62000274658205,121.19000244140624,117.55111694335938,150712000
2020-10-15,118.72000122070312,121.1999969482422,118.1500015258789,120.70999908447266,117.08551788330078,112559200
2020-10-16,121.27999877929688,121.5500030517578,118.80999755859376,119.0199966430664,115.4462661743164,115393800
2020-10-19,119.95999908447266,120.41999816894533,115.66000366210938,115.9800033569336,112.49755859375,120639300
2020-10-20,116.1999969482422,118.9800033569336,115.62999725341795,117.51000213623048,113.98160552978516,124423700
2020-10-21,116.66999816894533,118.70999908447266,116.4499969482422,116.87000274658205,113.3608169555664,89946000
2020-10-22,117.4499969482422,118.04000091552734,114.58999633789062,115.75,112.27446746826172,101988000
2020-10-23,116.38999938964844,116.5500030517578,114.27999877929688,115.04000091552734,111.58576965332033,82572600
2020-10-26,114.01000213623048,116.5500030517578,112.87999725341795,115.0500030517578,111.59548950195312,111850700
2020-10-27,115.48999786376952,117.27999877929688,114.54000091552734,116.5999984741211,113.09891510009766,92276800
2020-10-28,115.0500030517578,115.43000030517578,111.0999984741211,111.1999969482422,107.8610610961914,143937800
2020-10-29,112.37000274658205,116.93000030517578,112.1999969482422,115.31999969482422,111.85735321044922,146129200
2020-10-30,111.05999755859376,111.98999786376952,107.72000122070312,108.86000061035156,105.59133911132812,190272600
2020-11-02,109.11000061035156,110.68000030517578,107.31999969482422,108.7699966430664,105.5040283203125,122866900
2020-11-03,109.66000366210938,111.48999786376952,108.7300033569336,110.44000244140624,107.12390899658205,107624400
2020-11-04,114.13999938964844,115.58999633789062,112.3499984741211,114.9499969482422,111.49847412109376,138235500
2020-11-05,117.9499969482422,119.62000274658205,116.87000274658205,119.02999877929688,115.45594787597656,126387100
2020-11-06,118.31999969482422,119.1999969482422,116.12999725341795,118.69000244140624,115.32479858398438,114457900
2020-11-09,120.5,121.98999786376952,116.0500030517578,116.31999969482422,113.0219955444336,154515300
2020-11-10,115.5500030517578,117.58999633789062,114.12999725341795,115.97000122070312,112.6819076538086,138023400
2020-11-11,117.19000244140624,119.62999725341795,116.44000244140624,119.48999786376952,116.1020965576172,112295000
2020-11-12,119.62000274658205,120.52999877929688,118.56999969482422,119.20999908447266,115.83004760742188,103162300
2020-11-13,119.44000244140624,119.66999816894533,117.87000274658205,119.26000213623048,115.87860107421876,81581900
2020-11-16,118.91999816894533,120.98999786376952,118.1500015258789,120.3000030517578,116.88915252685548,91183000
2020-11-17,119.5500030517578,120.66999816894533,118.95999908447266,119.38999938964844,116.00494384765624,74271000
2020-11-18,118.61000061035156,119.81999969482422,118.0,118.02999877929688,114.6834945678711,76322100
2020-11-19,117.58999633789062,119.05999755859376,116.80999755859376,118.63999938964844,115.27620697021484,74113000
2020-11-20,118.63999938964844,118.7699966430664,117.29000091552734,117.33999633789062,114.0130615234375,73604300
2020-11-23,117.18000030517578,117.62000274658205,113.75,113.8499984741211,110.6220245361328,127959300
2020-11-24,113.91000366210938,115.8499984741211,112.58999633789062,115.16999816894533,111.9045867919922,113874200
2020-11-25,115.5500030517578,116.75,115.16999816894533,116.02999877929688,112.7402114868164,76499200
2020-11-27,116.56999969482422,117.48999786376952,116.22000122070312,116.58999633789062,113.2843246459961,46691300
2020-11-30,116.97000122070312,120.97000122070312,116.80999755859376,119.0500030517578,115.6745834350586,169410200
2020-12-01,121.01000213623048,123.47000122070312,120.01000213623048,122.72000122070312,119.24051666259766,127728200
2020-12-02,122.0199966430664,123.37000274658205,120.88999938964844,123.08000183105467,119.59031677246094,89004200
2020-12-03,123.5199966430664,123.77999877929688,122.20999908447266,122.94000244140624,119.45429229736328,78967600
2020-12-04,122.5999984741211,122.86000061035156,121.5199966430664,122.25,118.78386688232422,78260400
2020-12-07,122.30999755859376,124.56999969482422,122.25,123.75,120.2413330078125,86712000
2020-12-08,124.37000274658205,124.9800033569336,123.08999633789062,124.37999725341795,120.85345458984376,82225500
2020-12-09,124.52999877929688,125.9499969482422,121.0,121.77999877929688,118.3271713256836,115089200
2020-12-10,120.5,123.87000274658205,120.1500015258789,123.23999786376952,119.74579620361328,81312200
2020-12-11,122.43000030517578,122.76000213623048,120.5500030517578,122.41000366210938,118.93931579589844,86939800
2020-12-14,122.5999984741211,123.3499984741211,121.54000091552734,121.77999877929688,118.3271713256836,79184500
2020-12-15,124.33999633789062,127.9000015258789,124.12999725341795,127.87999725341795,124.25421905517578,157243700
2020-12-16,127.41000366210938,128.3699951171875,126.55999755859376,127.80999755859376,124.18621063232422,98208600
2020-12-17,128.89999389648438,129.5800018310547,128.0399932861328,128.6999969482422,125.0510025024414,94359800
2020-12-18,128.9600067138672,129.10000610351562,126.12000274658205,126.66000366210938,123.0688247680664,192541500
2020-12-21,125.0199966430664,128.30999755859375,123.4499969482422,128.22999572753906,124.5942840576172,121251600
2020-12-22,131.61000061035156,134.41000366210938,129.64999389648438,131.8800048828125,128.1408233642578,168904800
2020-12-23,132.16000366210938,132.42999267578125,130.77999877929688,130.9600067138672,127.2469253540039,88223700
2020-12-24,131.32000732421875,133.4600067138672,131.10000610351562,131.97000122070312,128.228271484375,54930100
2020-12-28,133.99000549316406,137.33999633789062,133.50999450683594,136.69000244140625,132.81442260742188,124486200
2020-12-29,138.0500030517578,138.7899932861328,134.33999633789062,134.8699951171875,131.04600524902344,121047300
2020-12-30,135.5800018310547,135.99000549316406,133.39999389648438,133.72000122070312,129.92864990234375,96452100
2020-12-31,134.0800018310547,134.74000549316406,131.72000122070312,132.69000244140625,128.9278564453125,99116600
2021-01-04,133.52000427246094,133.61000061035156,126.76000213623048,129.41000366210938,125.74083709716795,143301900
2021-01-05,128.88999938964844,131.74000549316406,128.42999267578125,131.00999450683594,127.29544830322266,97664900
2021-01-06,127.72000122070312,131.0500030517578,126.37999725341795,126.5999984741211,123.0105209350586,155088000
2021-01-07,128.36000061035156,131.6300048828125,127.86000061035156,130.9199981689453,127.2080307006836,109578200
2021-01-08,132.42999267578125,132.6300048828125,130.22999572753906,132.0500030517578,128.3060302734375,105158200
2021-01-11,129.19000244140625,130.1699981689453,128.5,128.97999572753906,125.32302856445312,100384500
2021-01-12,128.5,129.69000244140625,126.86000061035156,128.8000030517578,125.14815521240234,91951100
2021-01-13,128.75999450683594,131.4499969482422,128.49000549316406,130.88999938964844,127.17889404296876,88636800
2021-01-14,130.8000030517578,131.0,128.75999450683594,128.91000366210938,125.2550277709961,90221800
2021-01-15,128.77999877929688,130.22000122070312,127.0,127.13999938964844,123.53521728515624,111598500
2021-01-19,127.77999877929688,128.7100067138672,126.94000244140624,127.83000183105467,124.20562744140624,90757300
2021-01-20,128.66000366210938,132.49000549316406,128.5500030517578,132.02999877929688,128.28656005859375,104319500
2021-01-21,133.8000030517578,139.6699981689453,133.58999633789062,136.8699951171875,132.98931884765625,120150900
2021-01-22,136.27999877929688,139.85000610351562,135.02000427246094,139.07000732421875,135.126953125,114459400
2021-01-25,143.07000732421875,145.08999633789062,136.5399932861328,142.9199981689453,138.8677978515625,157611700
2021-01-26,143.60000610351562,144.3000030517578,141.3699951171875,143.16000366210938,139.10101318359375,98390600
2021-01-27,143.42999267578125,144.3000030517578,140.41000366210938,142.05999755859375,138.03216552734375,140843800
2021-01-28,139.52000427246094,141.99000549316406,136.6999969482422,137.08999633789062,133.20309448242188,142621100
2021-01-29,135.8300018310547,136.74000549316406,130.2100067138672,131.9600067138672,128.2185821533203,177523800
2021-02-01,133.75,135.3800048828125,130.92999267578125,134.13999938964844,130.3367156982422,106239800
2021-02-02,135.72999572753906,136.30999755859375,134.61000061035156,134.99000549316406,131.1626739501953,83305400
2021-02-03,135.75999450683594,135.77000427246094,133.61000061035156,133.94000244140625,130.1424102783203,89880900
2021-02-04,136.3000030517578,137.39999389648438,134.58999633789062,137.38999938964844,133.49456787109375,84183100
2021-02-05,137.35000610351562,137.4199981689453,135.86000061035156,136.75999450683594,133.08096313476562,75693800
2021-02-08,136.02999877929688,136.9600067138672,134.9199981689453,136.91000366210938,133.2270050048828,71297200
2021-02-09,136.6199951171875,137.8800048828125,135.85000610351562,136.00999450683594,132.3511505126953,76774200
2021-02-10,136.47999572753906,136.99000549316406,134.39999389648438,135.38999938964844,131.74790954589844,73046600
2021-02-11,135.89999389648438,136.38999938964844,133.77000427246094,135.1300048828125,131.49488830566406,64280000
2021-02-12,134.35000610351562,135.52999877929688,133.69000244140625,135.3699951171875,131.72840881347656,60145100
2021-02-16,135.49000549316406,136.00999450683594,132.7899932861328,133.19000244140625,129.6070556640625,80576300
2021-02-17,131.25,132.22000122070312,129.47000122070312,130.83999633789062,127.3202667236328,97918500
2021-02-18,129.1999969482422,130.0,127.41000366210938,129.7100067138672,126.22069549560548,96856700
2021-02-19,130.24000549316406,130.7100067138672,128.8000030517578,129.8699951171875,126.37633514404295,87668800
2021-02-22,128.00999450683594,129.72000122070312,125.5999984741211,126.0,122.6104736328125,103916400
2021-02-23,123.76000213623048,126.70999908447266,118.38999938964844,125.86000061035156,122.4742431640625,158273000
2021-02-24,124.94000244140624,125.55999755859376,122.2300033569336,125.3499984741211,121.97795867919922,111039900
2021-02-25,124.68000030517578,126.45999908447266,120.54000091552734,120.98999786376952,117.73523712158205,148199500
2021-02-26,122.58999633789062,124.8499984741211,121.1999969482422,121.26000213623048,117.99799346923828,164560400
2021-03-01,123.75,127.93000030517578,122.79000091552734,127.79000091552734,124.35232543945312,116307900
2021-03-02,128.41000366210938,128.72000122070312,125.01000213623048,125.12000274658205,121.75414276123048,102260900
2021-03-03,124.80999755859376,125.70999908447266,121.83999633789062,122.05999755859376,118.77643585205078,112966300
2021-03-04,121.75,123.5999984741211,118.62000274658205,120.12999725341795,116.8983917236328,178155000
2021-03-05,120.9800033569336,121.94000244140624,117.56999969482422,121.41999816894533,118.1536865234375,153766600
2021-03-08,120.93000030517578,121.0,116.20999908447266,116.36000061035156,113.22981262207033,154376600
2021-03-09,119.02999877929688,122.05999755859376,118.79000091552734,121.08999633789062,117.83257293701172,129525800
2021-03-10,121.69000244140624,122.16999816894533,119.4499969482422,119.9800033569336,116.75243377685548,111943300
2021-03-11,122.54000091552734,123.20999908447266,121.26000213623048,121.95999908447266,118.67916870117188,103026500
2021-03-12,120.4000015258789,121.16999816894533,119.16000366210938,121.02999877929688,117.77417755126952,88105100
2021-03-15,121.41000366210938,124.0,120.41999816894533,123.98999786376952,120.65455627441406,92403800
2021-03-16,125.6999969482422,127.22000122070312,124.72000122070312,125.56999969482422,122.19206237792967,115227900
2021-03-17,124.0500030517578,125.86000061035156,122.33999633789062,124.76000213623048,121.4038314819336,111932600
2021-03-18,122.87999725341795,123.18000030517578,120.31999969482422,120.52999877929688,117.28763580322266,121229700
2021-03-19,119.9000015258789,121.43000030517578,119.68000030517578,119.98999786376952,116.76213073730467,185549500
2021-03-22,120.33000183105467,123.87000274658205,120.26000213623048,123.38999938964844,120.0706787109375,111912300
2021-03-23,123.33000183105467,124.23999786376952,122.13999938964844,122.54000091552734,119.24356842041016,95467100
2021-03-24,122.81999969482422,122.9000015258789,120.06999969482422,120.08999633789062,116.85946655273438,88530500
2021-03-25,119.54000091552734,121.66000366210938,119.0,120.58999633789062,117.34600830078124,98844700
2021-03-26,120.3499984741211,121.4800033569336,118.91999816894533,121.20999908447266,117.9493408203125,94071200
2021-03-29,121.6500015258789,122.58000183105467,120.7300033569336,121.38999938964844,118.1244888305664,80819200
2021-03-30,120.11000061035156,120.4000015258789,118.86000061035156,119.9000015258789,116.6745834350586,85671900
2021-03-31,121.6500015258789,123.5199966430664,121.1500015258789,122.1500015258789,118.86405181884766,118323800
2021-04-01,123.66000366210938,124.18000030517578,122.48999786376952,123.0,119.6911849975586,75089100
2021-04-05,123.87000274658205,126.16000366210938,123.06999969482422,125.9000015258789,122.5131607055664,88651200
2021-04-06,126.5,127.12999725341795,125.6500015258789,126.20999908447266,122.81482696533205,80171300
2021-04-07,125.83000183105467,127.91999816894533,125.13999938964844,127.9000015258789,124.45936584472656,83466700
2021-04-08,128.9499969482422,130.38999938964844,128.52000427246094,130.36000061035156,126.85317993164062,88844600
2021-04-09,129.8000030517578,133.0399932861328,129.47000122070312,133.0,129.42218017578125,106686700
2021-04-12,132.52000427246094,132.85000610351562,130.6300048828125,131.24000549316406,127.70953369140624,91420000
2021-04-13,132.44000244140625,134.66000366210938,131.92999267578125,134.42999267578125,130.813720703125,91266500
2021-04-14,134.94000244140625,135.0,131.66000366210938,132.02999877929688,128.47824096679688,87222800
2021-04-15,133.82000732421875,135.0,133.63999938964844,134.5,130.8818359375,89347100
2021-04-16,134.3000030517578,134.6699981689453,133.27999877929688,134.16000366210938,130.55099487304688,84922400
2021-04-19,133.50999450683594,135.47000122070312,133.33999633789062,134.83999633789062,131.21263122558594,94264200
2021-04-20,135.02000427246094,135.52999877929688,131.80999755859375,133.11000061035156,129.52919006347656,94812300
2021-04-21,132.36000061035156,133.75,131.3000030517578,133.5,129.9087371826172,68847100
2021-04-22,133.0399932861328,134.14999389648438,131.41000366210938,131.94000244140625,128.3907012939453,84566500
2021-04-23,132.16000366210938,135.1199951171875,132.16000366210938,134.32000732421875,130.70668029785156,78657500
2021-04-26,134.8300018310547,135.05999755859375,133.55999755859375,134.72000122070312,131.09591674804688,66905100
2021-04-27,135.00999450683594,135.41000366210938,134.11000061035156,134.38999938964844,130.7747802734375,66015800
2021-04-28,134.30999755859375,135.02000427246094,133.0800018310547,133.5800018310547,129.9865264892578,107760100
2021-04-29,136.47000122070312,137.07000732421875,132.4499969482422,133.47999572753906,129.88929748535156,151101000
2021-04-30,131.77999877929688,133.55999755859375,131.07000732421875,131.4600067138672,127.92361450195312,109839500
2021-05-03,132.0399932861328,134.07000732421875,131.8300018310547,132.5399932861328,128.9745635986328,75135100
2021-05-04,131.19000244140625,131.49000549316406,126.6999969482422,127.8499984741211,124.41070556640624,137564700
2021-05-05,129.1999969482422,130.4499969482422,127.97000122070312,128.10000610351562,124.65399169921876,84000900
2021-05-06,127.88999938964844,129.75,127.12999725341795,129.74000549316406,126.24987030029295,78128300
2021-05-07,130.85000610351562,131.25999450683594,129.47999572753906,130.2100067138672,126.92245483398438,78973300
2021-05-10,129.41000366210938,129.5399932861328,126.80999755859376,126.8499984741211,123.64727020263672,88071200
2021-05-11,123.5,126.2699966430664,122.7699966430664,125.91000366210938,122.73101043701172,126142800
2021-05-12,123.4000015258789,124.63999938964844,122.25,122.7699966430664,119.6702880859375,112172300
2021-05-13,124.58000183105467,126.1500015258789,124.26000213623048,124.97000122070312,121.8147430419922,105861300
2021-05-14,126.25,127.88999938964844,125.8499984741211,127.4499969482422,124.2321319580078,81918000
2021-05-17,126.81999969482422,126.93000030517578,125.16999816894533,126.2699966430664,123.0819091796875,74244600
2021-05-18,126.55999755859376,126.98999786376952,124.77999877929688,124.8499984741211,121.69776916503906,63342900
2021-05-19,123.16000366210938,124.91999816894533,122.86000061035156,124.69000244140624,121.54181671142578,92612000
2021-05-20,125.2300033569336,127.72000122070312,125.0999984741211,127.30999755859376,124.09564208984376,76857100
2021-05-21,127.81999969482422,128.0,125.20999908447266,125.43000030517578,122.2631378173828,79295400
2021-05-24,126.01000213623048,127.94000244140624,125.94000244140624,127.0999984741211,123.89096069335938,63092900
2021-05-25,127.81999969482422,128.32000732421875,126.31999969482422,126.9000015258789,123.69600677490234,72009500
2021-05-26,126.95999908447266,127.38999938964844,126.41999816894533,126.8499984741211,123.64727020263672,56575900
2021-05-27,126.44000244140624,127.63999938964844,125.08000183105467,125.27999877929688,122.1169204711914,94625600
2021-05-28,125.56999969482422,125.8000030517578,124.5500030517578,124.61000061035156,121.46382904052734,71311100
2021-06-01,125.08000183105467,125.3499984741211,123.94000244140624,124.27999877929688,121.14217376708984,67637100
2021-06-02,124.27999877929688,125.23999786376952,124.0500030517578,125.05999755859376,121.90245056152344,59278900
2021-06-03,124.68000030517578,124.8499984741211,123.12999725341795,123.54000091552734,120.42086029052734,76229200
2021-06-04,124.06999969482422,126.16000366210938,123.8499984741211,125.88999938964844,122.71153259277344,75169300
2021-06-07,126.16999816894533,126.31999969482422,124.83000183105467,125.9000015258789,122.72126770019533,71057600
2021-06-08,126.5999984741211,128.4600067138672,126.20999908447266,126.73999786376952,123.54005432128906,74403800
2021-06-09,127.20999908447266,127.75,126.5199966430664,127.12999725341795,123.92020416259766,56877900
2021-06-10,127.0199966430664,128.19000244140625,125.94000244140624,126.11000061035156,122.92595672607422,71186400
2021-06-11,126.52999877929688,127.44000244140624,126.0999984741211,127.3499984741211,124.1346664428711,53522400
2021-06-14,127.81999969482422,130.5399932861328,127.06999969482422,130.47999572753906,127.1856460571289,96906500
2021-06-15,129.94000244140625,130.60000610351562,129.38999938964844,129.63999938964844,126.36685943603516,62746300
2021-06-16,130.3699951171875,130.88999938964844,128.4600067138672,130.14999389648438,126.86395263671876,91815000
2021-06-17,129.8000030517578,132.5500030517578,129.64999389648438,131.7899932861328,128.46253967285156,96721700
2021-06-18,130.7100067138672,131.50999450683594,130.24000549316406,130.4600067138672,127.16609954833984,108953300
2021-06-21,130.3000030517578,132.41000366210938,129.2100067138672,132.3000030517578,128.95970153808594,79663300
2021-06-22,132.1300048828125,134.0800018310547,131.6199951171875,133.97999572753906,130.59725952148438,74783600
2021-06-23,133.77000427246094,134.32000732421875,133.22999572753906,133.6999969482422,130.3243408203125,60214200
2021-06-24,134.4499969482422,134.63999938964844,132.92999267578125,133.41000366210938,130.0416717529297,68711000
2021-06-25,133.4600067138672,133.88999938964844,132.80999755859375,133.11000061035156,129.74920654296875,70783700
2021-06-28,133.41000366210938,135.25,133.35000610351562,134.77999877929688,131.3770751953125,62111300
2021-06-29,134.8000030517578,136.49000549316406,134.35000610351562,136.3300018310547,132.88792419433594,64556100
2021-06-30,136.1699981689453,137.41000366210938,135.8699951171875,136.9600067138672,133.50204467773438,63261400
2021-07-01,136.60000610351562,137.3300018310547,135.75999450683594,137.27000427246094,133.80418395996094,52485800
2021-07-02,137.89999389648438,140.0,137.75,139.9600067138672,136.42628479003906,78852600
2021-07-06,140.07000732421875,143.14999389648438,140.07000732421875,142.02000427246094,138.4342803955078,108181800
2021-07-07,143.5399932861328,144.88999938964844,142.66000366210938,144.57000732421875,140.91989135742188,104911600
2021-07-08,141.5800018310547,144.05999755859375,140.6699981689453,143.24000549316406,139.62347412109375,105575500
2021-07-09,142.75,145.64999389648438,142.64999389648438,145.11000061035156,141.44625854492188,99890800
2021-07-12,146.2100067138672,146.32000732421875,144.0,144.5,140.85169982910156,76299700
2021-07-13,144.02999877929688,147.4600067138672,143.6300048828125,145.63999938964844,141.9628448486328,100827100
2021-07-14,148.10000610351562,149.57000732421875,147.67999267578125,149.14999389648438,145.3842315673828,127050800
2021-07-15,149.24000549316406,150.0,147.08999633789062,148.47999572753906,144.73117065429688,106820300
2021-07-16,148.4600067138672,149.75999450683594,145.8800048828125,146.38999938964844,142.6939239501953,93251400
2021-07-19,143.75,144.07000732421875,141.6699981689453,142.4499969482422,138.85342407226562,121434600
2021-07-20,143.4600067138672,147.10000610351562,142.9600067138672,146.14999389648438,142.45999145507812,96350000
2021-07-21,145.52999877929688,146.1300048828125,144.6300048828125,145.39999389648438,141.72894287109375,74993500
2021-07-22,145.94000244140625,148.1999969482422,145.80999755859375,146.8000030517578,143.09359741210938,77338200
2021-07-23,147.5500030517578,148.72000122070312,146.9199981689453,148.55999755859375,144.80914306640625,71447400
2021-07-26,148.27000427246094,149.8300018310547,147.6999969482422,148.99000549316406,145.22830200195312,72434100
2021-07-27,149.1199951171875,149.2100067138672,145.5500030517578,146.77000427246094,143.06436157226562,104818600
2021-07-28,144.80999755859375,146.97000122070312,142.5399932861328,144.97999572753906,141.3195343017578,118931200
2021-07-29,144.69000244140625,146.5500030517578,144.5800018310547,145.63999938964844,141.9628448486328,56699500
2021-07-30,144.3800048828125,146.3300018310547,144.11000061035156,145.86000061035156,142.1772918701172,70440600
2021-08-02,146.36000061035156,146.9499969482422,145.25,145.52000427246094,141.84588623046875,62880000
2021-08-03,145.80999755859375,148.0399932861328,145.17999267578125,147.36000061035156,143.63941955566406,64786600
2021-08-04,147.27000427246094,147.7899932861328,146.27999877929688,146.9499969482422,143.23980712890625,56368300
2021-08-05,146.97999572753906,147.83999633789062,146.1699981689453,147.05999755859375,143.34701538085938,46397700
2021-08-06,146.35000610351562,147.11000061035156,145.6300048828125,146.13999938964844,142.66366577148438,54126800
2021-08-09,146.1999969482422,146.6999969482422,145.52000427246094,146.08999633789062,142.6148681640625,48908700
2021-08-10,146.44000244140625,147.7100067138672,145.3000030517578,145.60000610351562,142.13653564453125,69023100
2021-08-11,146.0500030517578,146.72000122070312,145.52999877929688,145.86000061035156,142.3903045654297,48493500
2021-08-12,146.19000244140625,149.0500030517578,145.83999633789062,148.88999938964844,145.34825134277344,72282600
2021-08-13,148.97000122070312,149.44000244140625,148.27000427246094,149.10000610351562,145.55325317382812,59375000
2021-08-16,148.5399932861328,151.19000244140625,146.47000122070312,151.1199951171875,147.5252227783203,103296000
2021-08-17,150.22999572753906,151.67999267578125,149.08999633789062,150.19000244140625,146.61734008789062,92229700
2021-08-18,149.8000030517578,150.72000122070312,146.14999389648438,146.36000061035156,142.8784942626953,86326000
2021-08-19,145.02999877929688,148.0,144.5,146.6999969482422,143.21034240722656,86960300
2021-08-20,147.44000244140625,148.5,146.77999877929688,148.19000244140625,144.66490173339844,60549600
2021-08-23,148.30999755859375,150.19000244140625,147.88999938964844,149.7100067138672,146.1487274169922,60131800
2021-08-24,149.4499969482422,150.86000061035156,149.14999389648438,149.6199951171875,146.0609130859375,48606400
2021-08-25,149.80999755859375,150.32000732421875,147.8000030517578,148.36000061035156,144.8308868408203,58991300
2021-08-26,148.35000610351562,149.1199951171875,147.50999450683594,147.5399932861328,144.03036499023438,48597200
2021-08-27,147.47999572753906,148.75,146.8300018310547,148.60000610351562,145.06515502929688,55802400
2021-08-30,149.0,153.49000549316406,148.61000061035156,153.1199951171875,149.47763061523438,90956700
2021-08-31,152.66000366210938,152.8000030517578,151.2899932861328,151.8300018310547,148.21829223632812,86453100
2021-09-01,152.8300018310547,154.97999572753906,152.33999633789062,152.50999450683594,148.88209533691406,80313700
2021-09-02,153.8699951171875,154.72000122070312,152.39999389648438,153.64999389648438,149.99502563476562,71115500
2021-09-03,153.75999450683594,154.6300048828125,153.08999633789062,154.3000030517578,150.62957763671875,57808700
2021-09-07,154.97000122070312,157.25999450683594,154.38999938964844,156.69000244140625,152.96273803710938,82278300
2021-09-08,156.97999572753906,157.0399932861328,153.97999572753906,155.11000061035156,151.42027282714844,74420200
2021-09-09,155.49000549316406,156.11000061035156,153.9499969482422,154.07000732421875,150.40505981445312,57305700
2021-09-10,155.0,155.47999572753906,148.6999969482422,148.97000122070312,145.42636108398438,140893200
2021-09-13,150.6300048828125,151.4199981689453,148.75,149.5500030517578,145.99253845214844,102404300
2021-09-14,150.35000610351562,151.07000732421875,146.91000366210938,148.1199951171875,144.59654235839844,109296300
2021-09-15,148.55999755859375,149.44000244140625,146.3699951171875,149.02999877929688,145.48492431640625,83281300
2021-09-16,148.44000244140625,148.97000122070312,147.22000122070312,148.7899932861328,145.25064086914062,68034100
2021-09-17,148.82000732421875,148.82000732421875,145.75999450683594,146.05999755859375,142.5855712890625,129868800
2021-09-20,143.8000030517578,144.83999633789062,141.27000427246094,142.94000244140625,139.539794921875,123478900
2021-09-21,143.92999267578125,144.60000610351562,142.77999877929688,143.42999267578125,140.0181121826172,75834000
2021-09-22,144.4499969482422,146.42999267578125,143.6999969482422,145.85000610351562,142.3805389404297,76404300
2021-09-23,146.64999389648438,147.0800018310547,145.63999938964844,146.8300018310547,143.33724975585938,64838200
2021-09-24,145.66000366210938,147.47000122070312,145.55999755859375,146.9199981689453,143.4251251220703,53477900
2021-09-27,145.47000122070312,145.9600067138672,143.82000732421875,145.3699951171875,141.91197204589844,74150700
2021-09-28,143.25,144.75,141.69000244140625,141.91000366210938,138.53428649902344,108972300
2021-09-29,142.47000122070312,144.4499969482422,142.02999877929688,142.8300018310547,139.4324493408203,74602000
2021-09-30,143.66000366210938,144.3800048828125,141.27999877929688,141.5,138.13406372070312,89056700
2021-10-01,141.89999389648438,142.9199981689453,139.11000061035156,142.64999389648438,139.25669860839844,94639600
2021-10-04,141.75999450683594,142.2100067138672,138.27000427246094,139.13999938964844,135.8302001953125,98322000
2021-10-05,139.49000549316406,142.24000549316406,139.36000061035156,141.11000061035156,137.75331115722656,80861100
2021-10-06,139.47000122070312,142.14999389648438,138.3699951171875,142.0,138.6221466064453,83221100
2021-10-07,143.05999755859375,144.22000122070312,142.72000122070312,143.2899932861328,139.88145446777344,61732700
2021-10-08,144.02999877929688,144.17999267578125,142.55999755859375,142.89999389648438,139.50074768066406,58773200
2021-10-11,142.27000427246094,144.80999755859375,141.80999755859375,142.80999755859375,139.41290283203125,64452200
2021-10-12,143.22999572753906,143.25,141.0399932861328,141.50999450683594,138.14381408691406,73035900
2021-10-13,141.24000549316406,141.39999389648438,139.1999969482422,140.91000366210938,137.55807495117188,78762700
2021-10-14,142.11000061035156,143.8800048828125,141.50999450683594,143.75999450683594,140.34027099609375,69907100
2021-10-15,143.77000427246094,144.89999389648438,143.50999450683594,144.83999633789062,141.39459228515625,67940300
2021-10-18,143.4499969482422,146.83999633789062,143.16000366210938,146.5500030517578,143.06394958496094,85589200
2021-10-19,147.00999450683594,149.1699981689453,146.5500030517578,148.75999450683594,145.22134399414062,76378900
2021-10-20,148.6999969482422,149.75,148.1199951171875,149.25999450683594,145.70950317382812,58418800
2021-10-21,148.80999755859375,149.63999938964844,147.8699951171875,149.47999572753906,145.92420959472656,61421000
2021-10-22,149.69000244140625,150.17999267578125,148.63999938964844,148.69000244140625,145.15304565429688,58883400
2021-10-25,148.67999267578125,149.3699951171875,147.6199951171875,148.63999938964844,145.10421752929688,50720600
2021-10-26,149.3300018310547,150.83999633789062,149.00999450683594,149.32000732421875,145.76805114746094,60893400
2021-10-27,149.36000061035156,149.72999572753906,148.49000549316406,148.85000610351562,145.30921936035156,56094900
2021-10-28,149.82000732421875,153.1699981689453,149.72000122070312,152.57000732421875,148.9407501220703,100077900
2021-10-29,147.22000122070312,149.94000244140625,146.41000366210938,149.8000030517578,146.2366180419922,124953200
2021-11-01,148.99000549316406,149.6999969482422,147.8000030517578,148.9600067138672,145.41661071777344,74588300
2021-11-02,148.66000366210938,151.57000732421875,148.64999389648438,150.02000427246094,146.45140075683594,69122000
2021-11-03,150.38999938964844,151.97000122070312,149.82000732421875,151.49000549316406,147.8863983154297,54511500
2021-11-04,151.5800018310547,152.42999267578125,150.63999938964844,150.9600067138672,147.3690185546875,60394600
2021-11-05,151.88999938964844,152.1999969482422,150.05999755859375,151.27999877929688,147.8968963623047,65463900
2021-11-08,151.41000366210938,151.57000732421875,150.16000366210938,150.44000244140625,147.07574462890625,55020900
2021-11-09,150.1999969482422,151.42999267578125,150.05999755859375,150.80999755859375,147.4374237060547,56787900
2021-11-10,150.02000427246094,150.1300048828125,147.85000610351562,147.9199981689453,144.612060546875,65187100
2021-11-11,148.9600067138672,149.42999267578125,147.67999267578125,147.8699951171875,144.56320190429688,41000000
2021-11-12,148.42999267578125,150.39999389648438,147.47999572753906,149.99000549316406,146.63577270507812,63804000
2021-11-15,150.3699951171875,151.8800048828125,149.42999267578125,150.0,146.64556884765625,59222800
2021-11-16,149.94000244140625,151.49000549316406,149.33999633789062,151.0,147.62318420410156,59256200
2021-11-17,151.0,155.0,150.99000549316406,153.49000549316406,150.05752563476562,88807000
2021-11-18,153.7100067138672,158.6699981689453,153.0500030517578,157.8699951171875,154.33953857421875,137827700
2021-11-19,157.64999389648438,161.02000427246094,156.52999877929688,160.5500030517578,156.95962524414062,117305600
2021-11-22,161.67999267578125,165.6999969482422,161.0,161.02000427246094,157.4191131591797,117467900
2021-11-23,161.1199951171875,161.8000030517578,159.05999755859375,161.41000366210938,157.80038452148438,96041900
2021-11-24,160.75,162.13999938964844,159.63999938964844,161.94000244140625,158.3185577392578,69463600
2021-11-26,159.57000732421875,160.4499969482422,156.36000061035156,156.80999755859375,153.30328369140625,76959800
2021-11-29,159.3699951171875,161.19000244140625,158.7899932861328,160.24000549316406,156.65658569335938,88748200
2021-11-30,159.99000549316406,165.52000427246094,159.9199981689453,165.3000030517578,161.6033935546875,174048100
2021-12-01,167.47999572753906,170.3000030517578,164.52999877929688,164.77000427246094,161.08526611328125,152052500
2021-12-02,158.74000549316406,164.1999969482422,157.8000030517578,163.75999450683594,160.09783935546875,136739200
2021-12-03,164.02000427246094,164.9600067138672,159.72000122070312,161.83999633789062,158.22079467773438,118023100
2021-12-06,164.2899932861328,167.8800048828125,164.27999877929688,165.32000732421875,161.6229705810547,107497000
2021-12-07,169.0800018310547,171.5800018310547,168.33999633789062,171.17999267578125,167.35191345214844,120405400
2021-12-08,172.1300048828125,175.9600067138672,170.6999969482422,175.0800018310547,171.16468811035156,116998900
2021-12-09,174.91000366210938,176.75,173.9199981689453,174.55999755859375,170.65634155273438,108923700
2021-12-10,175.2100067138672,179.6300048828125,174.69000244140625,179.4499969482422,175.4369659423828,115402700
2021-12-13,181.1199951171875,182.1300048828125,175.52999877929688,175.74000549316406,171.80996704101562,153237000
2021-12-14,175.25,177.74000549316406,172.2100067138672,174.3300018310547,170.43148803710938,139380400
2021-12-15,175.11000061035156,179.5,172.30999755859375,179.3000030517578,175.29031372070312,131063300
2021-12-16,179.27999877929688,181.13999938964844,170.75,172.25999450683594,168.40777587890625,150185800
2021-12-17,169.92999267578125,173.47000122070312,169.69000244140625,171.13999938964844,167.31280517578125,195432700
2021-12-20,168.27999877929688,170.5800018310547,167.4600067138672,169.75,165.9539031982422,107499100
2021-12-21,171.55999755859375,173.1999969482422,169.1199951171875,172.99000549316406,169.12142944335938,91185900
2021-12-22,173.0399932861328,175.86000061035156,172.14999389648438,175.63999938964844,171.71217346191406,92135300
2021-12-23,175.85000610351562,176.85000610351562,175.27000427246094,176.27999877929688,172.33787536621094,68356600
2021-12-27,177.08999633789062,180.4199981689453,177.07000732421875,180.3300018310547,176.2972869873047,74919600
2021-12-28,180.1600036621093,181.3300018310547,178.52999877929688,179.2899932861328,175.28054809570312,79144300
2021-12-29,179.3300018310547,180.6300048828125,178.13999938964844,179.3800048828125,175.3685302734375,62348900
2021-12-30,179.47000122070312,180.57000732421875,178.08999633789062,178.1999969482422,174.2149658203125,59773000
2021-12-31,178.08999633789062,179.22999572753906,177.25999450683594,177.57000732421875,173.59902954101562,64062300
2022-01-03,177.8300018310547,182.8800048828125,177.7100067138672,182.009994506836,177.93971252441406,104487900
2022-01-04,182.6300048828125,182.94000244140625,179.1199951171875,179.6999969482422,175.68138122558594,99310400
2022-01-05,179.61000061035156,180.1699981689453,174.63999938964844,174.9199981689453,171.00828552246094,94537600
2022-01-06,172.6999969482422,175.3000030517578,171.63999938964844,172.0,168.153564453125,96904000
2022-01-07,172.88999938964844,174.13999938964844,171.02999877929688,172.1699981689453,168.31976318359375,86709100
2022-01-10,169.0800018310547,172.5,168.1699981689453,172.19000244140625,168.33934020996094,106765600
2022-01-11,172.32000732421875,175.17999267578125,170.82000732421875,175.0800018310547,171.16468811035156,76138300
2022-01-12,176.1199951171875,177.17999267578125,174.82000732421875,175.52999877929688,171.60462951660156,74805200
2022-01-13,175.77999877929688,176.6199951171875,171.7899932861328,172.19000244140625,168.33934020996094,84505800
2022-01-14,171.33999633789062,173.77999877929688,171.08999633789062,173.07000732421875,169.1996307373047,80440800
2022-01-18,171.50999450683594,172.5399932861328,169.41000366210938,169.8000030517578,166.00277709960938,90956700
2022-01-19,170.0,171.0800018310547,165.94000244140625,166.22999572753906,162.5126190185547,94815000
2022-01-20,166.97999572753906,169.67999267578125,164.17999267578125,164.50999450683594,160.83106994628906,91420500
2022-01-21,164.4199981689453,166.3300018310547,162.3000030517578,162.41000366210938,158.77801513671875,122848900
2022-01-24,160.02000427246094,162.3000030517578,154.6999969482422,161.6199951171875,158.00567626953125,162294600
2022-01-25,158.97999572753906,162.75999450683594,157.02000427246094,159.77999877929688,156.20684814453125,115798400
2022-01-26,163.5,164.38999938964844,157.82000732421875,159.69000244140625,156.11883544921875,108275300
2022-01-27,162.4499969482422,163.83999633789062,158.27999877929688,159.22000122070312,155.65936279296875,121954600
2022-01-28,165.7100067138672,170.35000610351562,162.8000030517578,170.3300018310547,166.52090454101562,179935700
2022-01-31,170.16000366210938,175.0,169.50999450683594,174.77999877929688,170.87139892578125,115541600
2022-02-01,174.00999450683594,174.83999633789062,172.30999755859375,174.61000061035156,170.70521545410156,86213900
2022-02-02,174.75,175.8800048828125,173.3300018310547,175.83999633789062,171.90771484375,84914300
2022-02-03,174.47999572753906,176.24000549316406,172.1199951171875,172.89999389648438,169.03346252441406,89418100
2022-02-04,171.67999267578125,174.10000610351562,170.67999267578125,172.38999938964844,168.74954223632812,82465400
2022-02-07,172.86000061035156,173.9499969482422,170.9499969482422,171.66000366210938,168.03500366210938,77251200
2022-02-08,171.72999572753906,175.35000610351562,171.42999267578125,174.8300018310547,171.13804626464844,74829200
2022-02-09,176.0500030517578,176.64999389648438,174.89999389648438,176.27999877929688,172.55743408203125,71285000
2022-02-10,174.13999938964844,175.47999572753906,171.5500030517578,172.1199951171875,168.48526000976562,90865900
2022-02-11,172.3300018310547,173.0800018310547,168.0399932861328,168.63999938964844,165.07876586914062,98670700
2022-02-14,167.3699951171875,169.5800018310547,166.55999755859375,168.8800048828125,165.31373596191406,86185500
2022-02-15,170.97000122070312,172.9499969482422,170.25,172.7899932861328,169.14114379882812,62527400
2022-02-16,171.85000610351562,173.33999633789062,170.0500030517578,172.5500030517578,168.90618896484375,61177400
2022-02-17,171.02999877929688,171.91000366210938,168.47000122070312,168.8800048828125,165.31373596191406,69589300
2022-02-18,169.82000732421875,170.5399932861328,166.19000244140625,167.3000030517578,163.76707458496094,82772700
2022-02-22,164.97999572753906,166.69000244140625,162.14999389648438,164.32000732421875,160.8499755859375,91162800
2022-02-23,165.5399932861328,166.14999389648438,159.75,160.07000732421875,156.6897735595703,90009200
2022-02-24,152.5800018310547,162.85000610351562,152.0,162.74000549316406,159.30337524414062,141147500
2022-02-25,163.83999633789062,165.1199951171875,160.8699951171875,164.85000610351562,161.36883544921875,91974200
2022-02-28,163.05999755859375,165.4199981689453,162.42999267578125,165.1199951171875,161.63307189941406,95056600
2022-03-01,164.6999969482422,166.60000610351562,161.97000122070312,163.1999969482422,159.753662109375,83474400
2022-03-02,164.38999938964844,167.36000061035156,162.9499969482422,166.55999755859375,163.04269409179688,79724800
2022-03-03,168.47000122070312,168.91000366210938,165.5500030517578,166.22999572753906,162.7196807861328,76678400
2022-03-04,164.49000549316406,165.5500030517578,162.10000610351562,163.1699981689453,159.72427368164062,83737200
2022-03-07,163.36000061035156,165.02000427246094,159.0399932861328,159.3000030517578,155.93600463867188,96418800
2022-03-08,158.82000732421875,162.8800048828125,155.8000030517578,157.44000244140625,154.11529541015625,131148300
2022-03-09,161.47999572753906,163.41000366210938,159.41000366210938,162.9499969482422,159.50894165039062,91454900
2022-03-10,160.1999969482422,160.38999938964844,155.97999572753906,158.52000427246094,155.17247009277344,105342000
2022-03-11,158.92999267578125,159.27999877929688,154.5,154.72999572753906,151.46250915527344,96970100
2022-03-14,151.4499969482422,154.1199951171875,150.10000610351562,150.6199951171875,147.43931579589844,108732100
2022-03-15,150.89999389648438,155.57000732421875,150.3800048828125,155.08999633789062,151.8148956298828,92964300
2022-03-16,157.0500030517578,160.0,154.4600067138672,159.58999633789062,156.21987915039062,102300200
2022-03-17,158.61000061035156,161.0,157.6300048828125,160.6199951171875,157.22811889648438,75615400
2022-03-18,160.50999450683594,164.47999572753906,159.75999450683594,163.97999572753906,160.51719665527344,123511700
2022-03-21,163.50999450683594,166.35000610351562,163.00999450683594,165.3800048828125,161.8876190185547,95811400
2022-03-22,165.50999450683594,169.4199981689453,164.91000366210938,168.82000732421875,165.25498962402344,81532000
2022-03-23,167.99000549316406,172.63999938964844,167.64999389648438,170.2100067138672,166.61561584472656,98062700
2022-03-24,171.05999755859375,174.13999938964844,170.2100067138672,174.07000732421875,170.39410400390625,90131400
2022-03-25,173.8800048828125,175.27999877929688,172.75,174.72000122070312,171.0303955078125,80546200
2022-03-28,172.1699981689453,175.72999572753906,172.0,175.60000610351562,171.89178466796875,90371900
2022-03-29,176.69000244140625,179.00999450683594,176.33999633789062,178.9600067138672,175.18087768554688,100589400
2022-03-30,178.5500030517578,179.61000061035156,176.6999969482422,177.77000427246094,174.0159912109375,92633200
2022-03-31,177.83999633789062,178.02999877929688,174.39999389648438,174.61000061035156,170.92271423339844,103049300
2022-04-01,174.02999877929688,174.8800048828125,171.94000244140625,174.30999755859375,170.62904357910156,78751300
2022-04-04,174.57000732421875,178.49000549316406,174.44000244140625,178.44000244140625,174.67184448242188,76468400
2022-04-05,177.5,178.3000030517578,174.4199981689453,175.05999755859375,171.36318969726562,73401800
2022-04-06,172.36000061035156,173.6300048828125,170.1300048828125,171.8300018310547,168.201416015625,89058800
2022-04-07,171.16000366210938,173.36000061035156,169.85000610351562,172.13999938964844,168.50482177734375,77594700
2022-04-08,171.77999877929688,171.77999877929688,169.1999969482422,170.08999633789062,166.49815368652344,76575500
2022-04-11,168.7100067138672,169.02999877929688,165.5,165.75,162.2498016357422,72246700
2022-04-12,168.02000427246094,169.8699951171875,166.63999938964844,167.66000366210938,164.11947631835938,79265200
2022-04-13,167.38999938964844,171.0399932861328,166.77000427246094,170.39999389648438,166.8015899658203,70618900
2022-04-14,170.6199951171875,171.27000427246094,165.0399932861328,165.2899932861328,161.79949951171875,75329400
2022-04-18,163.9199981689453,166.60000610351562,163.57000732421875,165.07000732421875,161.5841827392578,69023900
2022-04-19,165.02000427246094,167.82000732421875,163.91000366210938,167.39999389648438,163.8649444580078,67723800
2022-04-20,168.75999450683594,168.8800048828125,166.10000610351562,167.22999572753906,163.698486328125,67929800
2022-04-21,168.91000366210938,171.52999877929688,165.91000366210938,166.4199981689453,162.9056396484375,87227800
2022-04-22,166.4600067138672,167.8699951171875,161.5,161.7899932861328,158.37339782714844,84882400
2022-04-25,161.1199951171875,163.1699981689453,158.4600067138672,162.8800048828125,159.4403839111328,96046400
2022-04-26,162.25,162.33999633789062,156.72000122070312,156.8000030517578,153.48878479003906,95623200
2022-04-27,155.91000366210938,159.7899932861328,155.3800048828125,156.57000732421875,153.263671875,88063200
2022-04-28,159.25,164.52000427246094,158.92999267578125,163.63999938964844,160.18435668945312,130216800
2022-04-29,161.83999633789062,166.1999969482422,157.25,157.64999389648438,154.32086181640625,131747600
2022-05-02,156.7100067138672,158.22999572753906,153.27000427246094,157.9600067138672,154.62432861328125,123055300
2022-05-03,158.14999389648438,160.7100067138672,156.32000732421875,159.47999572753906,156.11221313476562,88966500
2022-05-04,159.6699981689453,166.47999572753906,159.25999450683594,166.02000427246094,162.5140838623047,108256500
2022-05-05,163.85000610351562,164.0800018310547,154.9499969482422,156.77000427246094,153.45945739746094,130525300
2022-05-06,156.00999450683594,159.44000244140625,154.17999267578125,157.27999877929688,154.18487548828125,116124600
2022-05-09,154.92999267578125,155.8300018310547,151.49000549316406,152.05999755859375,149.0675811767578,131577900
2022-05-10,155.52000427246094,156.74000549316406,152.92999267578125,154.50999450683594,151.46939086914062,115366700
2022-05-11,153.5,155.4499969482422,145.80999755859375,146.5,143.6170196533203,142689800
2022-05-12,142.77000427246094,146.1999969482422,138.8000030517578,142.55999755859375,139.75457763671875,182602000
2022-05-13,144.58999633789062,148.10000610351562,143.11000061035156,147.11000061035156,144.21502685546875,113990900
2022-05-16,145.5500030517578,147.52000427246094,144.17999267578125,145.5399932861328,142.6759033203125,86643800
2022-05-17,148.86000061035156,149.77000427246094,146.67999267578125,149.24000549316406,146.3031005859375,78336300
2022-05-18,146.85000610351562,147.36000061035156,139.89999389648438,140.82000732421875,138.04881286621094,109742900
2022-05-19,139.8800048828125,141.66000366210938,136.60000610351562,137.35000610351562,134.64707946777344,136095600
2022-05-20,139.08999633789062,140.6999969482422,132.61000061035156,137.58999633789062,134.88235473632812,137426100
2022-05-23,137.7899932861328,143.25999450683594,137.64999389648438,143.11000061035156,140.29371643066406,117726300
2022-05-24,140.80999755859375,141.97000122070312,137.3300018310547,140.36000061035156,137.59783935546875,104132700
2022-05-25,138.42999267578125,141.7899932861328,138.33999633789062,140.52000427246094,137.7547149658203,92482700
2022-05-26,137.38999938964844,144.33999633789062,137.13999938964844,143.77999877929688,140.95054626464844,90601500
2022-05-27,145.38999938964844,149.67999267578125,145.25999450683594,149.63999938964844,146.69520568847656,90978500
2022-05-31,149.07000732421875,150.66000366210938,146.83999633789062,148.83999633789062,145.9109649658203,103718400
2022-06-01,149.89999389648438,151.74000549316406,147.67999267578125,148.7100067138672,145.78347778320312,74286600
2022-06-02,147.8300018310547,151.27000427246094,146.86000061035156,151.2100067138672,148.2342987060547,72348100
2022-06-03,146.89999389648438,147.97000122070312,144.4600067138672,145.3800048828125,142.51907348632812,88570300
2022-06-06,147.02999877929688,148.57000732421875,144.89999389648438,146.13999938964844,143.26409912109375,71598400
2022-06-07,144.35000610351562,149.0,144.10000610351562,148.7100067138672,145.78347778320312,67808200
2022-06-08,148.5800018310547,149.8699951171875,147.4600067138672,147.9600067138672,145.04827880859375,53950200
2022-06-09,147.0800018310547,147.9499969482422,142.52999877929688,142.63999938964844,139.83297729492188,69473000
2022-06-10,140.27999877929688,140.75999450683594,137.05999755859375,137.1300048828125,134.43141174316406,91437900
2022-06-13,132.8699951171875,135.1999969482422,131.44000244140625,131.8800048828125,129.2847442626953,122207100
2022-06-14,133.1300048828125,133.88999938964844,131.47999572753906,132.75999450683594,130.1473846435547,84784300
2022-06-15,134.2899932861328,137.33999633789062,132.16000366210938,135.42999267578125,132.7648162841797,91533000
2022-06-16,132.0800018310547,132.38999938964844,129.0399932861328,130.05999755859375,127.50054168701172,108123900
2022-06-17,130.07000732421875,133.0800018310547,129.80999755859375,131.55999755859375,128.97100830078125,134520300
2022-06-21,133.4199981689453,137.05999755859375,133.32000732421875,135.8699951171875,133.1962127685547,81000500
2022-06-22,134.7899932861328,137.75999450683594,133.91000366210938,135.35000610351562,132.6864013671875,73409200
2022-06-23,136.82000732421875,138.58999633789062,135.6300048828125,138.27000427246094,135.54898071289062,72433800
2022-06-24,139.89999389648438,141.91000366210938,139.77000427246094,141.66000366210938,138.8722686767578,89116800
2022-06-27,142.6999969482422,143.49000549316406,140.97000122070312,141.66000366210938,138.8722686767578,70207900
2022-06-28,142.1300048828125,143.4199981689453,137.32000732421875,137.44000244140625,134.7353057861328,67083400
2022-06-29,137.4600067138672,140.6699981689453,136.6699981689453,139.22999572753906,136.49008178710938,66242400
2022-06-30,137.25,138.3699951171875,133.77000427246094,136.72000122070312,134.02947998046875,98964500
2022-07-01,136.0399932861328,139.0399932861328,135.66000366210938,138.92999267578125,136.1959686279297,71051600
2022-07-05,137.77000427246094,141.61000061035156,136.92999267578125,141.55999755859375,138.77423095703125,73353800
2022-07-06,141.35000610351562,144.1199951171875,141.0800018310547,142.9199981689453,140.10745239257812,74064300
2022-07-07,143.2899932861328,146.5500030517578,143.27999877929688,146.35000610351562,143.46995544433594,66253700
2022-07-08,145.25999450683594,147.5500030517578,145.0,147.0399932861328,144.14639282226562,64547800
2022-07-11,145.6699981689453,146.63999938964844,143.77999877929688,144.8699951171875,142.0190887451172,63141600
2022-07-12,145.75999450683594,148.4499969482422,145.0500030517578,145.86000061035156,142.98960876464844,77588800
2022-07-13,142.99000549316406,146.4499969482422,142.1199951171875,145.49000549316406,142.6268768310547,71185600
2022-07-14,144.0800018310547,148.9499969482422,143.25,148.47000122070312,145.5482635498047,78140700
2022-07-15,149.77999877929688,150.86000061035156,148.1999969482422,150.1699981689453,147.21481323242188,76259900
2022-07-18,150.74000549316406,151.57000732421875,146.6999969482422,147.07000732421875,144.17579650878906,81420900
2022-07-19,147.9199981689453,151.22999572753906,146.91000366210938,151.0,148.02842712402344,82982400
2022-07-20,151.1199951171875,153.72000122070312,150.3699951171875,153.0399932861328,150.02830505371094,64823400
2022-07-21,154.5,155.57000732421875,151.94000244140625,155.35000610351562,152.2928466796875,65086600
2022-07-22,155.38999938964844,156.27999877929688,153.41000366210938,154.08999633789062,151.05764770507812,66675400
2022-07-25,154.00999450683594,155.0399932861328,152.27999877929688,152.9499969482422,149.9401092529297,53623900
2022-07-26,152.25999450683594,153.08999633789062,150.8000030517578,151.60000610351562,148.61663818359375,55138700
2022-07-27,152.5800018310547,157.3300018310547,152.16000366210938,156.7899932861328,153.70448303222656,78620700
2022-07-28,156.97999572753906,157.63999938964844,154.41000366210938,157.35000610351562,154.2534942626953,81378700
2022-07-29,161.24000549316406,163.6300048828125,159.5,162.50999450683594,159.31195068359375,101786900
2022-08-01,161.00999450683594,163.58999633789062,160.88999938964844,161.50999450683594,158.33164978027344,67829400
2022-08-02,160.10000610351562,162.41000366210938,159.6300048828125,160.00999450683594,156.8611297607422,59907000
2022-08-03,160.83999633789062,166.58999633789062,160.75,166.1300048828125,162.8607177734375,82507500
2022-08-04,166.00999450683594,167.19000244140625,164.42999267578125,165.80999755859375,162.54702758789062,55474100
2022-08-05,163.2100067138672,165.85000610351562,163.0,165.35000610351562,162.3212432861328,56697000
2022-08-08,166.3699951171875,167.80999755859375,164.1999969482422,164.8699951171875,161.84996032714844,60276900
2022-08-09,164.02000427246094,165.82000732421875,163.25,164.9199981689453,161.89906311035156,63135500
2022-08-10,167.67999267578125,169.33999633789062,166.89999389648438,169.24000549316406,166.1399688720703,70170500
2022-08-11,170.05999755859375,170.99000549316406,168.19000244140625,168.49000549316406,165.40371704101562,57149200
2022-08-12,169.82000732421875,172.1699981689453,169.39999389648438,172.10000610351562,168.94760131835938,68039400
2022-08-15,171.52000427246094,173.38999938964844,171.35000610351562,173.19000244140625,170.0176239013672,54091700
2022-08-16,172.77999877929688,173.7100067138672,171.66000366210938,173.02999877929688,169.8605499267578,56377100
2022-08-17,172.77000427246094,176.14999389648438,172.57000732421875,174.5500030517578,171.3527069091797,79542000
2022-08-18,173.75,174.89999389648438,173.1199951171875,174.14999389648438,170.9600067138672,62290100
2022-08-19,173.02999877929688,173.74000549316406,171.30999755859375,171.52000427246094,168.37820434570312,70346300
2022-08-22,169.69000244140625,169.86000061035156,167.13999938964844,167.57000732421875,164.5005340576172,69026800
2022-08-23,167.0800018310547,168.7100067138672,166.64999389648438,167.22999572753906,164.16673278808594,54147100
2022-08-24,167.32000732421875,168.11000061035156,166.25,167.52999877929688,164.46127319335938,53841500
2022-08-25,168.77999877929688,170.13999938964844,168.35000610351562,170.02999877929688,166.9154815673828,51218200
2022-08-26,170.57000732421875,171.0500030517578,163.55999755859375,163.6199951171875,160.62289428710938,78961000
2022-08-29,161.14999389648438,162.89999389648438,159.82000732421875,161.3800048828125,158.42391967773438,73314000
2022-08-30,162.1300048828125,162.55999755859375,157.72000122070312,158.91000366210938,155.99920654296875,77906200
2022-08-31,160.30999755859375,160.5800018310547,157.13999938964844,157.22000122070312,154.34014892578125,87991100
2022-09-01,156.63999938964844,158.4199981689453,154.6699981689453,157.9600067138672,155.06661987304688,74229900
2022-09-02,159.75,160.36000061035156,154.97000122070312,155.80999755859375,152.9559326171875,76957800
2022-09-06,156.47000122070312,157.08999633789062,153.69000244140625,154.52999877929688,151.69940185546875,73714800
2022-09-07,154.82000732421875,156.6699981689453,153.61000061035156,155.9600067138672,153.1032257080078,87449600
2022-09-08,154.63999938964844,156.36000061035156,152.67999267578125,154.4600067138672,151.6306915283203,84923800
2022-09-09,155.47000122070312,157.82000732421875,154.75,157.3699951171875,154.4873809814453,68028800
2022-09-12,159.58999633789062,164.25999450683594,159.3000030517578,163.42999267578125,160.4363555908203,104956000
2022-09-13,159.89999389648438,160.5399932861328,153.3699951171875,153.83999633789062,151.02203369140625,122656600
2022-09-14,154.7899932861328,157.10000610351562,153.61000061035156,155.30999755859375,152.46511840820312,87965400
2022-09-15,154.64999389648438,155.24000549316406,151.3800048828125,152.3699951171875,149.57896423339844,90481100
2022-09-16,151.2100067138672,151.35000610351562,148.3699951171875,150.6999969482422,147.93955993652344,162278800
2022-09-19,149.30999755859375,154.55999755859375,149.10000610351562,154.47999572753906,151.65032958984375,81474200
2022-09-20,153.39999389648438,158.0800018310547,153.0800018310547,156.89999389648438,154.0260009765625,107689800
2022-09-21,157.33999633789062,158.74000549316406,153.60000610351562,153.72000122070312,150.9042510986328,101696800
2022-09-22,152.3800048828125,154.47000122070312,150.91000366210938,152.74000549316406,149.94219970703125,86652500
2022-09-23,151.19000244140625,151.47000122070312,148.55999755859375,150.42999267578125,147.67453002929688,96029900
2022-09-26,149.66000366210938,153.77000427246094,149.63999938964844,150.77000427246094,148.00830078125,93339400
2022-09-27,152.74000549316406,154.72000122070312,149.9499969482422,151.75999450683594,148.98013305664062,84442700
2022-09-28,147.63999938964844,150.63999938964844,144.83999633789062,149.83999633789062,147.0953369140625,146691400
2022-09-29,146.10000610351562,146.72000122070312,140.67999267578125,142.47999572753906,139.87014770507812,128138200
2022-09-30,141.27999877929688,143.10000610351562,138.0,138.1999969482422,135.6685028076172,124925300
2022-10-03,138.2100067138672,143.07000732421875,137.69000244140625,142.4499969482422,139.8406982421875,114311700
2022-10-04,145.02999877929688,146.22000122070312,144.25999450683594,146.10000610351562,143.423828125,87830100
2022-10-05,144.07000732421875,147.3800048828125,143.00999450683594,146.39999389648438,143.7183074951172,79471000
2022-10-06,145.80999755859375,147.5399932861328,145.22000122070312,145.42999267578125,142.76609802246094,68402200
2022-10-07,142.5399932861328,143.10000610351562,139.4499969482422,140.08999633789062,137.52391052246094,85925600
2022-10-10,140.4199981689453,141.88999938964844,138.57000732421875,140.4199981689453,137.8478546142578,74899000
2022-10-11,139.89999389648438,141.35000610351562,138.22000122070312,138.97999572753906,136.43423461914062,77033700
2022-10-12,139.1300048828125,140.36000061035156,138.16000366210938,138.33999633789062,135.8059844970703,70433700
2022-10-13,134.99000549316406,143.58999633789062,134.3699951171875,142.99000549316406,140.37081909179688,113224000
2022-10-14,144.30999755859375,144.52000427246094,138.19000244140625,138.3800048828125,135.84521484375,88598000
2022-10-17,141.07000732421875,142.89999389648438,140.27000427246094,142.41000366210938,139.80140686035156,85250900
2022-10-18,145.49000549316406,146.6999969482422,140.61000061035156,143.75,141.11688232421875,99136600
2022-10-19,141.69000244140625,144.9499969482422,141.5,143.86000061035156,141.22486877441406,61758300
2022-10-20,143.02000427246094,145.88999938964844,142.64999389648438,143.38999938964844,140.76345825195312,64522000
2022-10-21,142.8699951171875,147.85000610351562,142.64999389648438,147.27000427246094,144.57240295410156,86548600
2022-10-24,147.19000244140625,150.22999572753906,146.0,149.4499969482422,146.71243286132812,75981900
2022-10-25,150.08999633789062,152.49000549316406,149.36000061035156,152.33999633789062,149.54953002929688,74732300
2022-10-26,150.9600067138672,151.99000549316406,148.0399932861328,149.35000610351562,146.6143341064453,88194300
2022-10-27,148.07000732421875,149.0500030517578,144.1300048828125,144.8000030517578,142.14764404296875,109180200
2022-10-28,148.1999969482422,157.5,147.82000732421875,155.74000549316406,152.88726806640625,164762400
2022-10-31,153.16000366210938,154.24000549316406,151.9199981689453,153.33999633789062,150.5312042236328,97943200
2022-11-01,155.0800018310547,155.4499969482422,149.1300048828125,150.64999389648438,147.89048767089844,80379300
2022-11-02,148.9499969482422,152.1699981689453,145.0,145.02999877929688,142.37342834472656,93604600
2022-11-03,142.05999755859375,142.8000030517578,138.75,138.8800048828125,136.33607482910156,97918500
2022-11-04,142.08999633789062,142.6699981689453,134.3800048828125,138.3800048828125,136.070556640625,140814800
2022-11-07,137.11000061035156,139.14999389648438,135.6699981689453,138.9199981689453,136.60157775878906,83374600
2022-11-08,140.41000366210938,141.42999267578125,137.49000549316406,139.5,137.171875,89908500
2022-11-09,138.5,138.5500030517578,134.58999633789062,134.8699951171875,132.6191864013672,74917800
2022-11-10,141.24000549316406,146.8699951171875,139.5,146.8699951171875,144.4188995361328,118854000
2022-11-11,145.82000732421875,150.00999450683594,144.3699951171875,149.6999969482422,147.20166015625,93979700
2022-11-14,148.97000122070312,150.27999877929688,147.42999267578125,148.27999877929688,145.80532836914062,73374100
2022-11-15,152.22000122070312,153.58999633789062,148.55999755859375,150.0399932861328,147.53598022460938,89868300
2022-11-16,149.1300048828125,149.8699951171875,147.2899932861328,148.7899932861328,146.30685424804688,64218300
2022-11-17,146.42999267578125,151.47999572753906,146.14999389648438,150.72000122070312,148.2046356201172,80389400
2022-11-18,152.30999755859375,152.6999969482422,149.97000122070312,151.2899932861328,148.76512145996094,74829600
2022-11-21,150.16000366210938,150.3699951171875,147.72000122070312,148.00999450683594,145.5398712158203,58724100
2022-11-22,148.1300048828125,150.4199981689453,146.92999267578125,150.17999267578125,147.6736602783203,51804100
2022-11-23,149.4499969482422,151.8300018310547,149.33999633789062,151.07000732421875,148.54881286621094,58301400
2022-11-25,148.30999755859375,148.8800048828125,147.1199951171875,148.11000061035156,145.63821411132812,35195900
2022-11-28,145.13999938964844,146.63999938964844,143.3800048828125,144.22000122070312,141.81312561035156,69246000
2022-11-29,144.2899932861328,144.80999755859375,140.35000610351562,141.1699981689453,138.81402587890625,83763800
2022-11-30,141.39999389648438,148.72000122070312,140.5500030517578,148.02999877929688,145.55950927734375,111380900
2022-12-01,148.2100067138672,149.1300048828125,146.61000061035156,148.30999755859375,145.8348846435547,71250400
2022-12-02,145.9600067138672,148.0,145.64999389648438,147.80999755859375,145.3432159423828,65447400
2022-12-05,147.77000427246094,150.9199981689453,145.77000427246094,146.6300048828125,144.1829376220703,68826400
2022-12-06,147.07000732421875,147.3000030517578,141.9199981689453,142.91000366210938,140.52500915527344,64727200
2022-12-07,142.19000244140625,143.3699951171875,140.0,140.94000244140625,138.58790588378906,69721100
2022-12-08,142.36000061035156,143.52000427246094,141.10000610351562,142.64999389648438,140.2693328857422,62128300
2022-12-09,142.33999633789062,145.57000732421875,140.89999389648438,142.16000366210938,139.7874755859375,76097000
2022-12-12,142.6999969482422,144.5,141.05999755859375,144.49000549316406,142.07862854003906,70462700
2022-12-13,149.5,149.97000122070312,144.24000549316406,145.47000122070312,143.04226684570312,93886200
2022-12-14,145.35000610351562,146.66000366210938,141.16000366210938,143.2100067138672,140.81996154785156,82291200
2022-12-15,141.11000061035156,141.8000030517578,136.02999877929688,136.5,134.22193908691406,98931900
2022-12-16,136.69000244140625,137.64999389648438,133.72999572753906,134.50999450683594,132.26513671875,160156900
2022-12-19,135.11000061035156,135.1999969482422,131.32000732421875,132.3699951171875,130.16090393066406,79592600
2022-12-20,131.38999938964844,133.25,129.88999938964844,132.3000030517578,130.0920867919922,77432800
2022-12-21,132.97999572753906,136.80999755859375,132.75,135.4499969482422,133.18948364257812,85928000
2022-12-22,134.35000610351562,134.55999755859375,130.3000030517578,132.22999572753906,130.02322387695312,77852100
2022-12-23,130.9199981689453,132.4199981689453,129.63999938964844,131.86000061035156,129.65939331054688,63814900
2022-12-27,131.3800048828125,131.41000366210938,128.72000122070312,130.02999877929688,127.85993957519533,69007800
2022-12-28,129.6699981689453,131.02999877929688,125.87000274658205,126.04000091552734,123.93653106689452,85438400
2022-12-29,127.98999786376952,130.47999572753906,127.7300033569336,129.61000061035156,127.44694519042967,75703700
2022-12-30,128.41000366210938,129.9499969482422,127.43000030517578,129.92999267578125,127.76160430908205,77034200
2023-01-03,130.27999877929688,130.89999389648438,124.16999816894533,125.06999969482422,122.9827117919922,112117500
2023-01-04,126.88999938964844,128.66000366210938,125.08000183105467,126.36000061035156,124.2511978149414,89113600
2023-01-05,127.12999725341795,127.7699966430664,124.76000213623048,125.0199966430664,122.93355560302734,80962700
2023-01-06,126.01000213623048,130.2899932861328,124.88999938964844,129.6199951171875,127.45677947998048,87754700
2023-01-09,130.47000122070312,133.41000366210938,129.88999938964844,130.14999389648438,127.97793579101562,70790800
2023-01-10,130.25999450683594,131.25999450683594,128.1199951171875,130.72999572753906,128.5482635498047,63896200
2023-01-11,131.25,133.50999450683594,130.4600067138672,133.49000549316406,131.26219177246094,69458900
2023-01-12,133.8800048828125,134.25999450683594,131.44000244140625,133.41000366210938,131.18353271484375,71379600
2023-01-13,132.02999877929688,134.9199981689453,131.66000366210938,134.75999450683594,132.510986328125,57809700
2023-01-17,134.8300018310547,137.2899932861328,134.1300048828125,135.94000244140625,133.67129516601562,63646600
2023-01-18,136.82000732421875,138.61000061035156,135.02999877929688,135.2100067138672,132.95350646972656,69672800
2023-01-19,134.0800018310547,136.25,133.77000427246094,135.27000427246094,133.012451171875,58280400
2023-01-20,135.27999877929688,138.02000427246094,134.22000122070312,137.8699951171875,135.569091796875,80223600
2023-01-23,138.1199951171875,143.32000732421875,137.89999389648438,141.11000061035156,138.7550048828125,81760300
2023-01-24,140.30999755859375,143.16000366210938,140.3000030517578,142.52999877929688,140.1513214111328,66435100
2023-01-25,140.88999938964844,142.42999267578125,138.80999755859375,141.86000061035156,139.49249267578125,65799300
2023-01-26,143.1699981689453,144.25,141.89999389648438,143.9600067138672,141.55746459960938,54105100
2023-01-27,143.16000366210938,147.22999572753906,143.0800018310547,145.92999267578125,143.4945526123047,70555800
2023-01-30,144.9600067138672,145.5500030517578,142.85000610351562,143.0,140.61346435546875,64015300
2023-01-31,142.6999969482422,144.33999633789062,142.27999877929688,144.2899932861328,141.88194274902344,65874500
2023-02-01,143.97000122070312,146.61000061035156,141.32000732421875,145.42999267578125,143.0029296875,77663600
2023-02-02,148.89999389648438,151.17999267578125,148.1699981689453,150.82000732421875,148.30294799804688,118339000
2023-02-03,148.02999877929688,157.3800048828125,147.8300018310547,154.5,151.92160034179688,154357300
2023-02-06,152.57000732421875,153.10000610351562,150.77999877929688,151.72999572753906,149.19778442382812,69858300
2023-02-07,150.63999938964844,155.22999572753906,150.63999938964844,154.64999389648438,152.06907653808594,83322600
2023-02-08,153.8800048828125,154.5800018310547,151.1699981689453,151.9199981689453,149.38461303710938,64120100
2023-02-09,153.77999877929688,154.3300018310547,150.4199981689453,150.8699951171875,148.35214233398438,56007100
2023-02-10,149.4600067138672,151.33999633789062,149.22000122070312,151.00999450683594,148.71653747558594,57450700
2023-02-13,150.9499969482422,154.25999450683594,150.9199981689453,153.85000610351562,151.51339721679688,62199000
2023-02-14,152.1199951171875,153.77000427246094,150.86000061035156,153.1999969482422,150.87326049804688,61707600
2023-02-15,153.11000061035156,155.5,152.8800048828125,155.3300018310547,152.97093200683594,65573800
2023-02-16,153.50999450683594,156.3300018310547,153.35000610351562,153.7100067138672,151.37551879882812,68167900
2023-02-17,152.35000610351562,153.0,150.85000610351562,152.5500030517578,150.233154296875,59144100
2023-02-21,150.1999969482422,151.3000030517578,148.41000366210938,148.47999572753906,146.22496032714844,58867200
2023-02-22,148.8699951171875,149.9499969482422,147.16000366210938,148.91000366210938,146.6484375,51011300
2023-02-23,150.08999633789062,150.33999633789062,147.24000549316406,149.39999389648438,147.13096618652344,48394200
2023-02-24,147.11000061035156,147.19000244140625,145.72000122070312,146.7100067138672,144.4818572998047,55469600
2023-02-27,147.7100067138672,149.1699981689453,147.4499969482422,147.9199981689453,145.67344665527344,44998500
2023-02-28,147.0500030517578,149.0800018310547,146.8300018310547,147.41000366210938,145.1711883544922,50547000
2023-03-01,146.8300018310547,147.22999572753906,145.00999450683594,145.30999755859375,143.10308837890625,55479000
2023-03-02,144.3800048828125,146.7100067138672,143.89999389648438,145.91000366210938,143.69398498535156,52238100
2023-03-03,148.0399932861328,151.11000061035156,147.3300018310547,151.02999877929688,148.73622131347656,70732300
2023-03-06,153.7899932861328,156.3000030517578,153.4600067138672,153.8300018310547,151.49371337890625,87558000
2023-03-07,153.6999969482422,154.02999877929688,151.1300048828125,151.60000610351562,149.29757690429688,56182000
2023-03-08,152.80999755859375,153.47000122070312,151.8300018310547,152.8699951171875,150.5482940673828,47204800
2023-03-09,153.55999755859375,154.5399932861328,150.22999572753906,150.58999633789062,148.3029327392578,53833600
2023-03-10,150.2100067138672,150.94000244140625,147.61000061035156,148.5,146.24464416503906,68572400
2023-03-13,147.80999755859375,153.13999938964844,147.6999969482422,150.47000122070312,148.18472290039062,84457100
2023-03-14,151.27999877929688,153.39999389648438,150.10000610351562,152.58999633789062,150.27249145507812,73695900
2023-03-15,151.19000244140625,153.25,149.9199981689453,152.99000549316406,150.66644287109375,77167900
2023-03-16,152.16000366210938,156.4600067138672,151.63999938964844,155.85000610351562,153.48301696777344,76161100
2023-03-17,156.0800018310547,156.74000549316406,154.27999877929688,155.0,152.6459503173828,98944600
2023-03-20,155.07000732421875,157.82000732421875,154.14999389648438,157.39999389648438,155.00942993164062,73641400
2023-03-21,157.32000732421875,159.39999389648438,156.5399932861328,159.27999877929688,156.8609161376953,73938300
2023-03-22,159.3000030517578,162.13999938964844,157.80999755859375,157.8300018310547,155.4329376220703,75701800
2023-03-23,158.8300018310547,161.5500030517578,157.67999267578125,158.92999267578125,156.51620483398438,67622100
2023-03-24,158.86000061035156,160.33999633789062,157.85000610351562,160.25,157.81617736816406,59196500
2023-03-27,159.94000244140625,160.77000427246094,157.8699951171875,158.27999877929688,155.87612915039062,52390300
2023-03-28,157.97000122070312,158.49000549316406,155.97999572753906,157.64999389648438,155.25567626953125,45992200
2023-03-29,159.3699951171875,161.0500030517578,159.35000610351562,160.77000427246094,158.32827758789062,51305700
2023-03-30,161.52999877929688,162.47000122070312,161.27000427246094,162.36000061035156,159.8941650390625,49501700
2023-03-31,162.44000244140625,165.0,161.91000366210938,164.89999389648438,162.3955841064453,68749800
2023-04-03,164.27000427246094,166.2899932861328,164.22000122070312,166.1699981689453,163.64627075195312,56976200
2023-04-04,166.60000610351562,166.83999633789062,165.11000061035156,165.6300048828125,163.11451721191406,46278300
2023-04-05,164.74000549316406,165.0500030517578,161.8000030517578,163.75999450683594,161.2728729248047,51511700
2023-04-06,162.42999267578125,164.9600067138672,162.0,164.66000366210938,162.1592254638672,45390100
2023-04-10,161.4199981689453,162.02999877929688,160.0800018310547,162.02999877929688,159.5691680908203,47716900
2023-04-11,162.35000610351562,162.36000061035156,160.50999450683594,160.8000030517578,158.3578338623047,47644200
2023-04-12,161.22000122070312,162.05999755859375,159.77999877929688,160.10000610351562,157.66848754882812,50133100
2023-04-13,161.6300048828125,165.8000030517578,161.4199981689453,165.55999755859375,163.0455780029297,68445600
2023-04-14,164.58999633789062,166.32000732421875,163.82000732421875,165.2100067138672,162.70089721679688,49386500
2023-04-17,165.08999633789062,165.38999938964844,164.02999877929688,165.22999572753906,162.72056579589844,41516200
2023-04-18,166.10000610351562,167.41000366210938,165.64999389648438,166.47000122070312,163.9416961669922,49923000
2023-04-19,165.8000030517578,168.16000366210938,165.5399932861328,167.6300048828125,165.08412170410156,47720200
2023-04-20,166.08999633789062,167.8699951171875,165.55999755859375,166.64999389648438,164.11898803710938,52456400
2023-04-21,165.0500030517578,166.4499969482422,164.49000549316406,165.02000427246094,162.51373291015625,58337300
2023-04-24,165.0,165.60000610351562,163.88999938964844,165.3300018310547,162.8190155029297,41949600
2023-04-25,165.19000244140625,166.30999755859375,163.72999572753906,163.77000427246094,161.28271484375,48714100
2023-04-26,163.05999755859375,165.27999877929688,162.8000030517578,163.75999450683594,161.2728729248047,45498800
2023-04-27,165.19000244140625,168.55999755859375,165.19000244140625,168.41000366210938,165.8522491455078,64902300
2023-04-28,168.49000549316406,169.85000610351562,167.8800048828125,169.67999267578125,167.10293579101562,55275900
2023-05-01,169.27999877929688,170.4499969482422,168.63999938964844,169.58999633789062,167.0143280029297,52472900
2023-05-02,170.08999633789062,170.35000610351562,167.5399932861328,168.5399932861328,165.9803009033203,48425700
2023-05-03,169.5,170.9199981689453,167.16000366210938,167.4499969482422,164.90684509277344,65136000
2023-05-04,164.88999938964844,167.0399932861328,164.30999755859375,165.7899932861328,163.2720184326172,81235400
2023-05-05,170.97999572753906,174.3000030517578,170.75999450683594,173.57000732421875,170.93389892578125,113453200
2023-05-08,172.47999572753906,173.85000610351562,172.11000061035156,173.5,170.864990234375,55962800
2023-05-09,173.0500030517578,173.5399932861328,171.60000610351562,171.77000427246094,169.16123962402344,45326900
2023-05-10,173.02000427246094,174.02999877929688,171.89999389648438,173.55999755859375,170.92404174804688,53724500
2023-05-11,173.85000610351562,174.58999633789062,172.1699981689453,173.75,171.1111602783203,49514700
2023-05-12,173.6199951171875,174.05999755859375,171.0,172.57000732421875,170.1841583251953,45533100
2023-05-15,173.16000366210938,173.2100067138672,171.47000122070312,172.07000732421875,169.6911163330078,37266700
2023-05-16,171.99000549316406,173.13999938964844,171.8000030517578,172.07000732421875,169.6911163330078,42110300
2023-05-17,171.7100067138672,172.92999267578125,170.4199981689453,172.69000244140625,170.30247497558594,57951600
2023-05-18,173.0,175.24000549316406,172.5800018310547,175.0500030517578,172.6298828125,65496700
2023-05-19,176.38999938964844,176.38999938964844,174.94000244140625,175.16000366210938,172.73834228515625,55809500
2023-05-22,173.97999572753906,174.7100067138672,173.4499969482422,174.1999969482422,171.7916259765625,43570900
2023-05-23,173.1300048828125,173.3800048828125,171.27999877929688,171.55999755859375,169.18814086914062,50747300
2023-05-24,171.08999633789062,172.4199981689453,170.52000427246094,171.83999633789062,169.46424865722656,45143500
2023-05-25,172.41000366210938,173.89999389648438,171.69000244140625,172.99000549316406,170.5983428955078,56058300
2023-05-26,173.32000732421875,175.77000427246094,173.11000061035156,175.42999267578125,173.00460815429688,54835000
2023-05-30,176.9600067138672,178.99000549316406,176.57000732421875,177.3000030517578,174.84877014160156,55964400
2023-05-31,177.3300018310547,179.35000610351562,176.75999450683594,177.25,174.7994384765625,99625300
2023-06-01,177.6999969482422,180.1199951171875,176.92999267578125,180.08999633789062,177.60018920898438,68901800
2023-06-02,181.02999877929688,181.77999877929688,179.25999450683594,180.9499969482422,178.4483184814453,61996900
2023-06-05,182.6300048828125,184.9499969482422,178.0399932861328,179.5800018310547,177.0972137451172,121946500
2023-06-06,179.97000122070312,180.1199951171875,177.42999267578125,179.2100067138672,176.7323455810547,64848400
2023-06-07,178.44000244140625,181.2100067138672,177.32000732421875,177.82000732421875,175.361572265625,61944600
2023-06-08,177.89999389648438,180.83999633789065,177.4600067138672,180.57000732421875,178.07354736328125,50214900
2023-06-09,181.5,182.22999572753903,180.6300048828125,180.9600067138672,178.45816040039062,48900000
2023-06-12,181.2700042724609,183.88999938964844,180.97000122070312,183.7899932861328,181.24899291992188,54274900
2023-06-13,182.8000030517578,184.1499938964844,182.44000244140625,183.3099975585937,180.77566528320312,54929100
2023-06-14,183.3699951171875,184.38999938964844,182.0200042724609,183.9499969482422,181.4068145751953,57462900
2023-06-15,183.9600067138672,186.5200042724609,183.77999877929688,186.009994506836,183.4383544921875,65433200
2023-06-16,186.72999572753903,186.9900054931641,184.2700042724609,184.9199981689453,182.36343383789065,101256200
2023-06-20,184.4100036621093,186.1000061035156,184.4100036621093,185.009994506836,182.45216369628903,49799100
2023-06-21,184.8999938964844,185.4100036621093,182.58999633789065,183.9600067138672,181.41668701171875,49515700
2023-06-22,183.7400054931641,187.0500030517578,183.6699981689453,187.0,184.4146270751953,51245300
2023-06-23,185.5500030517578,187.5599975585937,185.009994506836,186.67999267578125,184.0990753173828,53117000
2023-06-26,186.8300018310547,188.0500030517578,185.22999572753903,185.2700042724609,182.7085876464844,48088700
2023-06-27,185.88999938964844,188.38999938964844,185.6699981689453,188.0599975585937,185.4600067138672,50730800
2023-06-28,187.92999267578125,189.8999938964844,187.6000061035156,189.25,186.633544921875,51216800
2023-06-29,189.0800018310547,190.07000732421875,188.94000244140625,189.58999633789065,186.9688720703125,46347300
2023-06-30,191.6300048828125,194.47999572753903,191.259994506836,193.97000122070312,191.288314819336,85213200
2023-07-03,193.77999877929688,193.8800048828125,191.759994506836,192.4600067138672,189.7991638183593,31458200
2023-07-05,191.57000732421875,192.97999572753903,190.6199951171875,191.3300018310547,188.684799194336,46920300
2023-07-06,189.83999633789065,192.0200042724609,189.1999969482422,191.8099975585937,189.1581573486328,45094300
2023-07-07,191.4100036621093,192.6699981689453,190.2400054931641,190.67999267578125,188.0437774658203,46815000
2023-07-10,189.259994506836,189.9900054931641,187.0399932861328,188.6100006103516,186.00241088867188,59922200
2023-07-11,189.1600036621093,189.3000030517578,186.6000061035156,188.0800018310547,185.479736328125,46638100
2023-07-12,189.67999267578125,191.6999969482422,188.47000122070312,189.7700042724609,187.14637756347656,60750200
2023-07-13,190.5,191.19000244140625,189.77999877929688,190.5399932861328,187.9057006835937,41342300
2023-07-14,190.22999572753903,191.17999267578125,189.6300048828125,190.69000244140625,188.0536499023437,41616200
2023-07-17,191.8999938964844,194.32000732421875,191.8099975585937,193.9900054931641,191.3080291748047,50520200
2023-07-18,193.3500061035156,194.3300018310547,192.4199981689453,193.72999572753903,191.0516052246093,48288200
2023-07-19,193.1000061035156,198.22999572753903,192.6499938964844,195.1000061035156,192.40264892578125,80507300
2023-07-20,195.08999633789065,196.47000122070312,192.5,193.1300048828125,190.4599151611328,59581200
2023-07-21,194.1000061035156,194.97000122070312,191.22999572753903,191.94000244140625,189.286361694336,71951700
2023-07-24,193.4100036621093,194.9100036621093,192.25,192.75,190.08514404296875,45377800
2023-07-25,193.3300018310547,194.44000244140625,192.9199981689453,193.6199951171875,190.943099975586,37283200
2023-07-26,193.6699981689453,195.63999938964844,193.32000732421875,194.5,191.8109893798828,47471900
2023-07-27,196.0200042724609,197.1999969482422,192.5500030517578,193.22000122070312,190.54864501953125,47460200
2023-07-28,194.6699981689453,196.6300048828125,194.13999938964844,195.8300018310547,193.12261962890625,48291400
2023-07-31,196.0599975585937,196.4900054931641,195.259994506836,196.4499969482422,193.7339782714844,38824100
2023-08-01,196.2400054931641,196.72999572753903,195.27999877929688,195.6100006103516,192.90562438964844,35175100
2023-08-02,195.0399932861328,195.17999267578125,191.8500061035156,192.5800018310547,189.91748046875,50389300
2023-08-03,191.57000732421875,192.3699951171875,190.69000244140625,191.1699981689453,188.5269927978516,61235200
2023-08-04,185.5200042724609,187.3800048828125,181.9199981689453,181.9900054931641,179.47393798828125,115956800
2023-08-07,182.1300048828125,183.1300048828125,177.35000610351562,178.85000610351562,176.37734985351562,97576100
2023-08-08,179.69000244140625,180.2700042724609,177.5800018310547,179.8000030517578,177.314208984375,67823000
2023-08-09,180.8699951171875,180.92999267578125,177.00999450683594,178.19000244140625,175.72645568847656,60378500
2023-08-10,179.47999572753906,180.75,177.60000610351562,177.97000122070312,175.50950622558594,54686900
2023-08-11,177.32000732421875,178.6199951171875,176.5500030517578,177.7899932861328,175.5687255859375,52036700
2023-08-14,177.97000122070312,179.69000244140625,177.30999755859375,179.4600067138672,177.2178955078125,43675600
2023-08-15,178.8800048828125,179.47999572753906,177.0500030517578,177.4499969482422,175.23300170898438,43622600
2023-08-16,177.1300048828125,178.5399932861328,176.5,176.57000732421875,174.36399841308594,46964900
2023-08-17,177.13999938964844,177.50999450683594,173.47999572753906,174.0,171.8260955810547,66062900
2023-08-18,172.3000030517578,175.10000610351562,171.9600067138672,174.49000549316406,172.3099822998047,61172200
2023-08-21,175.07000732421875,176.1300048828125,173.74000549316406,175.83999633789062,173.64309692382812,46311900
2023-08-22,177.05999755859375,177.67999267578125,176.25,177.22999572753906,175.0157470703125,42038900
2023-08-23,178.52000427246094,181.5500030517578,178.3300018310547,181.1199951171875,178.85716247558594,52722800
2023-08-24,180.6699981689453,181.1000061035156,176.00999450683594,176.3800048828125,174.17637634277344,54945800
2023-08-25,177.3800048828125,179.14999389648438,175.82000732421875,178.61000061035156,176.37850952148438,51449600
2023-08-28,180.08999633789062,180.58999633789065,178.5500030517578,180.19000244140625,177.9387664794922,43820700
2023-08-29,179.6999969482422,184.8999938964844,179.5,184.1199951171875,181.8196258544922,53003900
2023-08-30,184.94000244140625,187.8500061035156,184.7400054931641,187.6499938964844,185.30555725097656,60813900
2023-08-31,187.83999633789065,189.1199951171875,187.47999572753903,187.8699951171875,185.52281188964844,60794500
2023-09-01,189.4900054931641,189.9199981689453,188.27999877929688,189.4600067138672,187.0929412841797,45766500
2023-09-05,188.27999877929688,189.97999572753903,187.6100006103516,189.6999969482422,187.3299560546875,45280000
2023-09-06,188.3999938964844,188.8500061035156,181.47000122070312,182.9100036621093,180.6247711181641,81755800
2023-09-07,175.17999267578125,178.2100067138672,173.5399932861328,177.55999755859375,175.3416290283203,112488800
2023-09-08,178.35000610351562,180.2400054931641,177.7899932861328,178.17999267578125,175.953857421875,65551300
2023-09-11,180.07000732421875,180.3000030517578,177.33999633789062,179.36000061035156,177.11911010742188,58953100
2023-09-12,179.49000549316406,180.1300048828125,174.82000732421875,176.3000030517578,174.09738159179688,90370200
2023-09-13,176.50999450683594,177.3000030517578,173.97999572753906,174.2100067138672,172.03346252441406,84267900
2023-09-14,174.0,176.10000610351562,173.5800018310547,175.74000549316406,173.5443572998047,60895800
2023-09-15,176.47999572753906,176.5,173.82000732421875,175.00999450683594,172.823486328125,109259500
2023-09-18,176.47999572753906,179.3800048828125,176.1699981689453,177.97000122070312,175.7465057373047,67257600
2023-09-19,177.52000427246094,179.6300048828125,177.1300048828125,179.07000732421875,176.83277893066406,51826900
2023-09-20,179.25999450683594,179.6999969482422,175.39999389648438,175.49000549316406,173.29750061035156,58436200
2023-09-21,174.5500030517578,176.3000030517578,173.86000061035156,173.92999267578125,171.7569580078125,63149100
2023-09-22,174.6699981689453,177.0800018310547,174.0500030517578,174.7899932861328,172.60623168945312,56725400
2023-09-25,174.1999969482422,176.97000122070312,174.14999389648438,176.0800018310547,173.88009643554688,46172700
2023-09-26,174.82000732421875,175.1999969482422,171.66000366210938,171.9600067138672,169.8115997314453,64588900
2023-09-27,172.6199951171875,173.0399932861328,169.0500030517578,170.42999267578125,168.30068969726562,66921800
2023-09-28,169.33999633789062,172.02999877929688,167.6199951171875,170.69000244140625,168.55747985839844,56294400
2023-09-29,172.02000427246094,173.07000732421875,170.33999633789062,171.2100067138672,169.07093811035156,51861100
2023-10-02,171.22000122070312,174.3000030517578,170.92999267578125,173.75,171.57920837402344,52164500
2023-10-03,172.25999450683594,173.6300048828125,170.82000732421875,172.39999389648438,170.24610900878906,49594600
2023-10-04,171.08999633789062,174.2100067138672,170.97000122070312,173.66000366210938,171.49037170410156,53020300
2023-10-05,173.7899932861328,175.4499969482422,172.67999267578125,174.91000366210938,172.7247314453125,48527900
2023-10-06,173.8000030517578,177.99000549316406,173.17999267578125,177.49000549316406,175.27249145507812,57266700
2023-10-09,176.80999755859375,179.0500030517578,175.8000030517578,178.99000549316406,176.75375366210938,42390800
2023-10-10,178.10000610351562,179.72000122070312,177.9499969482422,178.38999938964844,176.16123962402344,43698000
2023-10-11,178.1999969482422,179.85000610351562,177.60000610351562,179.8000030517578,177.55364990234375,47551100
2023-10-12,180.07000732421875,182.33999633789065,179.0399932861328,180.7100067138672,178.4522705078125,56743100
2023-10-13,181.4199981689453,181.92999267578125,178.13999938964844,178.85000610351562,176.61550903320312,51427100
2023-10-16,176.75,179.0800018310547,176.50999450683594,178.72000122070312,176.4871368408203,52517000
2023-10-17,176.64999389648438,178.4199981689453,174.8000030517578,177.14999389648438,174.9367218017578,57549400
2023-10-18,175.5800018310547,177.5800018310547,175.11000061035156,175.83999633789062,173.64309692382812,54764400
2023-10-19,176.0399932861328,177.83999633789062,175.19000244140625,175.4600067138672,173.2678680419922,59302900
2023-10-20,175.30999755859375,175.4199981689453,172.63999938964844,172.8800048828125,170.72012329101562,64244000
2023-10-23,170.91000366210938,174.00999450683594,169.92999267578125,173.0,170.83859252929688,55980100
2023-10-24,173.0500030517578,173.6699981689453,171.4499969482422,173.44000244140625,171.27308654785156,43816600
2023-10-25,171.8800048828125,173.05999755859375,170.64999389648438,171.10000610351562,168.96234130859375,57157000
2023-10-26,170.3699951171875,171.3800048828125,165.6699981689453,166.88999938964844,164.804931640625,70625300
2023-10-27,166.91000366210938,168.9600067138672,166.8300018310547,168.22000122070312,166.1183319091797,58499100
2023-10-30,169.02000427246094,171.1699981689453,168.8699951171875,170.2899932861328,168.1624298095703,51131000
2023-10-31,169.35000610351562,170.89999389648438,167.89999389648438,170.77000427246094,168.636474609375,44846000
2023-11-01,171.0,174.22999572753906,170.1199951171875,173.97000122070312,171.79647827148438,56934900
2023-11-02,175.52000427246094,177.77999877929688,175.4600067138672,177.57000732421875,175.35150146484375,77334800
2023-11-03,174.24000549316406,176.82000732421875,173.35000610351562,176.64999389648438,174.44296264648438,79829200
2023-11-06,176.3800048828125,179.42999267578125,176.2100067138672,179.22999572753906,176.9907684326172,63841300
2023-11-07,179.17999267578125,182.44000244140625,178.97000122070312,181.82000732421875,179.54837036132812,70530000
2023-11-08,182.3500061035156,183.4499969482422,181.58999633789065,182.88999938964844,180.6050262451172,49340300
2023-11-09,182.9600067138672,184.1199951171875,181.8099975585937,182.4100036621093,180.1310272216797,53763500
2023-11-10,183.97000122070312,186.57000732421875,183.52999877929688,186.3999938964844,184.3136749267578,66133400
2023-11-13,185.82000732421875,186.02999877929688,184.2100067138672,184.8000030517578,182.7316131591797,43627500
2023-11-14,187.6999969482422,188.1100006103516,186.3000030517578,187.44000244140625,185.3420562744141,60108400
2023-11-15,187.8500061035156,189.5,187.77999877929688,188.009994506836,185.90565490722656,53790500
2023-11-16,189.57000732421875,190.9600067138672,188.6499938964844,189.7100067138672,187.586654663086,54412900
2023-11-17,190.25,190.3800048828125,188.57000732421875,189.69000244140625,187.5668487548828,50922700
2023-11-20,189.88999938964844,191.9100036621093,189.8800048828125,191.4499969482422,189.30715942382807,46505100
2023-11-21,191.4100036621093,191.5200042724609,189.7400054931641,190.63999938964844,188.50624084472656,38134500
2023-11-22,191.4900054931641,192.92999267578125,190.8300018310547,191.3099975585937,189.1687164306641,39617700
2023-11-24,190.8699951171875,190.8999938964844,189.25,189.97000122070312,187.8437347412109,24048300
2023-11-27,189.9199981689453,190.6699981689453,188.8999938964844,189.7899932861328,187.66574096679688,40552600
2023-11-28,189.77999877929688,191.0800018310547,189.3999938964844,190.3999938964844,188.26890563964844,38415400
2023-11-29,190.8999938964844,192.08999633789065,188.97000122070312,189.3699951171875,187.2504272460937,43014200
2023-11-30,189.83999633789065,190.32000732421875,188.19000244140625,189.9499969482422,187.823959350586,48794400
2023-12-01,190.3300018310547,191.5599975585937,189.22999572753903,191.2400054931641,189.0995330810547,45704800
2023-12-04,189.97999572753903,190.0500030517578,187.4499969482422,189.42999267578125,187.30975341796875,43389500
2023-12-05,190.2100067138672,194.3999938964844,190.17999267578125,193.4199981689453,191.25509643554688,66628400
2023-12-06,194.4499969482422,194.759994506836,192.1100006103516,192.32000732421875,190.1674194335937,41089700
2023-12-07,193.6300048828125,195.0,193.58999633789065,194.2700042724609,192.09559631347656,47477700
2023-12-08,194.1999969482422,195.9900054931641,193.6699981689453,195.7100067138672,193.5194702148437,53406400
2023-12-11,193.1100006103516,193.4900054931641,191.4199981689453,193.17999267578125,191.01779174804688,60943700
2023-12-12,193.0800018310547,194.72000122070312,191.72000122070312,194.7100067138672,192.5306854248047,52696900
2023-12-13,195.08999633789065,198.0,194.8500061035156,197.9600067138672,195.74432373046875,70404200
2023-12-14,198.0200042724609,199.6199951171875,196.1600036621093,198.1100006103516,195.89263916015625,66831600
2023-12-15,197.52999877929688,198.3999938964844,197.0,197.57000732421875,195.3586883544922,128538400
2023-12-18,196.08999633789065,196.6300048828125,194.38999938964844,195.88999938964844,193.6974639892578,55751900
2023-12-19,196.1600036621093,196.9499969482422,195.88999938964844,196.94000244140625,194.7357177734375,40714100
2023-12-20,196.8999938964844,197.67999267578125,194.8300018310547,194.8300018310547,192.6493530273437,52242800
2023-12-21,196.1000061035156,197.0800018310547,193.5,194.67999267578125,192.50100708007807,46482500
2023-12-22,195.17999267578125,195.4100036621093,192.97000122070312,193.6000061035156,191.4330902099609,37149600
2023-12-26,193.6100006103516,193.88999938964844,192.8300018310547,193.0500030517578,190.88926696777344,28919300
2023-12-27,192.4900054931641,193.5,191.08999633789065,193.1499938964844,190.9881286621093,48087700
2023-12-28,194.13999938964844,194.6600036621093,193.1699981689453,193.5800018310547,191.413330078125,34049900
2023-12-29,193.8999938964844,194.3999938964844,191.72999572753903,192.52999877929688,190.3750762939453,42672100
2024-01-02,187.1499938964844,188.44000244140625,183.88999938964844,185.63999938964844,183.56216430664065,82488700
2024-01-03,184.22000122070312,185.8800048828125,183.42999267578125,184.25,182.187744140625,58414500
2024-01-04,182.1499938964844,183.08999633789065,180.8800048828125,181.9100036621093,179.87393188476562,71983600
2024-01-05,181.9900054931641,182.759994506836,180.1699981689453,181.17999267578125,179.152099609375,62379700
2024-01-08,182.08999633789065,185.6000061035156,181.5,185.5599975585937,183.48306274414065,59144500
2024-01-09,183.9199981689453,185.1499938964844,182.72999572753903,185.13999938964844,183.06776428222656,42841800
2024-01-10,184.3500061035156,186.3999938964844,183.9199981689453,186.19000244140625,184.1060485839844,46792900
2024-01-11,186.5399932861328,187.0500030517578,183.6199951171875,185.58999633789065,183.51275634765625,49128400
2024-01-12,186.0599975585937,186.7400054931641,185.19000244140625,185.9199981689453,183.83905029296875,40477800
2024-01-16,182.1600036621093,184.259994506836,180.92999267578125,183.6300048828125,181.5746917724609,65603000
2024-01-17,181.2700042724609,182.92999267578125,180.3000030517578,182.67999267578125,180.63531494140625,47317400
2024-01-18,186.08999633789065,189.13999938964844,185.8300018310547,188.6300048828125,186.5187225341797,78005800
2024-01-19,189.3300018310547,191.9499969482422,188.82000732421875,191.5599975585937,189.4159393310547,68903000
2024-01-22,192.3000030517578,195.3300018310547,192.259994506836,193.88999938964844,191.7198486328125,60133900
2024-01-23,195.0200042724609,195.75,193.8300018310547,195.17999267578125,192.99542236328125,42355600
2024-01-24,195.4199981689453,196.3800048828125,194.33999633789065,194.5,192.3230438232422,53631300
2024-01-25,195.22000122070312,196.2700042724609,193.1100006103516,194.1699981689453,191.9967498779297,54822100
2024-01-26,194.2700042724609,194.759994506836,191.94000244140625,192.4199981689453,190.26629638671875,44594000
2024-01-29,192.009994506836,192.1999969482422,189.5800018310547,191.72999572753903,189.58399963378903,47145600
2024-01-30,190.94000244140625,191.8000030517578,187.47000122070312,188.0399932861328,185.93533325195312,55859400
2024-01-31,187.0399932861328,187.1000061035156,184.3500061035156,184.3999938964844,182.3360595703125,55467800
2024-02-01,183.9900054931641,186.9499969482422,183.82000732421875,186.8600006103516,184.7685394287109,64885400
2024-02-02,179.86000061035156,187.3300018310547,179.25,185.8500061035156,183.7698211669922,102551700
2024-02-05,188.1499938964844,189.25,185.83999633789065,187.67999267578125,185.579330444336,69668800
2024-02-06,186.8600006103516,189.3099975585937,186.7700042724609,189.3000030517578,187.1812438964844,43490800
2024-02-07,190.63999938964844,191.0500030517578,188.6100006103516,189.4100036621093,187.2899780273437,53439000
2024-02-08,189.38999938964844,189.5399932861328,187.3500061035156,188.32000732421875,186.2122039794922,40962000
2024-02-09,188.6499938964844,189.9900054931641,188.0,188.8500061035156,186.9745330810547,45155200
2024-02-12,188.4199981689453,188.6699981689453,186.7899932861328,187.1499938964844,185.2914276123047,41781900
2024-02-13,185.7700042724609,186.2100067138672,183.509994506836,185.0399932861328,183.20236206054688,56529500
2024-02-14,185.32000732421875,185.52999877929688,182.44000244140625,184.1499938964844,182.3211975097656,54630500
2024-02-15,183.5500030517578,184.4900054931641,181.3500061035156,183.8600006103516,182.03407287597656,65434500
2024-02-16,183.4199981689453,184.8500061035156,181.6699981689453,182.3099975585937,180.49948120117188,49752500
2024-02-20,181.7899932861328,182.42999267578125,180.0,181.5599975585937,179.75694274902344,53665600
2024-02-21,181.94000244140625,182.88999938964844,180.6600036621093,182.32000732421875,180.5094146728516,41371400
2024-02-22,183.47999572753903,184.9600067138672,182.4600067138672,184.3699951171875,182.53903198242188,52292200
2024-02-23,185.009994506836,185.0399932861328,182.22999572753903,182.5200042724609,180.7074279785156,45119700
2024-02-26,182.2400054931641,182.759994506836,180.6499938964844,181.1600036621093,179.3609161376953,40867400
2024-02-27,181.1000061035156,183.9199981689453,179.55999755859375,182.6300048828125,180.8163299560547,54318900
2024-02-28,182.509994506836,183.1199951171875,180.1300048828125,181.4199981689453,179.6183319091797,48953900
2024-02-29,181.2700042724609,182.57000732421875,179.52999877929688,180.75,178.9549560546875,136682600
2024-03-01,179.5500030517578,180.52999877929688,177.3800048828125,179.66000366210938,177.8758087158203,73563100
2024-03-04,176.14999389648438,176.89999389648438,173.7899932861328,175.10000610351562,173.36109924316406,81510100
2024-03-05,170.75999450683594,172.0399932861328,169.6199951171875,170.1199951171875,168.4305419921875,95132400
2024-03-06,171.05999755859375,171.24000549316406,168.67999267578125,169.1199951171875,167.4404754638672,68587700
2024-03-07,169.14999389648438,170.72999572753906,168.49000549316406,169.0,167.32164001464844,71765100
2024-03-08,169.0,173.6999969482422,168.94000244140625,170.72999572753906,169.03448486328125,76267000
2024-03-11,172.94000244140625,174.3800048828125,172.0500030517578,172.75,171.034423828125,60139500
2024-03-12,173.14999389648438,174.02999877929688,171.00999450683594,173.22999572753906,171.50967407226562,59825400
2024-03-13,172.77000427246094,173.19000244140625,170.75999450683594,171.1300048828125,169.4305419921875,52488700
2024-03-14,172.91000366210938,174.30999755859375,172.0500030517578,173.0,171.28195190429688,72913500
2024-03-15,171.1699981689453,172.6199951171875,170.2899932861328,172.6199951171875,170.90570068359375,121752700
2024-03-18,175.57000732421875,177.7100067138672,173.52000427246094,173.72000122070312,171.9947967529297,75604200
2024-03-19,174.33999633789062,176.61000061035156,173.02999877929688,176.0800018310547,174.33135986328125,55215200
2024-03-20,175.72000122070312,178.6699981689453,175.08999633789062,178.6699981689453,176.8956298828125,53423100
2024-03-21,177.0500030517578,177.49000549316406,170.83999633789062,171.3699951171875,169.6681365966797,106181300
2024-03-22,171.75999450683594,173.0500030517578,170.05999755859375,172.27999877929688,170.569091796875,71160100
2024-03-25,170.57000732421875,171.94000244140625,169.4499969482422,170.85000610351562,169.15333557128906,54288300
2024-03-26,170.0,171.4199981689453,169.5800018310547,169.7100067138672,168.0246124267578,57388400
2024-03-27,170.41000366210938,173.60000610351562,170.11000061035156,173.30999755859375,171.58888244628906,60273300
2024-03-28,171.75,172.22999572753906,170.50999450683594,171.47999572753906,169.77700805664062,65672700
2024-04-01,171.19000244140625,171.25,169.47999572753906,170.02999877929688,168.3414306640625,46240500
2024-04-02,169.0800018310547,169.33999633789062,168.22999572753906,168.83999633789062,167.1632537841797,49329500
2024-04-03,168.7899932861328,170.67999267578125,168.5800018310547,169.64999389648438,167.9652099609375,47691700
2024-04-04,170.2899932861328,171.9199981689453,168.82000732421875,168.82000732421875,167.14346313476562,53704400
2024-04-05,169.58999633789062,170.38999938964844,168.9499969482422,169.5800018310547,167.8959197998047,42104800
2024-04-08,169.02999877929688,169.1999969482422,168.24000549316406,168.4499969482422,166.7771453857422,37425500
2024-04-09,168.6999969482422,170.0800018310547,168.35000610351562,169.6699981689453,167.98500061035156,42373800
2024-04-10,168.8000030517578,169.08999633789062,167.11000061035156,167.77999877929688,166.11380004882812,49709300
2024-04-11,168.33999633789062,175.4600067138672,168.16000366210938,175.0399932861328,173.30166625976562,91070300
2024-04-12,174.25999450683594,178.36000061035156,174.2100067138672,176.5500030517578,174.79669189453125,101670900
2024-04-15,175.36000061035156,176.6300048828125,172.5,172.69000244140625,170.97500610351562,73531800
2024-04-16,171.75,173.75999450683594,168.27000427246094,169.3800048828125,167.69790649414062,73711200
2024-04-17,169.61000061035156,170.64999389648438,168.0,168.0,166.33160400390625,50901200
2024-04-18,168.02999877929688,168.63999938964844,166.5500030517578,167.0399932861328,165.38113403320312,43122900
2024-04-19,166.2100067138672,166.39999389648438,164.0800018310547,165.0,163.36141967773438,68149400
2024-04-22,165.52000427246094,167.25999450683594,164.77000427246094,165.83999633789062,164.19305419921875,48116400
2024-04-23,165.35000610351562,167.0500030517578,164.9199981689453,166.89999389648438,165.2425079345703,49537800
2024-04-24,166.5399932861328,169.3000030517578,166.2100067138672,169.02000427246094,167.3414764404297,48251800
2024-04-25,169.52999877929688,170.61000061035156,168.14999389648438,169.88999938964844,168.2028350830078,50558300
2024-04-26,169.8800048828125,171.33999633789062,169.17999267578125,169.3000030517578,167.61868286132812,44838400
2024-04-29,173.3699951171875,176.02999877929688,173.10000610351562,173.5,171.77694702148438,68169400
2024-04-30,173.3300018310547,174.99000549316406,170.0,170.3300018310547,168.63845825195312,65934800
2024-05-01,169.5800018310547,172.7100067138672,169.11000061035156,169.3000030517578,167.61868286132812,50383100
2024-05-02,172.50999450683594,173.4199981689453,170.88999938964844,173.02999877929688,171.31166076660156,94214900
2024-05-03,186.6499938964844,187.0,182.6600036621093,183.3800048828125,181.5588836669922,163224100
2024-05-06,182.3500061035156,184.1999969482422,180.4199981689453,181.7100067138672,179.90545654296875,78569700
2024-05-07,183.4499969482422,184.8999938964844,181.32000732421875,182.3999938964844,180.5885772705078,77305800
2024-05-08,182.8500061035156,183.07000732421875,181.4499969482422,182.7400054931641,180.9252166748047,45057100
2024-05-09,182.5599975585937,184.6600036621093,182.1100006103516,184.57000732421875,182.737045288086,48983000
2024-05-10,184.8999938964844,185.08999633789065,182.1300048828125,183.0500030517578,181.4779663085937,50759500
2024-05-13,185.44000244140625,187.1000061035156,184.6199951171875,186.27999877929688,184.68020629882807,72044800
2024-05-14,187.509994506836,188.3000030517578,186.2899932861328,187.42999267578125,185.82032775878903,52393600
2024-05-15,187.9100036621093,190.6499938964844,187.3699951171875,189.72000122070312,188.0906677246093,70400000
2024-05-16,190.47000122070312,191.1000061035156,189.6600036621093,189.83999633789065,188.2096405029297,52845200
2024-05-17,189.509994506836,190.8099975585937,189.17999267578125,189.8699951171875,188.23941040039065,41282900
2024-05-20,189.3300018310547,191.9199981689453,189.009994506836,191.0399932861328,189.3993377685547,44361300
2024-05-21,191.08999633789065,192.72999572753903,190.9199981689453,192.3500061035156,190.6980743408203,42309400
2024-05-22,192.2700042724609,192.82000732421875,190.2700042724609,190.8999938964844,189.2605438232422,34648500
2024-05-23,190.97999572753903,191.0,186.6300048828125,186.8800048828125,185.27505493164065,51005900
2024-05-24,188.82000732421875,190.5800018310547,188.0399932861328,189.97999572753903,188.34844970703125,36327000
2024-05-28,191.509994506836,193.0,189.1000061035156,189.9900054931641,188.35836791992188,52280100
2024-05-29,189.6100006103516,192.25,189.509994506836,190.2899932861328,188.65579223632807,53068000
2024-05-30,190.759994506836,192.17999267578125,190.6300048828125,191.2899932861328,189.647201538086,49889100
2024-05-31,191.44000244140625,192.57000732421875,189.9100036621093,192.25,190.5989685058593,75158300
2024-06-03,192.8999938964844,194.9900054931641,192.5200042724609,194.02999877929688,192.3636474609375,50080500
2024-06-04,194.63999938964844,195.32000732421875,193.02999877929688,194.3500061035156,192.68093872070312,47471400
2024-06-05,195.3999938964844,196.8999938964844,194.8699951171875,195.8699951171875,194.1878356933593,54156800
2024-06-06,195.69000244140625,196.5,194.1699981689453,194.47999572753903,192.809814453125,41181800
2024-06-07,194.6499938964844,196.94000244140625,194.13999938964844,196.88999938964844,195.19911193847656,53103900
2024-06-10,196.8999938964844,197.3000030517578,192.1499938964844,193.1199951171875,191.4614715576172,97010200
2024-06-11,193.6499938964844,207.1600036621093,193.6300048828125,207.1499938964844,205.37098693847656,172373300
2024-06-12,207.3699951171875,220.1999969482422,206.8999938964844,213.07000732421875,211.2401580810547,198134300
2024-06-13,214.7400054931641,216.75,211.6000061035156,214.2400054931641,212.4001007080078,97862700
2024-06-14,213.8500061035156,215.1699981689453,211.3000030517578,212.4900054931641,210.66514587402344,70122700
2024-06-17,213.3699951171875,218.9499969482422,212.72000122070312,216.6699981689453,214.80923461914065,93728300
2024-06-18,217.58999633789065,218.6300048828125,213.0,214.2899932861328,212.4496612548828,79943300
2024-06-20,213.92999267578125,214.2400054931641,208.8500061035156,209.67999267578125,207.8792419433593,86172500
2024-06-21,210.38999938964844,211.88999938964844,207.1100006103516,207.4900054931641,205.7080535888672,241805100
2024-06-24,207.72000122070312,212.6999969482422,206.58999633789065,208.13999938964844,206.3524780273437,80727000
2024-06-25,209.1499938964844,211.3800048828125,208.6100006103516,209.07000732421875,207.2744903564453,55549700
2024-06-26,211.5,214.8600006103516,210.63999938964844,213.25,211.4185943603516,66213200
2024-06-27,214.69000244140625,215.7400054931641,212.3500061035156,214.1000061035156,212.2613220214844,49772700
2024-06-28,215.7700042724609,216.07000732421875,210.3000030517578,210.6199951171875,208.8111724853516,82542700
2024-07-01,212.08999633789065,217.509994506836,211.9199981689453,216.75,214.8885498046875,60402900
2024-07-02,216.1499938964844,220.3800048828125,215.1000061035156,220.2700042724609,218.37831115722656,58046200
2024-07-03,220.0,221.5500030517578,219.02999877929688,221.5500030517578,219.64732360839844,37369800
2024-07-05,221.6499938964844,226.4499969482422,221.6499938964844,226.33999633789065,224.39617919921875,60412400
2024-07-08,227.08999633789065,227.8500061035156,223.25,227.82000732421875,225.86346435546875,59085900
2024-07-09,227.92999267578125,229.3999938964844,226.3699951171875,228.67999267578125,226.716064453125,48076100
2024-07-10,229.3000030517578,233.0800018310547,229.25,232.97999572753903,230.97915649414065,62627700
2024-07-11,231.38999938964844,232.38999938964844,225.7700042724609,227.57000732421875,225.6156311035156,64710600
2024-07-12,228.9199981689453,232.63999938964844,228.67999267578125,230.5399932861328,228.56007385253903,53046500
2024-07-15,236.47999572753903,237.22999572753903,233.08999633789065,234.3999938964844,232.3869781494141,62631300
2024-07-16,235.0,236.2700042724609,232.3300018310547,234.82000732421875,232.8033447265625,43234300
2024-07-17,229.4499969482422,231.4600067138672,226.63999938964844,228.8800048828125,226.91436767578125,57345900
2024-07-18,230.27999877929688,230.44000244140625,222.2700042724609,224.17999267578125,222.25469970703125,66034600
2024-07-19,224.82000732421875,226.8000030517578,223.27999877929688,224.3099975585937,222.3836212158203,49151500
2024-07-22,227.009994506836,227.77999877929688,223.08999633789065,223.9600067138672,222.03663635253903,48201800
2024-07-23,224.3699951171875,226.94000244140625,222.67999267578125,225.009994506836,223.07760620117188,39960300
2024-07-24,224.0,224.8000030517578,217.1300048828125,218.5399932861328,216.6631622314453,61777600
2024-07-25,218.92999267578125,220.8500061035156,214.6199951171875,217.4900054931641,215.62217712402344,51391200
2024-07-26,218.6999969482422,219.4900054931641,216.009994506836,217.9600067138672,216.0881500244141,41601300
2024-07-29,216.9600067138672,219.3000030517578,215.75,218.2400054931641,216.3657684326172,36311800
2024-07-30,219.19000244140625,220.3300018310547,216.1199951171875,218.8000030517578,216.9209442138672,41643800
2024-07-31,221.44000244140625,223.82000732421875,220.6300048828125,222.0800018310547,220.1727600097656,50036300
2024-08-01,224.3699951171875,224.47999572753903,217.0200042724609,218.3600006103516,216.48472595214844,62501000
2024-08-02,219.1499938964844,225.6000061035156,217.7100067138672,219.8600006103516,217.97183227539065,105568600
2024-08-05,199.08999633789065,213.5,196.0,209.2700042724609,207.4727935791016,119548600
2024-08-06,205.3000030517578,209.9900054931641,201.07000732421875,207.22999572753903,205.4502868652344,69660500
2024-08-07,206.8999938964844,213.63999938964844,206.38999938964844,209.82000732421875,208.01808166503903,63516400
2024-08-08,213.1100006103516,214.1999969482422,208.8300018310547,213.3099975585937,211.47808837890625,47161100
2024-08-09,212.1000061035156,216.77999877929688,211.97000122070312,216.2400054931641,214.38291931152344,42201600
2024-08-12,216.07000732421875,219.509994506836,215.6000061035156,217.52999877929688,215.9114532470703,38028100
2024-08-13,219.009994506836,221.88999938964844,219.009994506836,221.2700042724609,219.6236572265625,44155300
2024-08-14,220.57000732421875,223.02999877929688,219.6999969482422,221.72000122070312,220.0702972412109,41960600
2024-08-15,224.6000061035156,225.3500061035156,222.759994506836,224.72000122070312,223.0479736328125,46414000
2024-08-16,223.9199981689453,226.8300018310547,223.6499938964844,226.0500030517578,224.3680877685547,44340200
2024-08-19,225.72000122070312,225.9900054931641,223.0399932861328,225.88999938964844,224.2092437744141,40687800
2024-08-20,225.7700042724609,227.1699981689453,225.4499969482422,226.509994506836,224.8246459960937,30299000
2024-08-21,226.5200042724609,227.97999572753903,225.0500030517578,226.3999938964844,224.71548461914065,34765500
2024-08-22,227.7899932861328,228.33999633789065,223.8999938964844,224.52999877929688,222.859375,43695300
2024-08-23,225.6600036621093,228.22000122070312,224.3300018310547,226.83999633789065,225.1521911621093,38677300
2024-08-26,226.759994506836,227.27999877929688,223.88999938964844,227.17999267578125,225.4896545410156,30602200
2024-08-27,226.0,228.8500061035156,224.88999938964844,228.02999877929688,226.3333435058593,35934600
2024-08-28,227.9199981689453,229.8600006103516,225.67999267578125,226.4900054931641,224.8048095703125,38052200
2024-08-29,230.1000061035156,232.9199981689453,228.8800048828125,229.7899932861328,228.0802459716797,51906300
2024-08-30,230.19000244140625,230.3999938964844,227.47999572753903,229.0,227.29611206054688,52990800
2024-09-03,228.5500030517578,229.0,221.1699981689453,222.7700042724609,221.11248779296875,50190600
2024-09-04,221.6600036621093,221.77999877929688,217.47999572753903,220.8500061035156,219.206771850586,43840200
2024-09-05,221.6300048828125,225.47999572753903,221.5200042724609,222.3800048828125,220.7253875732422,36615400
2024-09-06,223.9499969482422,225.2400054931641,219.7700042724609,220.82000732421875,219.177001953125,48423000
2024-09-09,220.82000732421875,221.2700042724609,216.7100067138672,220.9100036621093,219.2663116455078,67180000
2024-09-10,218.9199981689453,221.47999572753903,216.72999572753903,220.1100006103516,218.4722595214844,51591000
2024-09-11,221.4600067138672,223.08999633789065,217.88999938964844,222.6600036621093,221.00331115722656,44587100
2024-09-12,222.5,223.5500030517578,219.82000732421875,222.7700042724609,221.11248779296875,37455600
2024-09-13,223.5800018310547,224.0399932861328,221.9100036621093,222.5,220.8444976806641,36766600
2024-09-16,216.5399932861328,217.22000122070312,213.9199981689453,216.32000732421875,214.71046447753903,59357400
2024-09-17,215.75,216.8999938964844,214.5,216.7899932861328,215.17697143554688,45519300
2024-09-18,217.5500030517578,222.7100067138672,217.5399932861328,220.69000244140625,219.0479431152344,59894900
2024-09-19,224.9900054931641,229.82000732421875,224.6300048828125,228.8699951171875,227.1670837402344,66781300
2024-09-20,229.97000122070312,233.08999633789065,227.6199951171875,228.1999969482422,226.50205993652344,318679900
2024-09-23,227.33999633789065,229.4499969482422,225.8099975585937,226.47000122070312,224.78494262695312,54146000
2024-09-24,228.6499938964844,229.3500061035156,225.72999572753903,227.3699951171875,225.67825317382807,43556100
2024-09-25,224.92999267578125,227.2899932861328,224.0200042724609,226.3699951171875,224.68569946289065,42308700
2024-09-26,227.3000030517578,228.5,225.4100036621093,227.5200042724609,225.8271484375,36636700
2024-09-27,228.4600067138672,229.5200042724609,227.3000030517578,227.7899932861328,226.0951232910156,34026000
2024-09-30,230.0399932861328,233.0,229.6499938964844,233.0,231.266357421875,54541900
2024-10-01,229.5200042724609,229.6499938964844,223.7400054931641,226.2100067138672,224.52688598632807,63285000
2024-10-02,225.88999938964844,227.3699951171875,223.0200042724609,226.77999877929688,225.09263610839844,32880600
2024-10-03,225.13999938964844,226.8099975585937,223.32000732421875,225.6699981689453,223.99090576171875,34044200
2024-10-04,227.8999938964844,228.0,224.1300048828125,226.8000030517578,225.1125030517578,37245100
2024-10-07,224.5,225.69000244140625,221.3300018310547,221.69000244140625,220.04052734375,39505400
2024-10-08,224.3000030517578,225.97999572753903,223.25,225.7700042724609,224.0901794433593,31855700
2024-10-09,225.22999572753903,229.75,224.8300018310547,229.5399932861328,227.83209228515625,33591100
2024-10-10,227.77999877929688,229.5,227.1699981689453,229.0399932861328,227.3358154296875,28183500
2024-10-11,229.3000030517578,229.4100036621093,227.33999633789065,227.5500030517578,225.8569183349609,31759200
2024-10-14,228.6999969482422,231.72999572753903,228.6000061035156,231.3000030517578,229.5790100097656,39882100
2024-10-15,233.6100006103516,237.4900054931641,232.3699951171875,233.8500061035156,232.11004638671875,64751400
2024-10-16,231.6000061035156,232.1199951171875,229.83999633789065,231.77999877929688,230.0554351806641,34082200
2024-10-17,233.42999267578125,233.8500061035156,230.5200042724609,232.1499938964844,230.42266845703125,32993800
2024-10-18,236.17999267578125,236.17999267578125,234.009994506836,235.0,233.25148010253903,46431500
2024-10-21,234.4499969482422,236.8500061035156,234.4499969482422,236.47999572753903,234.720458984375,36254500
2024-10-22,233.88999938964844,236.22000122070312,232.6000061035156,235.8600006103516,234.10508728027344,38846600
2024-10-23,234.0800018310547,235.13999938964844,227.759994506836,230.759994506836,229.04302978515625,52287000
2024-10-24,229.97999572753903,230.82000732421875,228.4100036621093,230.57000732421875,228.8544464111328,31109500
2024-10-25,229.7400054931641,233.22000122070312,229.57000732421875,231.4100036621093,229.6881866455078,38802300
2024-10-28,233.32000732421875,234.72999572753903,232.5500030517578,233.3999938964844,231.66339111328125,36087100
2024-10-29,233.1000061035156,234.3300018310547,232.32000732421875,233.6699981689453,231.931381225586,35417200
2024-10-30,232.6100006103516,233.47000122070312,229.5500030517578,230.1000061035156,228.387939453125,47070900
2024-10-31,229.33999633789065,229.8300018310547,225.3699951171875,225.9100036621093,224.2291412353516,64370100
2024-11-01,220.97000122070312,225.3500061035156,220.2700042724609,222.9100036621093,221.2514495849609,65276700
2024-11-04,220.9900054931641,222.7899932861328,219.7100067138672,222.009994506836,220.35812377929688,44944500
2024-11-05,221.8000030517578,223.9499969482422,221.13999938964844,223.4499969482422,221.7873992919922,28111300
2024-11-06,222.6100006103516,226.07000732421875,221.19000244140625,222.72000122070312,221.06285095214844,54561100
2024-11-07,224.6300048828125,227.8800048828125,224.57000732421875,227.47999572753903,225.7874450683593,42137700
2024-11-08,227.1699981689453,228.6600036621093,226.4100036621093,226.9600067138672,225.5191650390625,38328800
2024-11-11,225.0,225.6999969482422,221.5,224.22999572753903,222.8064727783203,42005600
2024-11-12,224.5500030517578,225.58999633789065,223.3600006103516,224.22999572753903,222.8064727783203,40398300
2024-11-13,224.009994506836,226.6499938964844,222.759994506836,225.1199951171875,223.6908416748047,48566200
2024-11-14,225.0200042724609,228.8699951171875,225.0,228.22000122070312,226.77114868164065,44923900
2024-11-15,226.3999938964844,226.9199981689453,224.2700042724609,225.0,223.5715789794922,47923700
2024-11-18,225.25,229.7400054931641,225.1699981689453,228.0200042724609,226.57241821289065,44633700
2024-11-19,226.97999572753903,230.1600036621093,226.6600036621093,228.27999877929688,226.8307647705078,36211800
2024-11-20,228.0599975585937,229.92999267578125,225.88999938964844,229.0,227.54620361328125,35169600
2024-11-21,228.8800048828125,230.1600036621093,225.7100067138672,228.5200042724609,227.0692443847656,42108300
2024-11-22,228.0599975585937,230.72000122070312,228.0599975585937,229.8699951171875,228.41067504882807,38168300
2024-11-25,231.4600067138672,233.25,229.7400054931641,232.8699951171875,231.39163208007807,90152800
2024-11-26,233.3300018310547,235.57000732421875,233.3300018310547,235.0599975585937,233.5677185058593,45986200
2024-11-27,234.47000122070312,235.69000244140625,233.8099975585937,234.92999267578125,233.4385528564453,33498400
2024-11-29,234.8099975585937,237.8099975585937,233.97000122070312,237.3300018310547,235.82330322265625,28481400
2024-12-02,237.2700042724609,240.7899932861328,237.1600036621093,239.58999633789065,238.06895446777344,48137100
2024-12-03,239.8099975585937,242.759994506836,238.8999938964844,242.6499938964844,241.1095123291016,38861000
2024-12-04,242.8699951171875,244.1100006103516,241.25,243.009994506836,241.46725463867188,44383900
2024-12-05,243.9900054931641,244.5399932861328,242.1300048828125,243.0399932861328,241.4970703125,40033900
2024-12-06,242.9100036621093,244.6300048828125,242.0800018310547,242.83999633789065,241.2983245849609,36870600
2024-12-09,241.8300018310547,247.2400054931641,241.75,246.75,245.1835174560547,44649200
2024-12-10,246.88999938964844,248.2100067138672,245.33999633789065,247.7700042724609,246.19705200195312,36914800
2024-12-11,247.9600067138672,250.8000030517578,246.259994506836,246.4900054931641,244.92515563964844,45205800
2024-12-12,246.88999938964844,248.7400054931641,245.67999267578125,247.9600067138672,246.3858184814453,32777500
2024-12-13,247.82000732421875,249.2899932861328,246.2400054931641,248.1300048828125,246.55474853515625,33155300
2024-12-16,247.9900054931641,251.3800048828125,247.6499938964844,251.0399932861328,249.4462738037109,51694800
2024-12-17,250.0800018310547,253.8300018310547,249.77999877929688,253.47999572753903,251.8707733154297,51356400
2024-12-18,252.1600036621093,254.27999877929688,247.7400054931641,248.0500030517578,246.47525024414065,56774100
2024-12-19,247.5,252.0,247.08999633789065,249.7899932861328,248.2041931152344,60882300
2024-12-20,248.0399932861328,255.0,245.69000244140625,254.4900054931641,252.87437438964844,147495300
2024-12-23,254.7700042724609,255.6499938964844,253.4499969482422,255.2700042724609,253.64942932128903,40858800
2024-12-24,255.4900054931641,258.2099914550781,255.2899932861328,258.20001220703125,256.5608215332031,23234700
2024-12-26,258.19000244140625,260.1000061035156,257.6300048828125,259.0199890136719,257.3755798339844,27237100
2024-12-27,257.8299865722656,258.70001220703125,253.0599975585937,255.58999633789065,253.9674072265625,42355300
2024-12-30,252.22999572753903,253.5,250.75,252.1999969482422,250.59890747070312,35557500
2024-12-31,252.44000244140625,253.27999877929688,249.42999267578125,250.4199981689453,248.8302001953125,39480700
2025-01-02,248.92999267578125,249.1000061035156,241.82000732421875,243.8500061035156,242.3019256591797,55740700
2025-01-03,243.3600006103516,244.17999267578125,241.88999938964844,243.3600006103516,241.8150329589844,40244100
2025-01-06,244.3099975585937,247.3300018310547,243.1999969482422,245.0,243.44464111328125,45045600
2025-01-07,242.97999572753903,245.5500030517578,241.3500061035156,242.2100067138672,240.67233276367188,40856000
2025-01-08,241.9199981689453,243.7100067138672,240.0500030517578,242.6999969482422,241.15921020507807,37628900
2025-01-10,240.009994506836,240.1600036621093,233.0,236.8500061035156,235.34637451171875,61710900
2025-01-13,233.52999877929688,234.6699981689453,229.72000122070312,234.3999938964844,232.9119110107422,49630700
2025-01-14,234.75,236.1199951171875,232.47000122070312,233.27999877929688,231.7990264892578,39435300
2025-01-15,234.63999938964844,238.9600067138672,234.42999267578125,237.8699951171875,236.35986328125,39832000
2025-01-16,237.3500061035156,238.009994506836,228.02999877929688,228.259994506836,226.81089782714844,71759100
2025-01-17,232.1199951171875,232.2899932861328,228.47999572753903,229.97999572753903,228.5199737548828,68488300
2025-01-21,224.0,224.4199981689453,219.3800048828125,222.63999938964844,221.22657775878903,98070400
2025-01-22,219.7899932861328,224.1199951171875,219.7899932861328,223.8300018310547,222.40899658203125,64126500
2025-01-23,224.7400054931641,227.02999877929688,222.3000030517578,223.6600036621093,222.2401123046875,60234800
2025-01-24,224.77999877929688,225.6300048828125,221.4100036621093,222.77999877929688,221.36569213867188,54697900
2025-01-27,224.0200042724609,232.1499938964844,223.97999572753903,229.8600006103516,228.40074157714844,94863400
2025-01-28,230.8500061035156,240.19000244140625,230.8099975585937,238.259994506836,236.7473907470703,75707600
2025-01-29,234.1199951171875,239.8600006103516,234.009994506836,239.3600006103516,237.84043884277344,45486100
2025-01-30,238.6699981689453,240.7899932861328,237.2100067138672,237.58999633789065,236.08164978027344,55658300
2025-01-31,247.19000244140625,247.19000244140625,233.44000244140625,236.0,234.50177001953125,100959800
2025-02-03,229.9900054931641,231.8300018310547,225.6999969482422,228.009994506836,226.5625,73063300
2025-02-04,227.25,233.1300048828125,226.6499938964844,232.8000030517578,231.3220672607422,45067300
2025-02-05,228.52999877929688,232.6699981689453,228.2700042724609,232.47000122070312,230.99417114257807,39620300
2025-02-06,231.2899932861328,233.8000030517578,230.42999267578125,233.22000122070312,231.73941040039065,29925300
2025-02-07,232.6000061035156,234.0,227.259994506836,227.6300048828125,226.1849060058593,39707200
2025-02-10,229.57000732421875,230.58999633789065,227.1999969482422,227.6499938964844,226.4534606933593,33115600
2025-02-11,228.1999969482422,235.22999572753903,228.1300048828125,232.6199951171875,231.3973388671875,53718400
2025-02-12,231.1999969482422,236.9600067138672,230.67999267578125,236.8699951171875,235.625,45243300
2025-02-13,236.9100036621093,242.33999633789065,235.57000732421875,241.52999877929688,240.26052856445312,53614100
2025-02-14,241.25,245.5500030517578,240.9900054931641,244.6000061035156,243.3143920898437,40896200
2025-02-18,244.1499938964844,245.17999267578125,241.83999633789065,244.47000122070312,243.18508911132807,48822500
2025-02-19,244.6600036621093,246.009994506836,243.1600036621093,244.8699951171875,243.5829467773437,32204200
2025-02-20,244.94000244140625,246.77999877929688,244.2899932861328,245.8300018310547,244.5379180908203,32316900
2025-02-21,245.9499969482422,248.69000244140625,245.22000122070312,245.5500030517578,244.2593994140625,53197400
2025-02-24,244.92999267578125,248.8600006103516,244.4199981689453,247.1000061035156,245.8012542724609,51326400
2025-02-25,248.0,250.0,244.9100036621093,247.0399932861328,245.74156188964844,48013300
2025-02-26,244.3300018310547,244.97999572753903,239.1300048828125,240.3600006103516,239.0966644287109,44433600
2025-02-27,239.4100036621093,242.4600067138672,237.0599975585937,237.3000030517578,236.05274963378903,41153600
2025-02-28,236.9499969482422,242.08999633789065,230.1999969482422,241.83999633789065,240.56887817382807,56833400
2025-03-03,241.7899932861328,244.02999877929688,236.1100006103516,238.02999877929688,236.7789001464844,47184000
2025-03-04,237.7100067138672,240.07000732421875,234.67999267578125,235.92999267578125,234.68997192382807,53798100
2025-03-05,235.4199981689453,236.5500030517578,229.22999572753903,235.7400054931641,234.5009765625,47227600
2025-03-06,234.44000244140625,237.8600006103516,233.1600036621093,235.3300018310547,234.09312438964844,45170400
2025-03-07,235.1100006103516,241.3699951171875,234.759994506836,239.07000732421875,237.81344604492188,46273600
2025-03-10,235.5399932861328,236.1600036621093,224.22000122070312,227.47999572753903,226.28436279296875,72071200
2025-03-11,223.8099975585937,225.83999633789065,217.4499969482422,220.83999633789065,219.67926025390625,76137400
2025-03-12,220.13999938964844,221.75,214.9100036621093,216.97999572753903,215.8395538330078,62547500
2025-03-13,215.9499969482422,216.83999633789065,208.4199981689453,209.67999267578125,208.57791137695312,61368300
2025-03-14,211.25,213.9499969482422,209.5800018310547,213.4900054931641,212.367904663086,60107600
2025-03-17,213.3099975585937,215.22000122070312,209.97000122070312,214.0,212.87521362304688,48073400
2025-03-18,214.1600036621093,215.1499938964844,211.4900054931641,212.69000244140625,211.5720977783203,42432400
2025-03-19,214.22000122070312,218.759994506836,213.75,215.2400054931641,214.10870361328125,54385400
2025-03-20,213.9900054931641,217.4900054931641,212.22000122070312,214.1000061035156,212.97471618652344,48862900
2025-03-21,211.5599975585937,218.83999633789065,211.27999877929688,218.2700042724609,217.12277221679688,94127800
2025-03-24,221.0,221.47999572753903,218.5800018310547,220.72999572753903,219.56983947753903,44299500
2025-03-25,220.7700042724609,224.1000061035156,220.0800018310547,223.75,222.573974609375,34493600
2025-03-26,223.509994506836,225.0200042724609,220.47000122070312,221.52999877929688,220.3656311035156,34466100
2025-03-27,221.38999938964844,224.9900054931641,220.5599975585937,223.8500061035156,222.67344665527344,37094800
2025-03-28,221.6699981689453,223.8099975585937,217.67999267578125,217.8999938964844,216.75469970703125,39818600
2025-03-31,217.009994506836,225.6199951171875,216.22999572753903,222.1300048828125,220.9624938964844,65299300
2025-04-01,219.8099975585937,223.67999267578125,218.8999938964844,223.19000244140625,222.01690673828125,36412700
2025-04-02,221.32000732421875,225.19000244140625,221.0200042724609,223.88999938964844,222.7132263183593,35905900
2025-04-03,205.5399932861328,207.4900054931641,201.25,203.19000244140625,202.12203979492188,103419000
2025-04-04,193.88999938964844,199.8800048828125,187.33999633789065,188.3800048828125,187.389892578125,125910900
2025-04-07,177.1999969482422,194.1499938964844,174.6199951171875,181.4600067138672,180.5062713623047,160466300
2025-04-08,186.6999969482422,190.33999633789065,169.2100067138672,172.4199981689453,171.51377868652344,120859500
2025-04-09,171.9499969482422,200.6100006103516,171.88999938964844,198.8500061035156,197.80487060546875,184395900
2025-04-10,189.07000732421875,194.77999877929688,183.0,190.4199981689453,189.4191436767578,121880000
2025-04-11,186.1000061035156,199.5399932861328,186.0599975585937,198.1499938964844,197.10850524902344,87435900
2025-04-14,211.44000244140625,212.94000244140625,201.1600036621093,202.5200042724609,201.45556640625,101352900
2025-04-15,201.8600006103516,203.509994506836,199.8000030517578,202.13999938964844,201.0775451660156,51343900
2025-04-16,198.3600006103516,200.6999969482422,192.3699951171875,194.2700042724609,193.24891662597656,59732400
2025-04-17,197.1999969482422,198.8300018310547,194.4199981689453,196.97999572753903,195.9446563720703,52164700
2025-04-21,193.2700042724609,193.8000030517578,189.8099975585937,193.1600036621093,192.144760131836,46742500
2025-04-22,196.1199951171875,201.58999633789065,195.97000122070312,199.7400054931641,198.690170288086,52976400
2025-04-23,206.0,208.0,202.8000030517578,204.6000061035156,203.524642944336,52929200
2025-04-24,204.88999938964844,208.8300018310547,202.94000244140625,208.3699951171875,207.27479553222656,47311000
2025-04-25,206.3699951171875,209.75,206.1999969482422,209.27999877929688,208.1800231933593,38222300
2025-04-28,210.0,211.5,207.4600067138672,210.13999938964844,209.0354919433593,38743100
2025-04-29,208.69000244140625,212.2400054931641,208.3699951171875,211.2100067138672,210.0998992919922,36827600
2025-04-30,209.3000030517578,213.5800018310547,206.6699981689453,212.5,211.3831024169922,52286500
2025-05-01,209.0800018310547,214.5599975585937,208.8999938964844,213.32000732421875,212.19879150390625,57365700
2025-05-02,206.08999633789065,206.9900054931641,202.1600036621093,205.3500061035156,204.27069091796875,101010600
2025-05-05,203.1000061035156,204.1000061035156,198.2100067138672,198.88999938964844,197.8446350097656,69018500
2025-05-06,198.2100067138672,200.6499938964844,197.0200042724609,198.509994506836,197.4666290283203,51216500
2025-05-07,199.1699981689453,199.44000244140625,193.25,196.25,195.218505859375,68536700
2025-05-08,197.72000122070312,200.0500030517578,194.67999267578125,197.4900054931641,196.4519958496093,50478900
2025-05-09,199.0,200.5399932861328,197.5399932861328,198.52999877929688,197.4865264892578,36453900
2025-05-12,210.97000122070312,211.2700042724609,206.75,210.7899932861328,209.95704650878903,63775800
2025-05-13,210.42999267578125,213.3999938964844,209.0,212.92999267578125,212.0885772705078,51909300
2025-05-14,212.42999267578125,213.94000244140625,210.5800018310547,212.3300018310547,211.490966796875,49325800
2025-05-15,210.9499969482422,212.9600067138672,209.5399932861328,211.4499969482422,210.61444091796875,45029500
2025-05-16,212.3600006103516,212.57000732421875,209.7700042724609,211.259994506836,210.42518615722656,54737900
2025-05-19,207.9100036621093,209.47999572753903,204.259994506836,208.77999877929688,207.9550018310547,46140500
2025-05-20,207.6699981689453,208.47000122070312,205.02999877929688,206.8600006103516,206.04258728027344,42496600
2025-05-21,205.1699981689453,207.0399932861328,200.7100067138672,202.08999633789065,201.2914123535156,59211800
2025-05-22,200.7100067138672,202.75,199.6999969482422,201.3600006103516,200.5643310546875,46742400
2025-05-23,193.6699981689453,197.6999969482422,193.4600067138672,195.2700042724609,194.4983825683593,78432900
2025-05-27,198.3000030517578,200.7400054931641,197.42999267578125,200.2100067138672,199.4188690185547,56288500
2025-05-28,200.58999633789065,202.72999572753903,199.8999938964844,200.4199981689453,199.6280212402344,45339700
2025-05-29,203.5800018310547,203.8099975585937,198.509994506836,199.9499969482422,199.15988159179688,51396800
2025-05-30,199.3699951171875,201.9600067138672,196.77999877929688,200.8500061035156,200.05633544921875,70819900
2025-06-02,200.27999877929688,202.1300048828125,200.1199951171875,201.6999969482422,200.9029693603516,35423300
2025-06-03,201.3500061035156,203.7700042724609,200.9600067138672,203.2700042724609,202.4667816162109,46381600
2025-06-04,202.9100036621093,206.2400054931641,202.1000061035156,202.82000732421875,202.0185546875,43604000
2025-06-05,203.5,204.75,200.1499938964844,200.6300048828125,199.8372039794922,55126100
2025-06-06,203.0,205.6999969482422,202.0500030517578,203.9199981689453,203.1141967773437,46607700
2025-06-09,204.38999938964844,206.0,200.0200042724609,201.4499969482422,200.65396118164065,72862600
2025-06-10,200.6000061035156,204.3500061035156,200.57000732421875,202.6699981689453,201.86915588378903,54672600
2025-06-11,203.5,204.5,198.4100036621093,198.77999877929688,197.99452209472656,60989900
2025-06-12,199.0800018310547,199.67999267578125,197.3600006103516,199.1999969482422,198.4128570556641,43904600
2025-06-13,199.72999572753903,200.3699951171875,195.6999969482422,196.4499969482422,195.6737060546875,51447300
2025-06-16,197.3000030517578,198.69000244140625,196.5599975585937,198.4199981689453,197.63592529296875,43020700
2025-06-17,197.1999969482422,198.38999938964844,195.2100067138672,195.63999938964844,194.86691284179688,38856200
2025-06-18,195.94000244140625,197.57000732421875,195.07000732421875,196.5800018310547,195.8032073974609,45394700
2025-06-20,198.2400054931641,201.6999969482422,196.8600006103516,201.0,200.20574951171875,96813500
2025-06-23,201.6300048828125,202.3000030517578,198.9600067138672,201.5,200.70376586914065,55814300
2025-06-24,202.58999633789065,203.44000244140625,200.1999969482422,200.3000030517578,199.50851440429688,54064000
2025-06-25,201.4499969482422,203.6699981689453,200.6199951171875,201.5599975585937,200.76353454589844,39525700
2025-06-26,201.42999267578125,202.63999938964844,199.4600067138672,201.0,200.20574951171875,50799100
2025-06-27,201.88999938964844,203.22000122070312,200.0,201.0800018310547,200.2854156494141,73188600
2025-06-30,202.009994506836,207.38999938964844,199.259994506836,205.1699981689453,204.3592529296875,91912800
2025-07-01,206.6699981689453,210.19000244140625,206.13999938964844,207.82000732421875,206.9987945556641,78788900
2025-07-02,208.9100036621093,213.33999633789065,208.13999938964844,212.44000244140625,211.6005401611328,67941800
2025-07-03,212.1499938964844,214.6499938964844,211.8099975585937,213.5500030517578,212.7061462402344,34955800
2025-07-07,212.67999267578125,216.22999572753903,208.8000030517578,209.9499969482422,209.1203765869141,50229000
2025-07-08,210.1000061035156,211.42999267578125,208.4499969482422,210.009994506836,209.1801300048828,42848900
2025-07-09,209.52999877929688,211.3300018310547,207.22000122070312,211.13999938964844,210.30567932128903,48749400
2025-07-10,210.509994506836,213.47999572753903,210.02999877929688,212.4100036621093,211.57066345214844,44443600
2025-07-11,210.57000732421875,212.1300048828125,209.8600006103516,211.1600036621093,210.3256072998047,39765800
2025-07-14,209.92999267578125,210.9100036621093,207.5399932861328,208.6199951171875,207.79562377929688,38840100
2025-07-15,209.22000122070312,211.88999938964844,208.9199981689453,209.1100006103516,208.28369140625,42296300
2025-07-16,210.3000030517578,212.3999938964844,208.63999938964844,210.1600036621093,209.32955932617188,47490500
2025-07-17,210.57000732421875,211.8000030517578,209.58999633789065,210.0200042724609,209.1901092529297,48068100
2025-07-18,210.8699951171875,211.7899932861328,209.6999969482422,211.17999267578125,210.3455047607422,48974600
2025-07-21,212.1000061035156,215.77999877929688,211.6300048828125,212.47999572753903,211.640380859375,51377400
2025-07-22,213.13999938964844,214.9499969482422,212.22999572753903,214.3999938964844,213.5527801513672,46404100
2025-07-23,215.0,215.1499938964844,212.4100036621093,214.1499938964844,213.3037872314453,46989300
2025-07-24,213.8999938964844,215.69000244140625,213.52999877929688,213.759994506836,212.91531372070312,46022600
2025-07-25,214.6999969482422,215.2400054931641,213.3999938964844,213.8800048828125,213.03485107421875,40268800
2025-07-28,214.02999877929688,214.8500061035156,213.0599975585937,214.0500030517578,213.2041778564453,37858000
2025-07-29,214.17999267578125,214.8099975585937,210.82000732421875,211.2700042724609,210.4351501464844,51411700
2025-07-30,211.8999938964844,212.38999938964844,207.72000122070312,209.0500030517578,208.22393798828125,45512500
2025-07-31,208.4900054931641,209.83999633789065,207.1600036621093,207.57000732421875,206.7498016357422,80698400
2025-08-01,210.8699951171875,213.5800018310547,201.5,202.3800048828125,201.58029174804688,104434500
2025-08-04,204.509994506836,207.8800048828125,201.67999267578125,203.3500061035156,202.5464630126953,75109300
2025-08-05,203.3999938964844,205.33999633789065,202.1600036621093,202.9199981689453,202.1181488037109,44155100
2025-08-06,205.6300048828125,215.3800048828125,205.58999633789065,213.25,212.4073486328125,108483100
2025-08-07,218.8800048828125,220.8500061035156,216.5800018310547,220.02999877929688,219.16053771972656,90224800
2025-08-08,220.8300018310547,231.0,219.25,229.3500061035156,228.4437255859375,113854000
2025-08-11,227.9199981689453,229.5599975585937,224.759994506836,227.17999267578125,226.53909301757807,61806100
2025-08-12,228.009994506836,230.8000030517578,227.07000732421875,229.6499938964844,229.00213623046875,55626200
2025-08-13,231.07000732421875,235.0,230.42999267578125,233.3300018310547,232.6717529296875,69878500
2025-08-14,234.0599975585937,235.1199951171875,230.8500061035156,232.77999877929688,232.1233062744141,51916300
2025-08-15,234.0,234.27999877929688,229.33999633789065,231.58999633789065,230.9366607666016,56038700
2025-08-18,231.6999969482422,233.1199951171875,230.1100006103516,230.88999938964844,230.23863220214844,37476200
2025-08-19,231.27999877929688,232.8699951171875,229.3500061035156,230.5599975585937,229.90956115722656,39402600
2025-08-20,229.97999572753903,230.47000122070312,225.7700042724609,226.009994506836,225.3723907470703,42263900
2025-08-21,226.2700042724609,226.5200042724609,223.77999877929688,224.8999938964844,224.26551818847656,30621200
2025-08-22,226.1699981689453,229.08999633789065,225.4100036621093,227.759994506836,227.11746215820312,42477800
2025-08-25,226.47999572753903,229.3000030517578,226.22999572753903,227.1600036621093,226.5191650390625,30983100
2025-08-26,226.8699951171875,229.4900054931641,224.69000244140625,229.3099975585937,228.6630859375,54575100
2025-08-27,228.6100006103516,230.8999938964844,228.259994506836,230.4900054931641,229.8397827148437,31259500
2025-08-28,230.82000732421875,233.4100036621093,229.33999633789065,232.5599975585937,231.90391540527344,38074700
2025-08-29,232.509994506836,233.3800048828125,231.3699951171875,232.13999938964844,231.485107421875,39418400
2025-09-02,229.25,230.8500061035156,226.97000122070312,229.72000122070312,229.07192993164065,44075600
2025-09-03,237.2100067138672,238.8500061035156,234.3600006103516,238.47000122070312,237.79725646972656,66427800
2025-09-04,238.4499969482422,239.8999938964844,236.7400054931641,239.77999877929688,239.10353088378903,47549400
2025-09-05,240.0,241.32000732421875,238.4900054931641,239.69000244140625,239.0138092041016,54870400
2025-09-08,239.3000030517578,240.1499938964844,236.33999633789065,237.8800048828125,237.2089233398437,48999500
2025-09-09,237.0,238.77999877929688,233.3600006103516,234.3500061035156,233.6888885498047,66313900
2025-09-10,232.19000244140625,232.4199981689453,225.9499969482422,226.7899932861328,226.1501922607422,83440800
2025-09-11,226.8800048828125,230.4499969482422,226.6499938964844,230.02999877929688,229.38107299804688,50208600
2025-09-12,229.22000122070312,234.509994506836,229.0200042724609,234.07000732421875,233.40968322753903,55824200
2025-09-15,237.0,238.19000244140625,235.02999877929688,236.6999969482422,236.03224182128903,42699500
2025-09-16,237.17999267578125,241.22000122070312,236.32000732421875,238.1499938964844,237.4781494140625,63421100
2025-09-17,238.97000122070312,240.1000061035156,237.72999572753903,238.9900054931641,238.3157958984375,46508000
2025-09-18,239.97000122070312,241.1999969482422,236.6499938964844,237.8800048828125,237.2089233398437,44249600
2025-09-19,241.22999572753903,246.3000030517578,240.2100067138672,245.5,244.8074188232422,163741300
2025-09-22,248.3000030517578,256.6400146484375,248.1199951171875,256.0799865722656,255.3575592041016,105517400
2025-09-23,255.8800048828125,257.3399963378906,253.5800018310547,254.42999267578125,253.7122344970703,60275200
2025-09-24,255.22000122070312,255.7400054931641,251.0399932861328,252.3099975585937,251.59820556640625,42303700
2025-09-25,253.2100067138672,257.1700134277344,251.7100067138672,256.8699951171875,256.14532470703125,55202100
2025-09-26,254.1000061035156,257.6000061035156,253.77999877929688,255.4600067138672,254.7393341064453,46076300
2025-09-29,254.5599975585937,255.0,253.009994506836,254.42999267578125,253.7122344970703,40127700
2025-09-30,254.8600006103516,255.9199981689453,253.1100006103516,254.6300048828125,253.9116668701172,37704300
2025-10-01,255.0399932861328,258.7900085449219,254.92999267578125,255.4499969482422,254.7293395996093,48713900
2025-10-02,256.5799865722656,258.17999267578125,254.1499938964844,257.1300048828125,256.40460205078125,42630200
2025-10-03,254.6699981689453,259.239990234375,253.9499969482422,258.0199890136719,257.2920837402344,49155600
2025-10-06,257.989990234375,259.07000732421875,255.0500030517578,256.69000244140625,255.9658660888672,44664100
2025-10-07,256.8099975585937,257.3999938964844,255.42999267578125,256.4800109863281,255.75645446777344,31955800
2025-10-08,256.5199890136719,258.5199890136719,256.1099853515625,258.0599975585937,257.3319702148437,36496900
2025-10-09,257.8099975585937,258.0,253.13999938964844,254.0399932861328,253.32330322265625,38322000
2025-10-10,254.94000244140625,256.3800048828125,244.0,245.2700042724609,244.5780639648437,61999100
2025-10-13,249.3800048828125,249.69000244140625,245.5599975585937,247.6600036621093,246.9613342285156,38142900
2025-10-14,246.6000061035156,248.8500061035156,244.6999969482422,247.7700042724609,247.07101440429688,35478000
2025-10-15,249.4900054931641,251.82000732421875,247.47000122070312,249.33999633789065,248.63658142089844,33893600
2025-10-16,248.25,249.0399932861328,245.1300048828125,247.4499969482422,246.7519073486328,39777000
2025-10-17,248.0200042724609,253.3800048828125,247.2700042724609,252.2899932861328,251.5782470703125,49147000
2025-10-20,255.88999938964844,264.3800048828125,255.6300048828125,262.239990234375,261.50018310546875,90483000
2025-10-21,261.8800048828125,265.2900085449219,261.8299865722656,262.7699890136719,262.0286865234375,46695900
2025-10-22,262.6499938964844,262.8500061035156,255.42999267578125,258.45001220703125,257.7209167480469,45015300
2025-10-23,259.94000244140625,260.6199951171875,258.010009765625,259.5799865722656,258.8476867675781,32754900
2025-10-24,261.19000244140625,264.1300048828125,259.17999267578125,262.82000732421875,262.0785522460937,38253700
2025-10-27,264.8800048828125,269.1199951171875,264.6499938964844,268.8099975585937,268.0516357421875,44888200
2025-10-28,268.989990234375,269.8900146484375,268.1499938964844,269.0,268.2410888671875,41534800
2025-10-29,269.2799987792969,271.4100036621094,267.1099853515625,269.70001220703125,268.93914794921875,51086700
2025-10-30,271.989990234375,274.1400146484375,268.4800109863281,271.3999938964844,270.63433837890625,69886500
2025-10-31,276.989990234375,277.32000732421875,269.1600036621094,270.3699951171875,269.60723876953125,86167100
2025-11-03,270.4200134277344,270.8500061035156,266.25,269.04998779296875,268.2909851074219,50194600
2025-11-04,268.3299865722656,271.489990234375,267.6199951171875,270.0400085449219,269.2781982421875,49274800
2025-11-05,268.6099853515625,271.70001220703125,266.92999267578125,270.1400146484375,269.3778991699219,43683100
2025-11-06,267.8900146484375,273.3999938964844,267.8900146484375,269.7699890136719,269.0089416503906,51204000
2025-11-07,269.79998779296875,272.2900085449219,266.7699890136719,268.4700012207031,267.7126159667969,48227400
2025-11-10,268.9599914550781,273.7300109863281,267.4599914550781,269.42999267578125,268.9303283691406,41312400
2025-11-11,269.8099975585937,275.9100036621094,269.79998779296875,275.25,274.73956298828125,46208300
2025-11-12,275.0,275.7300109863281,271.70001220703125,273.4700012207031,272.962890625,48398000
2025-11-13,274.1099853515625,276.70001220703125,272.0899963378906,272.95001220703125,272.4438171386719,49602800
2025-11-14,271.04998779296875,275.9599914550781,269.6000061035156,272.4100036621094,271.90484619140625,47431300
2025-11-17,268.82000732421875,270.489990234375,265.7300109863281,267.4599914550781,266.9639892578125,45018300
2025-11-18,269.989990234375,270.7099914550781,265.32000732421875,267.44000244140625,266.94403076171875,45677300
2025-11-19,265.5299987792969,272.2099914550781,265.5,268.5599975585937,268.0619812011719,40424500
2025-11-20,270.8299865722656,275.42999267578125,265.9200134277344,266.25,265.7562561035156,45823600
2025-11-21,265.95001220703125,273.3299865722656,265.6700134277344,271.489990234375,270.98651123046875,59030800
2025-11-24,270.8999938964844,277.0,270.8999938964844,275.9200134277344,275.4083557128906,65585800
2025-11-25,275.2699890136719,280.3800048828125,275.25,276.9700012207031,276.45635986328125,46914200
2025-11-26,276.9599914550781,279.5299987792969,276.6300048828125,277.54998779296875,277.0353088378906,33431400
2025-11-28,277.260009765625,279.0,275.989990234375,278.8500061035156,278.3328857421875,20135600
2025-12-01,278.010009765625,283.4200134277344,276.1400146484375,283.1000061035156,282.57501220703125,46587700
2025-12-02,283.0,287.3999938964844,282.6300048828125,286.19000244140625,285.6592712402344,53669500
2025-12-03,286.20001220703125,288.6199951171875,283.29998779296875,284.1499938964844,283.623046875,43538700
2025-12-04,284.1000061035156,284.7300109863281,278.5899963378906,280.70001220703125,280.179443359375,43989100
2025-12-05,280.5400085449219,281.1400146484375,278.04998779296875,278.7799987792969,278.26300048828125,47265800
2025-12-08,278.1300048828125,279.6700134277344,276.1499938964844,277.8900146484375,277.3746643066406,38211800
2025-12-09,278.1600036621094,280.0299987792969,276.9200134277344,277.17999267578125,276.6659851074219,32193300
2025-12-10,277.75,279.75,276.44000244140625,278.7799987792969,278.26300048828125,33038300
2025-12-11,279.1000061035156,279.5899963378906,273.8099975585937,278.0299987792969,277.514404296875,33248000
2025-12-12,277.8999938964844,279.2200012207031,276.82000732421875,278.2799987792969,277.763916015625,39532900
2025-12-15,280.1499938964844,280.1499938964844,272.8399963378906,274.1099853515625,273.6016540527344,50409100
2025-12-16,272.82000732421875,275.5,271.7900085449219,274.6099853515625,274.1007385253906,37648600
2025-12-17,275.010009765625,276.1600036621094,271.6400146484375,271.8399963378906,271.3358764648437,50138700
2025-12-18,273.6099853515625,273.6300048828125,266.95001220703125,272.19000244140625,271.68524169921875,51630700
2025-12-19,272.1499938964844,274.6000061035156,269.8999938964844,273.6700134277344,273.1625061035156,144632000
2025-12-22,272.8599853515625,273.8800048828125,270.510009765625,270.9700012207031,270.4674987792969,36571800
2025-12-23,270.8399963378906,272.5,269.5599975585937,272.3599853515625,271.8549194335937,29642000
2025-12-24,272.3399963378906,275.42999267578125,272.20001220703125,273.8099975585937,273.3022155761719,17910600
2025-12-26,274.1600036621094,275.3699951171875,272.8599853515625,273.3999938964844,272.8930053710937,21521800
2025-12-29,272.69000244140625,274.3599853515625,272.3500061035156,273.760009765625,273.2523498535156,23715200
2025-12-30,272.8099975585937,274.0799865722656,272.2799987792969,273.0799865722656,272.57354736328125,22139600
2025-12-31,273.0599975585937,273.67999267578125,271.75,271.8599853515625,271.3558349609375,27293600
2026-01-02,272.260009765625,277.8399963378906,269.0,271.010009765625,270.5074462890625,37838100
2026-01-05,270.6400146484375,271.510009765625,266.1400146484375,267.260009765625,266.764404296875,45647200
2026-01-06,267.0,267.54998779296875,262.1199951171875,262.3599853515625,261.8734741210937,52352100
2026-01-07,263.20001220703125,263.67999267578125,259.8099975585937,260.3299865722656,259.84722900390625,48309800
2026-01-08,257.0199890136719,259.2900085449219,255.6999969482422,259.0400085449219,258.55963134765625,50419300
2026-01-09,259.0799865722656,260.2099914550781,256.2200012207031,259.3699951171875,258.8890075683594,39997000
2026-01-12,259.1600036621094,261.29998779296875,256.79998779296875,260.25,259.7673645019531,45263800
2026-01-13,258.7200012207031,261.8099975585937,258.3900146484375,261.04998779296875,260.5658874511719,45730800
2026-01-14,259.489990234375,261.82000732421875,256.7099914550781,259.9599914550781,259.4779052734375,40019400
2026-01-15,260.6499938964844,261.0400085449219,257.04998779296875,258.2099914550781,257.7311706542969,39388600
2026-01-16,257.8999938964844,258.8999938964844,254.92999267578125,255.52999877929688,255.05612182617188,72142800
2026-01-20,252.72999572753903,254.7899932861328,243.4199981689453,246.6999969482422,246.2425079345703,80267500
2026-01-21,248.6999969482422,251.5599975585937,245.17999267578125,247.6499938964844,247.1907501220703,54641700
2026-01-22,249.1999969482422,251.0,248.1499938964844,248.3500061035156,247.8894500732422,39708300
2026-01-23,247.32000732421875,249.4100036621093,244.67999267578125,248.0399932861328,247.5800170898437,41689000
2026-01-26,251.47999572753903,256.5599975585937,249.8000030517578,255.4100036621093,254.9363708496093,55969200
2026-01-27,259.1700134277344,261.95001220703125,258.2099914550781,258.2699890136719,257.7910461425781,49648300
2026-01-28,257.6499938964844,258.8599853515625,254.509994506836,256.44000244140625,255.9644470214844,41288000
2026-01-29,258.0,259.6499938964844,254.4100036621093,258.2799987792969,257.801025390625,67253000
2026-01-30,255.1699981689453,261.8999938964844,252.17999267578125,259.4800109863281,258.99884033203125,92443400
2026-02-02,260.0299987792969,270.489990234375,259.2099914550781,270.010009765625,269.50927734375,73913400
2026-02-03,269.20001220703125,271.8800048828125,267.6099853515625,269.4800109863281,268.98028564453125,64394700
2026-02-04,272.2900085449219,278.95001220703125,272.2900085449219,276.489990234375,275.97723388671875,90545700
2026-02-05,278.1300048828125,279.5,273.2300109863281,275.9100036621094,275.3983459472656,52977400
2026-02-06,277.1199951171875,280.9100036621094,276.92999267578125,278.1199951171875,277.6042175292969,50453400
2026-02-09,277.9100036621094,278.20001220703125,271.70001220703125,274.6199951171875,274.3672180175781,44623400
2026-02-10,274.8900146484375,275.3699951171875,272.94000244140625,273.67999267578125,273.4280700683594,34376900
2026-02-11,274.70001220703125,280.17999267578125,274.45001220703125,275.5,275.24639892578125,51931300
2026-02-12,275.5899963378906,275.7200012207031,260.17999267578125,261.7300109863281,261.4891052246094,81077200
2026-02-13,262.010009765625,262.2300109863281,255.4499969482422,255.77999877929688,255.5445556640625,56290700
2026-02-17,258.04998779296875,266.2900085449219,255.5399932861328,263.8800048828125,263.6371154785156,58469100
2026-02-18,263.6000061035156,266.82000732421875,262.45001220703125,264.3500061035156,264.106689453125,34203300
2026-02-19,262.6000061035156,264.4800109863281,260.04998779296875,260.5799865722656,260.3401184082031,30845300
2026-02-20,258.9700012207031,264.75,258.1600036621094,264.5799865722656,264.3364562988281,42070500
2026-02-23,263.489990234375,269.42999267578125,263.3800048828125,266.17999267578125,265.9349670410156,37308200
2026-02-24,267.8599853515625,274.8900146484375,267.7099914550781,272.1400146484375,271.8895263671875,47014600
2026-02-25,271.7799987792969,274.94000244140625,271.04998779296875,274.2300109863281,273.97760009765625,33714300
2026-02-26,274.95001220703125,276.1099853515625,270.79998779296875,272.95001220703125,272.6987609863281,32345100
2026-02-27,272.8099975585937,272.8099975585937,262.8900146484375,264.17999267578125,263.93682861328125,72366500
2026-03-02,262.4100036621094,266.5299987792969,260.20001220703125,264.7200012207031,264.476318359375,41827900
2026-03-03,263.4800109863281,265.5599975585937,260.1300048828125,263.75,263.5072326660156,38568900
2026-03-04,264.6499938964844,266.1499938964844,261.4200134277344,262.5199890136719,262.2783508300781,39803100
2026-03-05,260.7900085449219,261.5599975585937,257.25,260.2900085449219,260.0504150390625,49658600
2026-03-06,258.6300048828125,258.7699890136719,254.3699951171875,257.4599914550781,257.2229919433594,41120000
2026-03-09,255.69000244140625,261.1499938964844,253.67999267578125,259.8800048828125,259.6407775878906,38218500
2026-03-10,257.6499938964844,262.4800109863281,256.95001220703125,260.8299865722656,260.58990478515625,30590800
2026-03-11,261.0899963378906,262.1300048828125,259.54998779296875,260.8099975585937,260.5699157714844,26218900
2026-03-12,258.6600036621094,258.95001220703125,254.17999267578125,255.759994506836,255.52456665039065,40794000
2026-03-13,255.47999572753903,256.3299865722656,249.5200042724609,250.1199951171875,249.8897705078125,36930000
2026-03-16,252.1100006103516,253.88999938964844,249.8800048828125,252.82000732421875,252.58729553222656,32074200
2026-03-17,252.9600067138672,255.1300048828125,252.17999267578125,254.22999572753903,253.99598693847656,32361600
2026-03-18,252.6300048828125,254.94000244140625,249.0,249.94000244140625,249.7099456787109,35757900
2026-03-19,249.3999938964844,251.8300018310547,247.3000030517578,248.9600067138672,248.73085021972656,34864100
2026-03-20,247.97999572753903,249.1999969482422,246.0,247.9900054931641,247.76173400878903,88331100
2026-03-23,253.97000122070312,254.6000061035156,250.27999877929688,251.4900054931641,251.25851440429688,40546100
2026-03-24,250.3500061035156,254.8300018310547,249.5500030517578,251.63999938964844,251.4083709716797,45152300
2026-03-25,254.1000061035156,255.0,251.6000061035156,252.6199951171875,252.3874664306641,28476700
2026-03-26,252.1199951171875,257.0,250.7700042724609,252.88999938964844,252.6572265625,41796700
2026-03-27,253.8999938964844,255.4900054931641,248.07000732421875,248.8000030517578,248.57098388671875,47900000
2026-03-30,250.07000732421875,250.8699951171875,245.509994506836,246.6300048828125,246.40298461914065,39446200
2026-03-31,247.9100036621093,255.47999572753903,247.1000061035156,253.7899932861328,253.556381225586,49598100
2026-04-01,254.0800018310547,256.17999267578125,253.3300018310547,255.6300048828125,255.3946990966797,40059400
2026-04-02,254.1999969482422,256.1300048828125,250.6499938964844,255.9199981689453,255.68443298339844,31289400
2026-04-06,256.510009765625,262.1600036621094,256.4599914550781,258.8599853515625,258.6217041015625,29329900
2026-04-07,256.1600036621094,256.20001220703125,245.6999969482422,253.5,253.26666259765625,62148000
2026-04-08,258.45001220703125,259.75,256.5299987792969,258.8999938964844,258.66168212890625,41032800
2026-04-09,259.0,261.1199951171875,256.07000732421875,260.489990234375,260.2502136230469,28121600
2026-04-10,259.9800109863281,262.19000244140625,259.0199890136719,260.4800109863281,260.240234375,31291500
2026-04-13,259.7300109863281,260.17999267578125,256.6600036621094,259.20001220703125,258.96142578125,36234700
2026-04-14,259.25,261.92999267578125,257.19000244140625,258.8299865722656,258.5917358398437,48370700
2026-04-15,258.1600036621094,266.5599975585937,257.8099975585937,266.42999267578125,266.18475341796875,49913500
2026-04-16,266.79998779296875,267.1600036621094,261.2699890136719,263.3999938964844,263.15753173828125,43323100
2026-04-17,266.9599914550781,272.29998779296875,266.7200012207031,270.2300109863281,269.98126220703125,61436200
2026-04-20,270.3299865722656,274.2799987792969,270.2900085449219,273.04998779296875,272.79864501953125,36590200
2026-04-21,271.5,272.79998779296875,265.3999938964844,266.1700134277344,265.9250183105469,50209800
2026-04-22,267.82000732421875,273.739990234375,266.8699951171875,273.1700134277344,272.9185791015625,43249200
2026-04-23,275.04998779296875,275.7699890136719,271.6499938964844,273.42999267578125,273.1783142089844,33399600
2026-04-24,272.760009765625,273.0599975585937,269.6499938964844,271.0599975585937,270.8104858398437,38157100
2026-04-27,266.0899963378906,268.3599853515625,265.07000732421875,267.6099853515625,267.3636474609375,41466800
2026-04-28,272.3399963378906,273.2300109863281,268.6600036621094,270.7099914550781,270.4608154296875,40018900
2026-04-29,267.54998779296875,271.0400085449219,267.0400085449219,270.1700134277344,269.9213256835937,30047900
2026-04-30,270.5,276.0,268.1400146484375,271.3500061035156,271.1002502441406,91848200
2026-05-01,278.8599853515625,287.2200012207031,278.3699951171875,280.1400146484375,279.88214111328125,79915400
2026-05-04,279.6600036621094,280.6300048828125,274.8599853515625,276.8299865722656,276.5751647949219,46668400
2026-05-05,276.92999267578125,284.57000732421875,276.5,284.17999267578125,283.9184265136719,49311700
2026-05-06,281.9200134277344,288.0299987792969,281.07000732421875,287.510009765625,287.245361328125,58336100
2026-05-07,289.2699890136719,292.1300048828125,285.7799987792969,287.44000244140625,287.1754150390625,45224300
2026-05-08,290.010009765625,294.760009765625,290.0,293.32000732421875,293.0500183105469,52692800
2026-05-11,291.9800109863281,293.8800048828125,290.2300109863281,292.67999267578125,292.67999267578125,42247300
2026-05-12,292.5599975585937,295.2699890136719,292.5599975585937,294.79998779296875,294.79998779296875,45748100
2026-05-13,293.5,300.9200134277344,293.5,298.8699951171875,298.8699951171875,52684300
2026-05-14,299.82000732421875,300.45001220703125,295.3800048828125,298.2099914550781,298.2099914550781,35324900
2026-05-15,297.8999938964844,303.20001220703125,296.5199890136719,300.2300109863281,300.2300109863281,54862800
2026-05-18,300.239990234375,300.6600036621094,294.9100036621094,297.8399963378906,297.8399963378906,34483000
2026-05-19,296.9700012207031,300.510009765625,296.3500061035156,298.9700012207031,298.9700012207031,42243600
2026-05-20,298.17999267578125,302.79998779296875,298.0799865722656,302.25,302.25,38229800
2026-05-21,301.0599975585937,305.5400085449219,300.3999938964844,304.989990234375,304.989990234375,42965100
2026-05-22,306.1199951171875,311.3999938964844,305.8399963378906,308.82000732421875,308.82000732421875,43670200
2026-05-26,309.5599975585937,311.82000732421875,307.6700134277344,308.3299865722656,308.3299865722656,48000500
2026-05-27,308.3299865722656,313.260009765625,308.29998779296875,310.8500061035156,310.8500061035156,50430900
2026-05-28,310.67999267578125,312.79998779296875,309.57000732421875,312.510009765625,312.510009765625,48220400
2026-05-29,311.7799987792969,315.0,309.5299987792969,312.0599975585937,312.0599975585937,70026800
2026-06-01,309.6300048828125,310.94000244140625,305.0199890136719,306.3099975585937,306.3099975585937,48849900
2026-06-02,307.4599914550781,315.45001220703125,306.69000244140625,315.20001220703125,315.20001220703125,44534700
2026-06-03,314.17999267578125,316.94000244140625,308.8500061035156,310.260009765625,310.260009765625,50836700
2026-06-04,313.2300109863281,313.5400085449219,309.6499938964844,311.2300109863281,311.2300109863281,44869100
2026-06-05,312.8599853515625,315.1700134277344,307.1499938964844,307.3399963378906,307.3399963378906,65310500
2026-06-08,308.739990234375,317.3999938964844,301.1700134277344,301.5400085449219,301.5400085449219,77949100
2026-06-09,300.2799987792969,300.75,287.7799987792969,290.54998779296875,290.54998779296875,70108800
2026-06-10,290.739990234375,294.75,287.3800048828125,291.5799865722656,291.5799865722656,52793300
2026-06-11,293.7200012207031,297.0,289.5899963378906,295.6300048828125,295.6300048828125,42572500
2026-06-12,296.0299987792969,297.1400146484375,289.6199951171875,291.1300048828125,291.1300048828125,38742100
2026-06-15,294.1199951171875,297.7799987792969,291.70001220703125,296.4200134277344,296.4200134277344,45732600
2026-06-16,295.25,300.4800109863281,293.9700012207031,299.239990234375,299.239990234375,39874400
2026-06-17,300.8500061035156,302.07000732421875,294.3599853515625,295.95001220703125,295.95001220703125,42745100
2026-06-18,298.1099853515625,300.57000732421875,295.6199951171875,298.010009765625,298.010009765625,85962200
2026-06-22,297.3099975585937,302.4200134277344,296.760009765625,297.010009765625,297.010009765625,44879900
2026-06-23,297.5400085449219,301.6400146484375,294.17999267578125,294.29998779296875,294.29998779296875,52010900
2026-06-24,295.3599853515625,299.70001220703125,292.94000244140625,293.0799865722656,293.0799865722656,53081900
2026-06-25,287.3999938964844,288.79998779296875,273.75,275.1499938964844,275.1499938964844,107013700
2026-06-26,275.0,285.95001220703125,274.2099914550781,283.7799987792969,283.7799987792969,261775500
2026-06-29,286.7300109863281,288.3699951171875,279.8500061035156,281.739990234375,281.739990234375,66427000
2026-06-30,281.1700134277344,289.94000244140625,280.70001220703125,289.3599853515625,289.3599853515625,65100200
2026-07-01,293.44000244140625,296.5899963378906,289.20001220703125,294.3800048828125,294.3800048828125,50164200
2026-07-02,294.1199951171875,309.4200134277344,293.67999267578125,308.6300048828125,308.6300048828125,75352800
2026-07-06,307.3599853515625,314.20001220703125,307.0,312.6600036621094,312.6600036621094,53590000
2026-07-07,315.2900085449219,315.4800109863281,310.1499938964844,310.6600036621094,310.6600036621094,42490000
2026-07-08,311.9100036621094,314.82000732421875,307.04998779296875,313.3900146484375,313.3900146484375,41323500
2026-07-09,310.510009765625,316.5299987792969,308.1600036621094,316.2200012207031,316.2200012207031,48124500
2026-07-10,314.7200012207031,316.9100036621094,312.1700134277344,315.32000732421875,315.32000732421875,34132300
2026-07-13,317.0199890136719,323.45001220703125,315.7799987792969,317.3099975585937,317.3099975585937,43257800
2026-07-14,313.760009765625,316.19000244140625,311.9100036621094,314.8599853515625,314.8599853515625,36336800
2026-07-15,317.6199951171875,328.7300109863281,317.32000732421875,327.5,327.5,60957600
2026-07-16,328.010009765625,334.67999267578125,326.7900085449219,333.260009765625,333.260009765625,62970600
2026-07-17,331.9800109863281,334.989990234375,329.0,333.739990234375,333.739990234375,63407100
2026-07-20,333.510009765625,333.7099914550781,323.67999267578125,326.5899963378906,326.5899963378906,53468000
2026-07-21,323.1300048828125,329.6000061035156,322.2200012207031,327.739990234375,327.739990234375,41338900
2026-07-22,327.8699951171875,329.0,323.3399963378906,325.8900146484375,325.8900146484375,38755900
2026-07-23,321.7300109863281,323.29998779296875,319.3500061035156,321.6600036621094,321.6600036621094,40840800
2026-07-24,321.7900085449219,334.3699951171875,321.6199951171875,333.0199890136719,333.0199890136719,47489400
2026-07-27,334.5400085449219,339.57000732421875,334.0199890136719,336.9100036621094,336.9100036621094,49604300
2026-07-28,340.0299987792969,342.8900146484375,335.6000061035156,340.0799865722656,340.0799865722656,51859000
2026-07-29,339.7300109863281,344.57000732421875,337.3500061035156,338.19000244140625,338.19000244140625,56090800
2026-07-30,333.1000061035156,334.75,329.5899963378906,333.42999267578125,333.42999267578125,74817800
2026-07-31,304.8099975585937,310.69000244140625,300.0,308.9100036621094,308.9100036621094,132489100
2026-08-03,309.5799865722656,311.79998779296875,302.5599975585937,303.4200134277344,303.4200134277344,75052000
2026-08-04,302.7300109863281,310.4200134277344,301.32000732421875,309.3800048828125,309.3800048828125,68001000
2026-08-05,309.3599853515625,311.7099914550781,305.6700134277344,311.0,311.0,49438800
2026-08-06,314.3399963378906,316.2900085449219,309.2300109863281,312.4100036621094,312.4100036621094,46139900
2026-08-07,311.32000732421875,314.8099975585937,310.739990234375,313.3299865722656,313.3299865722656,34331108
