Date,Open,High,Low,Close,Adj Close,Volume
2020-01-02,158.77999877929688,160.72999572753906,158.3300018310547,160.6199951171875,151.82955932617188,22622100
2020-01-03,158.32000732421875,159.9499969482422,158.05999755859375,158.6199951171875,149.9390106201172,21116200
2020-01-06,157.0800018310547,159.10000610351562,156.50999450683594,159.02999877929688,150.32655334472656,20813700
2020-01-07,159.32000732421875,159.6699981689453,157.32000732421875,157.5800018310547,148.95594787597656,21634100
2020-01-08,158.92999267578125,160.8000030517578,157.9499969482422,160.08999633789062,151.3285369873047,27746500
2020-01-09,161.83999633789062,162.22000122070312,161.02999877929688,162.08999633789062,153.21910095214844,21385000
2020-01-10,162.82000732421875,163.22000122070312,161.17999267578125,161.33999633789062,152.51016235351562,20725900
2020-01-13,161.75999450683594,163.30999755859375,161.25999450683594,163.27999877929688,154.34396362304688,21626500
2020-01-14,163.38999938964844,163.60000610351562,161.72000122070312,162.1300048828125,153.2568817138672,23477400
2020-01-15,162.6199951171875,163.94000244140625,162.57000732421875,163.17999267578125,154.2494659423828,21417900
2020-01-16,164.35000610351562,166.24000549316406,164.02999877929688,166.1699981689453,157.07583618164062,23865400
2020-01-17,167.4199981689453,167.47000122070312,165.42999267578125,167.10000610351562,157.95489501953125,34371700
2020-01-21,166.67999267578125,168.19000244140625,166.42999267578125,166.5,157.3878173828125,29517200
2020-01-22,167.39999389648438,167.49000549316406,165.67999267578125,165.6999969482422,156.6315155029297,24138800
2020-01-23,166.19000244140625,166.8000030517578,165.27000427246094,166.72000122070312,157.595703125,19680800
2020-01-24,167.50999450683594,167.52999877929688,164.4499969482422,165.0399932861328,156.00767517089844,24918100
2020-01-27,161.14999389648438,163.3800048828125,160.1999969482422,162.27999877929688,153.3987274169922,32078100
2020-01-28,163.77999877929688,165.75999450683594,163.07000732421875,165.4600067138672,156.40469360351562,24899900
2020-01-29,167.83999633789062,168.75,165.69000244140625,168.0399932861328,158.8434600830078,34754500
2020-01-30,174.0500030517578,174.0500030517578,170.7899932861328,172.77999877929688,163.3240509033203,51597500
2020-01-31,172.2100067138672,172.39999389648438,169.5800018310547,170.22999572753906,160.9136199951172,36142700
2020-02-03,170.42999267578125,174.5,170.39999389648438,174.3800048828125,164.83645629882812,30107000
2020-02-04,177.13999938964844,180.63999938964844,176.30999755859375,180.1199951171875,170.2623291015625,36433300
2020-02-05,184.02999877929688,184.1999969482422,178.41000366210938,179.89999389648438,170.05441284179688,39186300
2020-02-06,180.97000122070312,183.82000732421875,180.05999755859375,183.6300048828125,173.5802459716797,27751400
2020-02-07,182.8500061035156,185.6300048828125,182.47999572753903,183.88999938964844,173.82598876953125,33529100
2020-02-10,183.5800018310547,188.83999633789065,183.25,188.6999969482422,178.372802734375,35844300
2020-02-11,190.6499938964844,190.6999969482422,183.5,184.44000244140625,174.34591674804688,53159900
2020-02-12,185.5800018310547,185.8500061035156,181.8500061035156,184.7100067138672,174.6011505126953,47062900
2020-02-13,183.0800018310547,186.22999572753903,182.8699951171875,183.7100067138672,173.65591430664062,35295800
2020-02-14,183.25,185.4100036621093,182.6499938964844,185.3500061035156,175.2061309814453,23149500
2020-02-18,185.6100006103516,187.6999969482422,185.5,187.22999572753903,176.9832305908203,27792200
2020-02-19,188.0599975585937,188.17999267578125,186.47000122070312,187.27999877929688,177.51405334472656,29997500
2020-02-20,186.9499969482422,187.25,181.1000061035156,184.4199981689453,174.80316162109375,36862400
2020-02-21,183.1699981689453,183.5,177.25,178.58999633789062,169.27719116210938,48572600
2020-02-24,167.77000427246094,174.5500030517578,163.22999572753906,170.88999938964844,161.9787139892578,68311100
2020-02-25,174.1999969482422,174.83999633789062,167.64999389648438,168.07000732421875,159.30581665039062,68073300
2020-02-26,169.7100067138672,173.25999450683594,168.2100067138672,170.1699981689453,161.29627990722656,56206100
2020-02-27,163.32000732421875,167.02999877929688,157.97999572753906,158.17999267578125,149.93145751953125,93174900
2020-02-28,152.41000366210938,163.7100067138672,152.0,162.00999450683594,153.56179809570312,97012700
2020-03-02,165.30999755859375,172.9199981689453,162.30999755859375,172.7899932861328,163.77960205078125,71030800
2020-03-03,173.8000030517578,175.0,162.25999450683594,164.50999450683594,155.931396484375,71677000
2020-03-04,168.49000549316406,170.6999969482422,165.6199951171875,170.5500030517578,161.65643310546875,49814400
2020-03-05,166.0500030517578,170.8699951171875,165.69000244140625,166.27000427246094,157.59963989257812,47817300
2020-03-06,162.61000061035156,163.11000061035156,156.0,161.57000732421875,153.14474487304688,72821100
2020-03-09,151.0,157.75,150.0,150.6199951171875,142.76573181152344,70419300
2020-03-10,158.16000366210938,161.02999877929688,152.5800018310547,160.9199981689453,152.52859497070312,65354400
2020-03-11,157.1300048828125,157.6999969482422,151.14999389648438,153.6300048828125,145.61874389648438,56371600
2020-03-12,145.3000030517578,153.47000122070312,138.5800018310547,139.05999755859375,131.80853271484375,93226400
2020-03-13,147.5,161.91000366210938,140.72999572753906,158.8300018310547,150.54762268066406,92727400
2020-03-16,140.0,149.35000610351562,135.0,135.4199981689453,128.35833740234375,87905900
2020-03-17,140.0,147.5,135.0,146.57000732421875,138.9269256591797,81059800
2020-03-18,138.0,146.0,135.02000427246094,140.39999389648438,133.07864379882812,81593200
2020-03-19,142.77000427246094,150.14999389648438,139.0,142.7100067138672,135.2681884765625,85922700
2020-03-20,146.0,147.10000610351562,135.86000061035156,137.35000610351562,130.187744140625,84866200
2020-03-23,137.00999450683594,140.57000732421875,132.52000427246094,135.97999572753906,128.88919067382812,78975200
2020-03-24,143.75,149.60000610351562,141.27000427246094,148.33999633789062,140.60462951660156,82516700
2020-03-25,148.91000366210938,154.3300018310547,144.44000244140625,146.9199981689453,139.2586669921875,75638200
2020-03-26,148.39999389648438,156.66000366210938,148.3699951171875,156.11000061035156,147.96945190429688,64568100
2020-03-27,151.75,154.88999938964844,149.1999969482422,149.6999969482422,141.8937225341797,57042300
2020-03-30,152.44000244140625,160.60000610351562,150.00999450683594,160.22999572753906,151.8745574951172,63420300
2020-03-31,159.39999389648438,164.77999877929688,156.55999755859375,157.7100067138672,149.48605346679688,77927200
2020-04-01,153.0,157.75,150.82000732421875,152.11000061035156,144.1780242919922,57969900
2020-04-02,151.86000061035156,155.47999572753906,150.36000061035156,155.25999450683594,147.16372680664062,49630700
2020-04-03,155.10000610351562,157.3800048828125,152.19000244140625,153.8300018310547,145.80831909179688,41243300
2020-04-06,160.32000732421875,166.5,157.5800018310547,165.27000427246094,156.6517791748047,67111700
2020-04-07,169.58999633789062,170.0,163.25999450683594,163.49000549316406,154.96456909179688,62769000
2020-04-08,165.6699981689453,166.6699981689453,163.5,165.1300048828125,156.51907348632812,48318200
2020-04-09,166.36000061035156,167.3699951171875,163.3300018310547,165.13999938964844,156.52853393554688,51385100
2020-04-13,164.35000610351562,165.57000732421875,162.3000030517578,165.50999450683594,156.87925720214844,41905300
2020-04-14,169.0,173.75,168.0,173.6999969482422,164.6421661376953,52874300
2020-04-15,171.1999969482422,173.57000732421875,169.24000549316406,171.8800048828125,162.9170684814453,40940800
2020-04-16,174.3000030517578,177.27999877929688,172.89999389648438,177.0399932861328,167.8079833984375,50479600
2020-04-17,179.5,180.0,175.8699951171875,178.60000610351562,169.28668212890625,52765600
2020-04-20,176.6300048828125,178.75,174.99000549316406,175.05999755859375,165.93125915527344,36669600
2020-04-21,173.5,173.6699981689453,166.11000061035156,167.82000732421875,159.06878662109375,56203700
2020-04-22,171.38999938964844,174.0,170.82000732421875,173.52000427246094,164.47158813476562,34620200
2020-04-23,174.11000061035156,175.05999755859375,170.91000366210938,171.4199981689453,162.48106384277344,32790800
2020-04-24,172.05999755859375,174.55999755859375,170.7100067138672,174.5500030517578,165.44784545898438,34277600
2020-04-27,176.58999633789062,176.89999389648438,173.3000030517578,174.0500030517578,164.9739532470703,33194400
2020-04-28,175.58999633789062,175.6699981689453,169.38999938964844,169.80999755859375,160.95506286621094,34392700
2020-04-29,173.22000122070312,177.67999267578125,171.8800048828125,177.42999267578125,168.1776580810547,51286600
2020-04-30,180.0,180.3999938964844,176.22999572753906,179.2100067138672,169.8648681640625,53875900
2020-05-01,175.8000030517578,178.63999938964844,174.00999450683594,174.57000732421875,165.46681213378906,39370500
2020-05-04,174.49000549316406,179.0,173.8000030517578,178.83999633789062,169.51414489746094,30372900
2020-05-05,180.6199951171875,183.6499938964844,179.89999389648438,180.759994506836,171.3340301513672,36839200
2020-05-06,182.0800018310547,184.1999969482422,181.6300048828125,182.5399932861328,173.0211944580078,32139300
2020-05-07,184.1699981689453,184.5500030517578,182.5800018310547,183.6000061035156,174.02593994140625,28316000
2020-05-08,184.97999572753903,185.0,183.3600006103516,184.67999267578125,175.0496063232422,30877800
2020-05-11,183.1499938964844,187.509994506836,182.8500061035156,186.7400054931641,177.00218200683594,30892700
2020-05-12,186.8000030517578,187.0399932861328,182.3000030517578,182.509994506836,172.99273681640625,32038200
2020-05-13,182.5500030517578,184.0500030517578,176.5399932861328,179.75,170.37664794921875,44711500
2020-05-14,177.5399932861328,180.69000244140625,175.67999267578125,180.52999877929688,171.11602783203125,41873900
2020-05-15,179.05999755859375,187.0599975585937,177.0,183.1600036621093,173.60885620117188,46610400
2020-05-18,185.75,186.1999969482422,183.9600067138672,184.9100036621093,175.26763916015625,35264500
2020-05-19,185.02999877929688,186.6000061035156,183.4900054931641,183.6300048828125,174.05433654785156,26799100
2020-05-20,184.8099975585937,185.8500061035156,183.94000244140625,185.6600036621093,176.46861267089844,31261300
2020-05-21,185.3999938964844,186.6699981689453,183.2899932861328,183.42999267578125,174.34901428222656,29119500
2020-05-22,183.19000244140625,184.4600067138672,182.5399932861328,183.509994506836,174.42507934570312,20826900
2020-05-26,186.33999633789065,186.5,181.1000061035156,181.57000732421875,172.58111572265625,36073600
2020-05-27,180.1999969482422,181.9900054931641,176.60000610351562,181.8099975585937,172.80921936035156,39517100
2020-05-28,180.7400054931641,184.1499938964844,180.3800048828125,181.3999938964844,172.41952514648438,33810200
2020-05-29,182.72999572753903,184.2700042724609,180.4100036621093,183.25,174.17796325683594,42130400
2020-06-01,182.5399932861328,183.0,181.4600067138672,182.8300018310547,173.7787628173828,22622400
2020-06-02,184.25,185.0,181.3500061035156,184.9100036621093,175.75576782226562,30794600
2020-06-03,184.82000732421875,185.94000244140625,183.5800018310547,185.3600006103516,176.18344116210938,27311000
2020-06-04,184.3000030517578,185.83999633789065,182.3000030517578,182.9199981689453,173.86427307128906,28761800
2020-06-05,182.6199951171875,187.72999572753903,182.009994506836,187.1999969482422,177.9323272705078,39893600
2020-06-08,185.94000244140625,188.5500030517578,184.44000244140625,188.3600006103516,179.03497314453125,33211600
2020-06-09,188.0,190.6999969482422,187.259994506836,189.8000030517578,180.40367126464844,29783900
2020-06-10,191.1300048828125,198.5200042724609,191.009994506836,196.83999633789065,187.0951538085937,43872300
2020-06-11,193.1300048828125,195.759994506836,186.07000732421875,186.2700042724609,177.04843139648438,52854700
2020-06-12,190.5399932861328,191.72000122070312,185.17999267578125,187.7400054931641,178.4456787109375,43373600
2020-06-15,184.5800018310547,190.82000732421875,184.009994506836,188.94000244140625,179.5862274169922,32770200
2020-06-16,192.88999938964844,195.5800018310547,191.4600067138672,193.57000732421875,183.987060546875,42556700
2020-06-17,195.02999877929688,196.32000732421875,193.69000244140625,194.2400054931641,184.62388610839844,25687800
2020-06-18,194.0,196.4900054931641,194.0,196.32000732421875,186.6008758544922,23061600
2020-06-19,198.58999633789065,199.2899932861328,194.3699951171875,195.1499938964844,185.48883056640625,44441100
2020-06-22,195.7899932861328,200.759994506836,195.22999572753903,200.57000732421875,190.6405029296875,32818900
2020-06-23,202.08999633789065,203.9499969482422,201.42999267578125,201.9100036621093,191.9141387939453,30917400
2020-06-24,201.6000061035156,203.25,196.5599975585937,197.83999633789065,188.04562377929688,36740600
2020-06-25,197.8000030517578,200.6100006103516,195.47000122070312,200.33999633789065,190.4218597412109,27803900
2020-06-26,199.72999572753903,199.88999938964844,194.8800048828125,196.3300018310547,186.6104278564453,54675800
2020-06-29,195.77999877929688,198.52999877929688,193.5500030517578,198.44000244140625,188.61590576171875,26701600
2020-06-30,197.8800048828125,204.3999938964844,197.7400054931641,203.509994506836,193.43492126464844,34310300
2020-07-01,203.13999938964844,206.3500061035156,201.7700042724609,204.6999969482422,194.5660095214844,32061200
2020-07-02,205.67999267578125,208.0200042724609,205.0,206.259994506836,196.0487670898437,29315800
2020-07-06,208.8300018310547,211.1300048828125,208.08999633789065,210.6999969482422,200.2689514160156,31897600
2020-07-07,210.4499969482422,214.6699981689453,207.9900054931641,208.25,197.9402313232422,33600700
2020-07-08,210.07000732421875,213.259994506836,208.69000244140625,212.8300018310547,202.29356384277344,33600000
2020-07-09,216.3300018310547,216.3800048828125,211.47000122070312,214.32000732421875,203.70974731445312,33121700
2020-07-10,213.6199951171875,214.0800018310547,211.0800018310547,213.6699981689453,203.0919342041016,26177600
2020-07-13,214.47999572753903,215.8000030517578,206.5,207.07000732421875,196.8186798095703,38135600
2020-07-14,206.1300048828125,208.8500061035156,202.02999877929688,208.3500061035156,198.0352935791016,37591800
2020-07-15,209.5599975585937,211.3300018310547,205.02999877929688,208.0399932861328,197.7406463623047,32179400
2020-07-16,205.3999938964844,205.6999969482422,202.3099975585937,203.9199981689453,193.8246459960937,29940700
2020-07-17,204.47000122070312,205.0399932861328,201.38999938964844,202.8800048828125,192.83612060546875,31635300
2020-07-20,205.0,212.3000030517578,203.009994506836,211.6000061035156,201.1244659423828,36884800
2020-07-21,213.6600036621093,213.94000244140625,208.02999877929688,208.75,198.41552734375,37990400
2020-07-22,209.1999969482422,212.3000030517578,208.38999938964844,211.75,201.26695251464844,49605700
2020-07-23,207.19000244140625,210.9199981689453,202.1499938964844,202.5399932861328,192.512939453125,67457000
2020-07-24,200.4199981689453,202.8600006103516,197.509994506836,201.3000030517578,191.3343811035156,39827000
2020-07-27,201.47000122070312,203.97000122070312,200.8600006103516,203.8500061035156,193.75811767578125,30160900
2020-07-28,203.6100006103516,204.6999969482422,201.7400054931641,202.0200042724609,192.01873779296875,23251400
2020-07-29,202.5,204.6499938964844,202.009994506836,204.0599975585937,193.957748413086,19632600
2020-07-30,201.0,204.4600067138672,199.57000732421875,203.8999938964844,193.80563354492188,25079600
2020-07-31,204.3999938964844,205.1000061035156,199.009994506836,205.009994506836,194.86065673828125,51044000
2020-08-03,211.5200042724609,217.63999938964844,210.44000244140625,216.5399932861328,205.81983947753903,78983000
2020-08-04,214.1699981689453,214.7700042724609,210.3099975585937,213.2899932861328,202.73074340820312,49280100
2020-08-05,214.8999938964844,215.0,211.57000732421875,212.94000244140625,202.3980712890625,28806400
2020-08-06,212.33999633789065,216.3699951171875,211.5500030517578,216.3500061035156,205.6392822265625,32656800
2020-08-07,214.8500061035156,215.6999969482422,210.92999267578125,212.47999572753903,201.9608612060547,27820400
2020-08-10,211.6699981689453,211.8800048828125,206.3500061035156,208.25,197.9402313232422,36716500
2020-08-11,207.1600036621093,207.6499938964844,203.13999938964844,203.3800048828125,193.31138610839844,36446500
2020-08-12,205.2899932861328,210.27999877929688,204.75,209.19000244140625,198.8336944580078,28013100
2020-08-13,209.44000244140625,211.3500061035156,208.1499938964844,208.6999969482422,198.3679962158203,22588900
2020-08-14,208.759994506836,209.58999633789065,207.509994506836,208.8999938964844,198.5580902099609,17958900
2020-08-17,209.6000061035156,211.19000244140625,208.9199981689453,210.27999877929688,199.8697662353516,20184800
2020-08-18,210.52999877929688,212.3600006103516,209.2100067138672,211.4900054931641,201.01988220214844,21336200
2020-08-19,211.4900054931641,212.1000061035156,209.25,209.6999969482422,199.80029296875,27627600
2020-08-20,209.5399932861328,215.0,208.9100036621093,214.5800018310547,204.449935913086,26981500
2020-08-21,213.8600006103516,216.25,212.8500061035156,213.0200042724609,202.9635467529297,36249300
2020-08-24,214.7899932861328,215.5200042724609,212.42999267578125,213.69000244140625,203.6019287109375,25460100
2020-08-25,213.1000061035156,216.6100006103516,213.1000061035156,216.47000122070312,206.250717163086,23043700
2020-08-26,217.8800048828125,222.08999633789065,217.3600006103516,221.1499938964844,210.7097625732422,39600800
2020-08-27,222.88999938964844,231.1499938964844,219.3999938964844,226.5800018310547,215.88340759277344,57602200
2020-08-28,228.17999267578125,230.63999938964844,226.5800018310547,228.9100036621093,218.1033935546875,26292900
2020-08-31,227.0,228.6999969482422,224.3099975585937,225.52999877929688,214.8829803466797,28774200
2020-09-01,225.509994506836,227.4499969482422,224.42999267578125,227.2700042724609,216.5408477783203,25725500
2020-09-02,227.97000122070312,232.8600006103516,227.3500061035156,231.6499938964844,220.71408081054688,34080800
2020-09-03,229.2700042724609,229.3099975585937,214.9600067138672,217.3000030517578,207.04151916503903,58400300
2020-09-04,215.1000061035156,218.3600006103516,205.19000244140625,214.25,204.135498046875,59664100
2020-09-08,206.5,210.02999877929688,202.1999969482422,202.6600036621093,193.09266662597656,52924300
2020-09-09,207.6000061035156,214.83999633789065,206.6999969482422,211.2899932861328,201.3152008056641,45679000
2020-09-10,213.3999938964844,214.7400054931641,204.1100006103516,205.3699951171875,195.6747283935547,35461500
2020-09-11,207.1999969482422,208.6300048828125,201.2400054931641,204.02999877929688,194.39794921875,33620100
2020-09-14,204.2400054931641,209.1999969482422,204.02999877929688,205.4100036621093,195.71278381347656,30375800
2020-09-15,208.4199981689453,209.77999877929688,206.92999267578125,208.77999877929688,198.9237365722656,21823900
2020-09-16,210.6199951171875,210.6499938964844,204.63999938964844,205.0500030517578,195.3698272705078,26328100
2020-09-17,200.0500030517578,204.3300018310547,199.9600067138672,202.9100036621093,193.3308258056641,34011300
2020-09-18,202.8000030517578,203.6499938964844,196.25,200.38999938964844,190.9298095703125,55225300
2020-09-21,197.19000244140625,202.7100067138672,196.3800048828125,202.5399932861328,192.9783172607422,39839700
2020-09-22,205.0599975585937,208.1000061035156,202.0800018310547,207.4199981689453,197.6279754638672,33517100
2020-09-23,207.8999938964844,208.1000061035156,200.02999877929688,200.58999633789065,191.120361328125,30803800
2020-09-24,199.8500061035156,205.57000732421875,199.1999969482422,203.19000244140625,193.59762573242188,31202500
2020-09-25,203.5500030517578,209.0399932861328,202.5399932861328,207.82000732421875,198.00906372070312,29437300
2020-09-28,210.8800048828125,212.57000732421875,208.0599975585937,209.44000244140625,199.5525665283203,32004900
2020-09-29,209.3500061035156,210.07000732421875,206.8099975585937,207.259994506836,197.47547912597656,24221900
2020-09-30,207.72999572753903,211.97999572753903,206.5399932861328,210.3300018310547,200.40057373046875,33829100
2020-10-01,213.4900054931641,213.9900054931641,211.32000732421875,212.4600067138672,202.4300231933593,27158400
2020-10-02,208.0,210.9900054931641,205.5399932861328,206.19000244140625,196.4559936523437,33154800
2020-10-05,207.22000122070312,210.4100036621093,206.97999572753903,210.3800048828125,200.4481964111328,21331600
2020-10-06,208.82000732421875,210.17999267578125,204.82000732421875,205.9100036621093,196.18923950195312,28554300
2020-10-07,207.0599975585937,210.1100006103516,206.72000122070312,209.8300018310547,199.92417907714844,25681100
2020-10-08,210.509994506836,211.19000244140625,208.32000732421875,210.5800018310547,200.6388092041016,19925800
2020-10-09,211.22999572753903,215.8600006103516,211.22999572753903,215.8099975585937,205.6218719482422,26458000
2020-10-12,218.7899932861328,223.8600006103516,216.8099975585937,221.3999938964844,210.9479217529297,40461400
2020-10-13,222.72000122070312,225.2100067138672,220.42999267578125,222.8600006103516,212.3390655517578,28950800
2020-10-14,223.0,224.22000122070312,219.1300048828125,220.8600006103516,210.4334259033203,23421700
2020-10-15,217.1000061035156,220.3600006103516,216.009994506836,219.6600036621093,209.2901153564453,22733100
2020-10-16,220.1499938964844,222.2899932861328,219.32000732421875,219.6600036621093,209.2901153564453,26057900
2020-10-19,220.4199981689453,222.3000030517578,213.72000122070312,214.22000122070312,204.10690307617188,27625800
2020-10-20,215.8000030517578,217.3699951171875,213.08999633789065,214.6499938964844,204.5165863037109,22753500
2020-10-21,213.1199951171875,216.9199981689453,213.1199951171875,214.8000030517578,204.6595458984375,22724900
2020-10-22,213.92999267578125,216.0599975585937,211.6999969482422,214.88999938964844,204.74530029296875,22351500
2020-10-23,215.02999877929688,216.27999877929688,213.1600036621093,216.22999572753903,206.02203369140625,18879600
2020-10-26,213.8500061035156,216.33999633789065,208.1000061035156,210.0800018310547,200.162338256836,37111600
2020-10-27,211.58999633789065,214.6699981689453,210.3300018310547,213.25,203.1826934814453,36700300
2020-10-28,207.6699981689453,208.83999633789065,202.1000061035156,202.67999267578125,193.11170959472656,51195600
2020-10-29,204.07000732421875,207.3600006103516,203.3699951171875,204.72000122070312,195.05538940429688,31432600
2020-10-30,203.5,204.2899932861328,199.6199951171875,202.47000122070312,192.91165161132807,36953700
2020-11-02,204.2899932861328,205.27999877929688,200.1199951171875,202.3300018310547,192.7782440185547,30842200
2020-11-03,203.88999938964844,208.1199951171875,203.1199951171875,206.42999267578125,196.6846466064453,27512000
2020-11-04,214.0200042724609,218.32000732421875,212.4199981689453,216.38999938964844,206.17446899414065,42311800
2020-11-05,222.0399932861328,224.1199951171875,221.1499938964844,223.2899932861328,212.74874877929688,36080100
2020-11-06,222.259994506836,224.3600006103516,218.02999877929688,223.72000122070312,213.158447265625,25231900
2020-11-09,224.44000244140625,228.1199951171875,217.8800048828125,218.38999938964844,208.080078125,44395000
2020-11-10,214.5,216.5,209.72000122070312,211.009994506836,201.0484619140625,44045100
2020-11-11,212.38999938964844,218.0399932861328,212.1999969482422,216.5500030517578,206.3269195556641,29440800
2020-11-12,217.2100067138672,219.1100006103516,214.4600067138672,215.44000244140625,205.26931762695312,21593900
2020-11-13,216.3600006103516,217.4199981689453,214.1600036621093,216.509994506836,206.2887725830078,18621100
2020-11-16,214.8699951171875,217.7400054931641,214.5200042724609,217.22999572753903,206.9748077392578,24953300
2020-11-17,216.1000061035156,217.67999267578125,214.0800018310547,214.4600067138672,204.3355865478516,24154100
2020-11-18,213.6499938964844,215.1699981689453,210.92999267578125,211.0800018310547,201.64170837402344,28372800
2020-11-19,211.3800048828125,213.02999877929688,209.92999267578125,212.4199981689453,202.9217529296875,24792700
2020-11-20,212.1999969482422,213.2899932861328,210.0,210.38999938964844,200.9825592041016,22843100
2020-11-23,210.9499969482422,212.2899932861328,208.1600036621093,210.1100006103516,200.7150421142578,25683500
2020-11-24,209.58999633789065,214.25,208.8600006103516,213.8600006103516,204.29737854003903,33979700
2020-11-25,215.1100006103516,215.2899932861328,212.4600067138672,213.8699951171875,204.3069305419922,21012900
2020-11-27,214.8500061035156,216.2700042724609,214.0399932861328,215.22999572753903,205.60610961914065,14512200
2020-11-30,214.1000061035156,214.759994506836,210.83999633789065,214.07000732421875,204.49801635742188,33064800
2020-12-01,214.509994506836,217.32000732421875,213.3500061035156,216.2100067138672,206.5423126220703,30904500
2020-12-02,214.8800048828125,215.47000122070312,212.8000030517578,215.3699951171875,205.7398223876953,23724500
2020-12-03,214.6100006103516,216.3800048828125,213.6499938964844,214.2400054931641,204.660400390625,25120900
2020-12-04,214.22000122070312,215.3800048828125,213.17999267578125,214.3600006103516,204.77505493164065,24666000
2020-12-07,214.3699951171875,215.5399932861328,212.9900054931641,214.2899932861328,204.70816040039065,24620000
2020-12-08,213.97000122070312,216.9499969482422,212.88999938964844,216.009994506836,206.35128784179688,23284100
2020-12-09,215.1600036621093,215.22999572753903,211.2100067138672,211.8000030517578,202.3294982910156,32440600
2020-12-10,211.7700042724609,213.0800018310547,210.3600006103516,210.5200042724609,201.1067047119141,26733300
2020-12-11,210.0500030517578,213.32000732421875,209.1100006103516,213.259994506836,203.72422790527344,30979400
2020-12-14,213.1000061035156,216.2100067138672,212.8800048828125,214.1999969482422,204.6221466064453,28798400
2020-12-15,215.1699981689453,215.4199981689453,212.2400054931641,214.1300048828125,204.5553436279297,27000600
2020-12-16,214.75,220.1100006103516,214.72000122070312,219.27999877929688,209.4750518798828,35023300
2020-12-17,219.8699951171875,220.88999938964844,217.9199981689453,219.4199981689453,209.60877990722656,32515800
2020-12-18,218.58999633789065,219.69000244140625,216.0200042724609,218.58999633789065,208.8158569335937,63354900
2020-12-21,217.5500030517578,224.0,217.27999877929688,222.58999633789065,212.6370544433593,37181900
2020-12-22,222.69000244140625,225.6300048828125,221.8500061035156,223.94000244140625,213.9266815185547,22612200
2020-12-23,223.1100006103516,223.5599975585937,220.8000030517578,221.0200042724609,211.13720703125,18699600
2020-12-24,221.4199981689453,223.6100006103516,221.1999969482422,222.75,212.7898712158203,10550600
2020-12-28,224.4499969482422,226.02999877929688,223.0200042724609,224.9600067138672,214.9010772705078,17933500
2020-12-29,226.3099975585937,227.17999267578125,223.5800018310547,224.1499938964844,214.12725830078125,17403200
2020-12-30,225.22999572753903,225.6300048828125,221.47000122070312,221.67999267578125,211.7677001953125,20272300
2020-12-31,221.6999969482422,223.0,219.67999267578125,222.4199981689453,212.47462463378903,20942100
2021-01-04,222.52999877929688,223.0,214.8099975585937,217.69000244140625,207.9561462402344,37130100
2021-01-05,217.259994506836,218.5200042724609,215.6999969482422,217.8999938964844,208.1566925048828,23823000
2021-01-06,212.1699981689453,216.4900054931641,211.94000244140625,212.25,202.75938415527344,35930700
2021-01-07,214.0399932861328,219.33999633789065,213.7100067138672,218.2899932861328,208.5292510986328,27694500
2021-01-08,218.67999267578125,220.5800018310547,217.02999877929688,219.6199951171875,209.7998046875,22956200
2021-01-11,218.47000122070312,218.9100036621093,216.72999572753903,217.4900054931641,207.7650604248047,23031300
2021-01-12,216.5,217.1000061035156,213.32000732421875,214.92999267578125,205.31951904296875,23249300
2021-01-13,214.0200042724609,216.759994506836,213.92999267578125,216.33999633789065,206.6664886474609,20087100
2021-01-14,215.9100036621093,217.4600067138672,212.7400054931641,213.0200042724609,203.49490356445312,29480800
2021-01-15,213.5200042724609,214.509994506836,212.02999877929688,212.6499938964844,203.14146423339844,31746500
2021-01-19,213.75,216.97999572753903,212.6300048828125,216.44000244140625,206.7620086669922,30480900
2021-01-20,217.6999969482422,225.7899932861328,217.2899932861328,224.33999633789065,214.3087615966797,37777300
2021-01-21,224.6999969482422,226.3000030517578,222.4199981689453,224.97000122070312,214.9105682373047,30709400
2021-01-22,227.0800018310547,230.07000732421875,225.8000030517578,225.9499969482422,215.84678649902344,30172700
2021-01-25,229.1199951171875,229.77999877929688,224.22000122070312,229.52999877929688,219.26670837402344,33152100
2021-01-26,231.8600006103516,234.17999267578125,230.0800018310547,232.3300018310547,221.9414825439453,49169600
2021-01-27,238.0,240.44000244140625,230.13999938964844,232.8999938964844,222.48602294921875,69870600
2021-01-28,235.6100006103516,242.63999938964844,235.08999633789065,238.92999267578125,228.24639892578125,49111200
2021-01-29,235.9900054931641,238.0200042724609,231.3500061035156,231.9600067138672,221.58804321289065,42503100
2021-02-01,235.0599975585937,242.5,232.42999267578125,239.6499938964844,228.93418884277344,33314200
2021-02-02,241.3000030517578,242.3099975585937,238.69000244140625,239.509994506836,228.8004608154297,25916300
2021-02-03,239.57000732421875,245.08999633789065,239.259994506836,243.0,232.1344146728516,27158100
2021-02-04,242.6600036621093,243.2400054931641,240.3699951171875,242.009994506836,231.1886749267578,25296100
2021-02-05,242.22999572753903,243.27999877929688,240.4199981689453,242.1999969482422,231.37017822265625,18054800
2021-02-08,243.1499938964844,243.67999267578125,240.8099975585937,242.47000122070312,231.6280975341797,22211900
2021-02-09,241.8699951171875,244.759994506836,241.3800048828125,243.7700042724609,232.86997985839844,23565000
2021-02-10,245.0,245.9199981689453,240.88999938964844,242.82000732421875,231.9624481201172,22186700
2021-02-11,244.77999877929688,245.1499938964844,242.1499938964844,244.4900054931641,233.55780029296875,15751100
2021-02-12,243.92999267578125,245.3000030517578,242.72999572753903,244.9900054931641,234.0354461669922,16561100
2021-02-16,245.02999877929688,246.1300048828125,242.9199981689453,243.6999969482422,232.8031311035156,26728500
2021-02-17,241.32000732421875,244.3099975585937,240.94000244140625,244.1999969482422,233.81802368164065,21653500
2021-02-18,241.8000030517578,243.92999267578125,240.8600006103516,243.7899932861328,233.42547607421875,16925600
2021-02-19,243.75,243.8600006103516,240.17999267578125,240.97000122070312,230.7253570556641,25262600
2021-02-22,237.4199981689453,237.92999267578125,232.3999938964844,234.509994506836,224.54000854492188,36446900
2021-02-23,230.3300018310547,234.8300018310547,228.72999572753903,233.2700042724609,223.3527069091797,30228700
2021-02-24,230.009994506836,235.1999969482422,229.0,234.5500030517578,224.5782928466797,26339700
2021-02-25,232.0800018310547,234.58999633789065,227.8800048828125,228.9900054931641,219.254638671875,39542200
2021-02-26,231.52999877929688,235.3699951171875,229.5399932861328,232.3800048828125,222.5005340576172,37819200
2021-03-01,235.8999938964844,237.47000122070312,233.1499938964844,236.94000244140625,226.86671447753903,25324000
2021-03-02,237.009994506836,237.3000030517578,233.4499969482422,233.8699951171875,223.9271850585937,22812500
2021-03-03,232.1600036621093,233.5800018310547,227.259994506836,227.5599975585937,217.885482788086,34029500
2021-03-04,226.7400054931641,232.4900054931641,224.259994506836,226.72999572753903,217.0907592773437,44727800
2021-03-05,229.5200042724609,233.2700042724609,226.4600067138672,231.6000061035156,221.75372314453125,41872800
2021-03-08,231.3699951171875,233.3699951171875,227.1300048828125,227.38999938964844,217.7227020263672,35267400
2021-03-09,232.8800048828125,235.3800048828125,231.6699981689453,233.77999877929688,223.84103393554688,33080500
2021-03-10,237.0,237.0,232.0399932861328,232.4199981689453,222.5388336181641,29746800
2021-03-11,234.9600067138672,239.1699981689453,234.3099975585937,237.1300048828125,227.0485992431641,29907600
2021-03-12,234.009994506836,235.82000732421875,233.22999572753903,235.75,225.727279663086,22653700
2021-03-15,234.9600067138672,235.19000244140625,231.8099975585937,234.8099975585937,224.8272247314453,26034900
2021-03-16,236.27999877929688,240.0599975585937,235.94000244140625,237.7100067138672,227.6039276123047,28092200
2021-03-17,236.1499938964844,238.5500030517578,233.22999572753903,237.0399932861328,226.9624481201172,29562100
2021-03-18,232.5599975585937,234.19000244140625,230.3300018310547,230.72000122070312,220.9110870361328,34833000
2021-03-19,231.0200042724609,232.47000122070312,229.3500061035156,230.3500061035156,220.556869506836,46430700
2021-03-22,230.2700042724609,236.8999938964844,230.13999938964844,235.9900054931641,225.95709228515625,30127000
2021-03-23,237.4900054931641,241.0500030517578,237.07000732421875,237.5800018310547,227.4794464111328,31638400
2021-03-24,237.8500061035156,238.0,235.32000732421875,235.4600067138672,225.4496307373047,25620100
2021-03-25,235.3000030517578,236.94000244140625,231.57000732421875,232.33999633789065,222.4622497558593,34061900
2021-03-26,231.5500030517578,236.7100067138672,231.5500030517578,236.47999572753903,226.4262542724609,25479900
2021-03-29,236.58999633789065,236.8000030517578,231.8800048828125,235.2400054931641,225.23898315429688,25227500
2021-03-30,233.52999877929688,233.8500061035156,231.1000061035156,231.8500061035156,221.9930419921875,24792000
2021-03-31,232.9100036621093,239.1000061035156,232.38999938964844,235.7700042724609,225.7464294433593,43623500
2021-04-01,238.47000122070312,242.83999633789065,238.0500030517578,242.3500061035156,232.04669189453125,30338000
2021-04-05,242.759994506836,249.9600067138672,242.6999969482422,249.07000732421875,238.48097229003903,36910600
2021-04-06,247.6100006103516,249.3999938964844,246.8800048828125,247.8600006103516,237.32241821289065,22931900
2021-04-07,247.8099975585937,250.92999267578125,247.19000244140625,249.8999938964844,239.27566528320312,22719800
2021-04-08,252.7700042724609,254.13999938964844,252.0,253.25,242.48326110839844,23625200
2021-04-09,252.8699951171875,255.9900054931641,252.44000244140625,255.8500061035156,244.9727325439453,24326800
2021-04-12,254.7100067138672,257.6700134277344,254.6199951171875,255.9100036621093,245.0301818847656,27148700
2021-04-13,257.260009765625,259.19000244140625,256.8299865722656,258.489990234375,247.5005340576172,23837500
2021-04-14,257.4800109863281,258.8299865722656,255.1600036621093,255.58999633789065,244.7237701416016,23070900
2021-04-15,257.92999267578125,259.92999267578125,257.7300109863281,259.5,248.4675445556641,25627500
2021-04-16,259.4700012207031,261.0,257.6000061035156,260.739990234375,249.6548309326172,24878600
2021-04-19,260.19000244140625,261.4800109863281,257.82000732421875,258.739990234375,247.73985290527344,23209300
2021-04-20,257.82000732421875,260.20001220703125,256.8399963378906,258.260009765625,247.28033447265625,19722900
2021-04-21,258.94000244140625,260.67999267578125,257.25,260.5799865722656,249.5016632080078,24030400
2021-04-22,260.2099914550781,261.7799987792969,255.63999938964844,257.1700134277344,246.2366485595703,25606200
2021-04-23,257.8800048828125,261.510009765625,257.2699890136719,261.1499938964844,250.04742431640625,21462600
2021-04-26,261.6600036621094,262.44000244140625,260.1700134277344,261.54998779296875,250.4304351806641,19763300
2021-04-27,261.5799865722656,263.19000244140625,260.1199951171875,261.9700012207031,250.83258056640625,31014200
2021-04-28,256.0799865722656,256.5400085449219,252.9499969482422,254.5599975585937,243.7375946044922,46903100
2021-04-29,255.4600067138672,256.1000061035156,249.0,252.509994506836,241.7747039794922,40589000
2021-04-30,249.7400054931641,253.0800018310547,249.6000061035156,252.17999267578125,241.4587554931641,30945100
2021-05-03,253.3999938964844,254.3500061035156,251.1199951171875,251.8600006103516,241.15240478515625,19626600
2021-05-04,250.97000122070312,251.2100067138672,245.759994506836,247.7899932861328,237.25540161132807,32756100
2021-05-05,249.0599975585937,249.5,245.82000732421875,246.47000122070312,235.99151611328125,21901300
2021-05-06,246.4499969482422,249.8600006103516,244.69000244140625,249.72999572753903,239.1129150390625,26491100
2021-05-07,252.1499938964844,254.3000030517578,251.1699981689453,252.4600067138672,241.72686767578125,27032900
2021-05-10,250.8699951171875,251.72999572753903,247.1199951171875,247.17999267578125,236.6713409423828,29299900
2021-05-11,244.5500030517578,246.6000061035156,242.57000732421875,246.22999572753903,235.76173400878903,33641600
2021-05-12,242.1699981689453,244.3800048828125,238.07000732421875,239.0,228.839111328125,36684400
2021-05-13,241.8000030517578,245.6000061035156,241.4199981689453,243.02999877929688,232.69776916503903,29624300
2021-05-14,245.5800018310547,249.17999267578125,245.4900054931641,248.1499938964844,237.6000823974609,23901100
2021-05-17,246.5500030517578,246.58999633789065,243.5200042724609,245.17999267578125,234.75637817382807,24970200
2021-05-18,246.2700042724609,246.4100036621093,242.8999938964844,243.0800018310547,232.7456512451172,20168000
2021-05-19,239.3099975585937,243.22999572753903,238.6000061035156,243.1199951171875,233.3214569091797,25739800
2021-05-20,243.9600067138672,247.9499969482422,243.8600006103516,246.47999572753903,236.5460357666016,21800700
2021-05-21,247.57000732421875,248.3300018310547,244.7400054931641,245.1699981689453,235.2888336181641,21863100
2021-05-24,247.7899932861328,251.1600036621093,247.509994506836,250.77999877929688,240.67274475097656,21411500
2021-05-25,251.7700042724609,252.75,250.82000732421875,251.72000122070312,241.5749053955078,17704300
2021-05-26,251.42999267578125,252.94000244140625,250.75,251.4900054931641,241.3541259765625,17771600
2021-05-27,251.1699981689453,251.47999572753903,249.25,249.3099975585937,239.2620086669922,24426200
2021-05-28,251.0,252.0800018310547,249.5599975585937,249.67999267578125,239.61708068847656,18270200
2021-06-01,251.22999572753903,251.2899932861328,246.9600067138672,247.3999938964844,237.4289703369141,23213300
2021-06-02,248.1300048828125,249.2700042724609,245.83999633789065,247.3000030517578,237.3330078125,19406700
2021-06-03,245.22000122070312,246.33999633789065,243.0,245.7100067138672,235.8071136474609,25307700
2021-06-04,247.759994506836,251.6499938964844,247.509994506836,250.7899932861328,240.6822967529297,25281100
2021-06-07,249.97999572753903,254.08999633789065,249.8099975585937,253.8099975585937,243.58062744140625,23079200
2021-06-08,255.1600036621093,256.010009765625,252.509994506836,252.57000732421875,242.39059448242188,22455000
2021-06-09,253.8099975585937,255.52999877929688,253.2100067138672,253.58999633789065,243.36944580078125,17937600
2021-06-10,254.2899932861328,257.4599914550781,253.6699981689453,257.239990234375,246.8723907470703,24563600
2021-06-11,257.989990234375,258.489990234375,256.6099853515625,257.8900146484375,247.4961853027344,18999700
2021-06-14,257.8999938964844,259.95001220703125,256.79998779296875,259.8900146484375,249.41563415527344,19150500
2021-06-15,259.7699890136719,259.989990234375,257.67999267578125,258.3599853515625,247.9472503662109,18038900
2021-06-16,259.3999938964844,260.5799865722656,254.4199981689453,257.3800048828125,247.00669860839844,27220000
2021-06-17,256.07000732421875,261.75,256.010009765625,260.8999938964844,250.3848571777344,27565500
2021-06-18,259.6300048828125,262.29998779296875,258.75,259.42999267578125,248.97415161132807,37202200
2021-06-21,259.82000732421875,263.5199890136719,257.9200134277344,262.6300048828125,252.045166015625,26696100
2021-06-22,262.7200012207031,265.7900085449219,262.3999938964844,265.510009765625,254.8091278076172,24694100
2021-06-23,265.989990234375,266.8299865722656,264.42999267578125,265.2699890136719,254.5787506103516,19518700
2021-06-24,266.1600036621094,267.8500061035156,265.4700012207031,266.69000244140625,255.9415283203125,21446900
2021-06-25,266.2300109863281,267.25,264.760009765625,265.0199890136719,254.3387908935547,25611100
2021-06-28,266.19000244140625,268.8999938964844,265.9100036621094,268.7200012207031,257.8896179199219,19590000
2021-06-29,268.8699951171875,271.6499938964844,267.9800109863281,271.3999938964844,260.4617004394531,19937800
2021-06-30,270.69000244140625,271.3599853515625,269.6000061035156,270.8999938964844,259.9818115234375,21656500
2021-07-01,269.6099853515625,271.8399963378906,269.6000061035156,271.6000061035156,260.6536865234375,16725300
2021-07-02,272.82000732421875,278.0,272.5,277.6499938964844,266.45977783203125,26458000
2021-07-06,278.0299987792969,279.3699951171875,274.29998779296875,277.6600036621094,266.46942138671875,31565600
2021-07-07,279.3999938964844,280.69000244140625,277.1499938964844,279.92999267578125,268.6478881835937,23260000
2021-07-08,276.8999938964844,278.7300109863281,274.8699951171875,277.4200134277344,266.2390441894531,24618600
2021-07-09,275.7200012207031,278.04998779296875,275.32000732421875,277.94000244140625,266.7381591796875,23916700
2021-07-12,279.1600036621094,279.7699890136719,276.5799865722656,277.32000732421875,266.14312744140625,18931700
2021-07-13,277.5199890136719,282.8500061035156,277.3900146484375,280.9800109863281,269.6556091308594,26120100
2021-07-14,282.3500061035156,283.6600036621094,280.54998779296875,282.510009765625,271.1239318847656,23113700
2021-07-15,282.0,282.510009765625,279.8299865722656,281.0299987792969,269.7035522460937,22604200
2021-07-16,282.07000732421875,284.1000061035156,279.4599914550781,280.75,269.4349060058594,26186800
2021-07-19,278.92999267578125,280.3699951171875,274.45001220703125,277.010009765625,265.8455810546875,32935600
2021-07-20,278.0299987792969,280.9700012207031,276.260009765625,279.32000732421875,268.0625305175781,26259700
2021-07-21,278.8999938964844,281.5199890136719,277.2900085449219,281.3999938964844,270.05865478515625,24364300
2021-07-22,283.8399963378906,286.4200134277344,283.4200134277344,286.1400146484375,274.6076965332031,23384100
2021-07-23,287.3699951171875,289.989990234375,286.5,289.6700134277344,277.99530029296875,22768100
2021-07-26,289.0,289.69000244140625,286.6400146484375,289.04998779296875,277.4003601074219,23176100
2021-07-27,289.42999267578125,289.5799865722656,282.95001220703125,286.5400085449219,274.9915466308594,33604100
2021-07-28,288.989990234375,290.1499938964844,283.8299865722656,286.2200012207031,274.68438720703125,33566900
2021-07-29,286.239990234375,288.6199951171875,286.0799865722656,286.5,274.9530944824219,18168300
2021-07-30,285.1700134277344,286.6600036621094,283.9100036621094,284.9100036621094,273.4271545410156,20944800
2021-08-02,286.3599853515625,286.7699890136719,283.739990234375,284.82000732421875,273.34088134765625,16267400
2021-08-03,285.4200134277344,287.2300109863281,284.0,287.1199951171875,275.5481262207031,17879000
2021-08-04,286.2200012207031,287.5899963378906,284.6499938964844,286.510009765625,274.9627380371094,16191300
2021-08-05,286.8800048828125,289.6300048828125,286.1000061035156,289.5199890136719,277.85137939453125,13900200
2021-08-06,288.510009765625,289.5,287.6199951171875,289.4599914550781,277.7938537597656,16589300
2021-08-09,289.75,291.54998779296875,287.8099975585937,288.3299865722656,276.7093811035156,16117600
2021-08-10,288.79998779296875,289.25,285.20001220703125,286.44000244140625,274.8955383300781,18616600
2021-08-11,287.2099914550781,288.6600036621094,285.8599853515625,286.95001220703125,275.385009765625,13955900
2021-08-12,286.6300048828125,289.9700012207031,286.3399963378906,289.8099975585937,278.1297302246094,14561300
2021-08-13,289.4800109863281,292.8999938964844,289.29998779296875,292.8500061035156,281.0471496582031,18249000
2021-08-16,293.19000244140625,294.82000732421875,290.0199890136719,294.6000061035156,282.7266845703125,22507600
2021-08-17,292.3900146484375,293.42999267578125,291.0799865722656,293.0799865722656,281.26788330078125,20075300
2021-08-18,292.0400085449219,294.82000732421875,290.2699890136719,290.7300109863281,279.5468139648437,21813000
2021-08-19,288.69000244140625,297.4700012207031,288.6400146484375,296.7699890136719,285.3544616699219,29850500
2021-08-20,299.7200012207031,305.8399963378906,298.0599975585937,304.3599853515625,292.6524353027344,40817600
2021-08-23,303.25,305.3999938964844,301.8500061035156,304.6499938964844,292.9312744140625,22830200
2021-08-24,305.0199890136719,305.6499938964844,302.0,302.6199951171875,290.9794006347656,18175800
2021-08-25,304.29998779296875,304.5899963378906,300.4200134277344,302.010009765625,290.3929443359375,20006100
2021-08-26,300.989990234375,302.42999267578125,298.95001220703125,299.0899963378906,287.58526611328125,17666100
2021-08-27,298.989990234375,300.8699951171875,296.8299865722656,299.7200012207031,288.1909484863281,22605700
2021-08-30,301.1199951171875,304.2200012207031,301.0599975585937,303.5899963378906,291.912109375,16348100
2021-08-31,304.4200134277344,304.5,301.5,301.8800048828125,290.2677917480469,26285300
2021-09-01,302.8699951171875,305.19000244140625,301.489990234375,301.8299865722656,290.2197570800781,18983800
2021-09-02,302.20001220703125,303.3599853515625,300.17999267578125,301.1499938964844,289.56597900390625,16285600
2021-09-03,300.989990234375,302.6000061035156,300.260009765625,301.1400146484375,289.556396484375,14747900
2021-09-07,301.010009765625,301.0899963378906,298.20001220703125,300.17999267578125,288.63336181640625,17180400
2021-09-08,299.7799987792969,300.6099853515625,297.4700012207031,300.2099914550781,288.6621398925781,15046800
2021-09-09,300.82000732421875,302.1400146484375,297.0,297.25,285.8160095214844,19927000
2021-09-10,298.4200134277344,299.9200134277344,295.3800048828125,295.7099914550781,284.33514404296875,19633400
2021-09-13,297.54998779296875,298.5400085449219,294.0799865722656,296.989990234375,285.56597900390625,23652900
2021-09-14,299.5599975585937,301.3900146484375,298.1000061035156,299.7900085449219,288.2582397460937,21853400
2021-09-15,303.260009765625,305.32000732421875,301.82000732421875,304.82000732421875,293.0947570800781,28356300
2021-09-16,303.760009765625,305.3099975585937,300.760009765625,305.2200012207031,293.4794311523437,19550800
2021-09-17,304.1700134277344,304.5,299.5299987792969,299.8699951171875,288.335205078125,41372500
2021-09-20,296.3299865722656,298.7200012207031,289.5199890136719,294.29998779296875,282.9794311523437,38278700
2021-09-21,295.69000244140625,297.5400085449219,294.07000732421875,294.79998779296875,283.460205078125,22364100
2021-09-22,296.7300109863281,300.2200012207031,294.510009765625,298.5799865722656,287.0947570800781,26626300
2021-09-23,298.8500061035156,300.8999938964844,297.5299987792969,299.5599975585937,288.0371398925781,18604600
2021-09-24,298.2300109863281,299.79998779296875,296.92999267578125,299.3500061035156,287.835205078125,14999000
2021-09-27,296.1400146484375,296.4700012207031,292.94000244140625,294.1700134277344,282.8544616699219,23571700
2021-09-28,289.79998779296875,290.7799987792969,282.75,283.5199890136719,272.6141052246094,43186200
2021-09-29,285.1000061035156,286.7699890136719,283.010009765625,284.0,273.0755615234375,26353700
2021-09-30,285.7099914550781,287.8299865722656,281.6199951171875,281.9200134277344,271.0757141113281,32343600
2021-10-01,282.1199951171875,289.9800109863281,281.2900085449219,289.1000061035156,277.9794616699219,30086300
2021-10-04,287.3999938964844,287.75,280.25,283.1099853515625,272.2198791503906,31350700
2021-10-05,284.04998779296875,290.3999938964844,284.04998779296875,288.760009765625,277.6525573730469,24993000
2021-10-06,285.7799987792969,293.6300048828125,285.510009765625,293.1099853515625,281.8351745605469,28002600
2021-10-07,295.17999267578125,296.6400146484375,293.9200134277344,294.8500061035156,283.50830078125,20430500
2021-10-08,296.2200012207031,296.6400146484375,293.760009765625,294.8500061035156,283.50830078125,17685700
2021-10-11,292.9200134277344,297.9700012207031,292.75,294.2300109863281,282.912109375,19298600
2021-10-12,295.3399963378906,295.44000244140625,292.3500061035156,292.8800048828125,281.61407470703125,17974100
2021-10-13,294.9100036621094,297.2799987792969,293.489990234375,296.3099975585937,284.9121398925781,23416300
2021-10-14,299.2099914550781,303.2699890136719,297.8299865722656,302.75,291.1043701171875,27262900
2021-10-15,302.3399963378906,304.45001220703125,300.5199890136719,304.2099914550781,292.5082092285156,25384800
2021-10-18,303.57000732421875,308.2099914550781,302.69000244140625,307.2900085449219,295.46978759765625,22729300
2021-10-19,308.3500061035156,309.29998779296875,307.2200012207031,308.2300109863281,296.3735656738281,17682100
2021-10-20,309.2099914550781,309.70001220703125,306.1099853515625,307.4100036621094,295.5851135253906,16537100
2021-10-21,307.1700134277344,311.0199890136719,306.3599853515625,310.760009765625,298.8062744140625,16918100
2021-10-22,310.3999938964844,311.0899963378906,307.79998779296875,309.1600036621094,297.267822265625,17449300
2021-10-25,309.3599853515625,309.3999938964844,306.4599914550781,308.1300048828125,296.2774353027344,17554500
2021-10-26,311.0,312.3999938964844,308.6000061035156,310.1099853515625,298.1813049316406,28107300
2021-10-27,316.0,326.1000061035156,316.0,323.1700134277344,310.73895263671875,52588700
2021-10-28,324.3299865722656,324.8699951171875,321.3599853515625,324.3500061035156,311.87353515625,26297900
2021-10-29,324.1300048828125,332.0,323.8999938964844,331.6199951171875,318.8638916015625,34766000
2021-11-01,331.3599853515625,331.489990234375,326.3699951171875,329.3699951171875,316.7004699707031,27073200
2021-11-02,330.3099975585937,333.45001220703125,330.0,333.1300048828125,320.3158569335937,26487100
2021-11-03,333.8999938964844,334.8999938964844,330.6499938964844,334.0,321.1523742675781,21500100
2021-11-04,332.8900146484375,336.5400085449219,329.510009765625,336.44000244140625,323.4985046386719,23992200
2021-11-05,338.510009765625,338.7900085449219,334.4200134277344,336.0599975585937,323.1330871582031,22570100
2021-11-08,337.29998779296875,337.6499938964844,334.44000244140625,336.989990234375,324.0273742675781,20897000
2021-11-09,337.1099853515625,338.7200012207031,334.5299987792969,335.95001220703125,323.02734375,21307400
2021-11-10,334.57000732421875,334.6300048828125,329.9200134277344,330.79998779296875,318.0754699707031,25500900
2021-11-11,331.25,333.7699890136719,330.510009765625,332.42999267578125,319.64276123046875,16849800
2021-11-12,333.9200134277344,337.2300109863281,333.7900085449219,336.7200012207031,323.76776123046875,23831000
2021-11-15,337.5400085449219,337.8800048828125,334.0299987792969,336.07000732421875,323.1426696777344,16723000
2021-11-16,335.67999267578125,340.6700134277344,335.510009765625,339.510009765625,326.4504089355469,20886800
2021-11-17,338.94000244140625,342.19000244140625,338.0,339.1199951171875,326.67193603515625,19053400
2021-11-18,338.17999267578125,342.45001220703125,337.1199951171875,341.2699890136719,328.74298095703125,22463500
2021-11-19,342.6400146484375,345.1000061035156,342.20001220703125,343.1099853515625,330.5155029296875,21963400
2021-11-22,344.6199951171875,349.6700134277344,339.54998779296875,339.8299865722656,327.3558349609375,31031100
2021-11-23,337.04998779296875,339.45001220703125,333.5599975585937,337.67999267578125,325.2848205566406,30427600
2021-11-24,336.2799987792969,338.1600036621094,333.9100036621094,337.9100036621094,325.5063781738281,21661300
2021-11-26,334.3500061035156,337.92999267578125,328.1199951171875,329.67999267578125,317.57843017578125,24217200
2021-11-29,334.94000244140625,339.0299987792969,334.739990234375,336.6300048828125,324.2733459472656,28563500
2021-11-30,335.32000732421875,337.7799987792969,328.989990234375,330.5899963378906,318.455078125,42885600
2021-12-01,335.1300048828125,339.2799987792969,329.3900146484375,330.0799865722656,317.9637756347656,33337600
2021-12-02,330.29998779296875,333.489990234375,327.79998779296875,329.489990234375,317.3954467773437,30766000
2021-12-03,331.989990234375,332.70001220703125,318.0299987792969,323.010009765625,311.15338134765625,41779300
2021-12-06,323.95001220703125,327.45001220703125,319.2300109863281,326.19000244140625,314.216552734375,30032600
2021-12-07,331.6400146484375,335.79998779296875,330.1000061035156,334.9200134277344,322.626220703125,31021900
2021-12-08,335.3099975585937,335.5,330.79998779296875,334.9700012207031,322.67431640625,24761000
2021-12-09,334.4100036621094,336.489990234375,332.1199951171875,333.1000061035156,320.8728942871094,22214200
2021-12-10,334.9800109863281,343.0,334.7900085449219,342.5400085449219,329.9664611816406,38095700
2021-12-13,340.67999267578125,343.7900085449219,339.0799865722656,339.3999938964844,326.9417419433594,28899400
2021-12-14,333.2200012207031,334.6400146484375,324.1099853515625,328.3399963378906,316.2876281738281,44438700
2021-12-15,328.6099853515625,335.19000244140625,324.5,334.6499938964844,322.365966796875,35381100
2021-12-16,335.7099914550781,336.760009765625,323.0199890136719,324.8999938964844,312.97393798828125,35034800
2021-12-17,320.8800048828125,324.9200134277344,317.25,323.79998779296875,311.9142761230469,47750300
2021-12-20,320.04998779296875,322.79998779296875,317.57000732421875,319.9100036621094,308.1670837402344,28326500
2021-12-21,323.2900085449219,327.7300109863281,319.79998779296875,327.2900085449219,315.2762145996094,24740600
2021-12-22,328.29998779296875,333.6099853515625,325.75,333.20001220703125,320.9692687988281,24831500
2021-12-23,332.75,336.3900146484375,332.7300109863281,334.69000244140625,322.404541015625,19617800
2021-12-27,335.4599914550781,342.4800109863281,335.42999267578125,342.45001220703125,329.8797607421875,19947000
2021-12-28,343.1499938964844,343.8099975585937,340.32000732421875,341.25,328.7237854003906,15661500
2021-12-29,341.29998779296875,344.29998779296875,339.67999267578125,341.95001220703125,329.3980712890625,15042000
2021-12-30,341.9100036621094,343.1300048828125,338.82000732421875,339.32000732421875,326.86456298828125,15994500
2021-12-31,338.510009765625,339.3599853515625,335.8500061035156,336.32000732421875,323.9747619628906,18000800
2022-01-03,335.3500061035156,338.0,329.7799987792969,334.75,322.4623413085937,28865100
2022-01-04,334.8299865722656,335.20001220703125,326.1199951171875,329.010009765625,316.9330444335937,32674300
2022-01-05,325.8599853515625,326.07000732421875,315.9800109863281,316.3800048828125,304.76666259765625,40054300
2022-01-06,313.1499938964844,318.70001220703125,311.489990234375,313.8800048828125,302.3584899902344,39646100
2022-01-07,314.1499938964844,316.5,310.0899963378906,314.0400085449219,302.5126342773437,32720000
2022-01-10,309.489990234375,314.7200012207031,304.69000244140625,314.2699890136719,302.73419189453125,44289500
2022-01-11,313.3800048828125,316.6099853515625,309.8900146484375,314.9800109863281,303.4179992675781,29386800
2022-01-12,319.6700134277344,323.4100036621094,317.0799865722656,318.2699890136719,306.5873107910156,34372200
2022-01-13,320.4700012207031,320.8800048828125,304.0,304.79998779296875,293.61181640625,45366000
2022-01-14,304.25,310.82000732421875,303.75,310.20001220703125,298.8135681152344,39846400
2022-01-18,304.07000732421875,309.79998779296875,301.739990234375,302.6499938964844,291.5406494140625,42333200
2022-01-19,306.2900085449219,313.9100036621094,302.70001220703125,303.3299865722656,292.1957092285156,45933900
2022-01-20,309.07000732421875,311.6499938964844,301.1400146484375,301.6000061035156,290.5292053222656,35380700
2022-01-21,302.69000244140625,304.1099853515625,295.6099853515625,296.0299987792969,285.1636962890625,57984400
2022-01-24,292.20001220703125,297.1099853515625,276.04998779296875,296.3699951171875,285.4911804199219,85731500
2022-01-25,291.5199890136719,294.989990234375,285.1700134277344,288.489990234375,277.900390625,72848600
2022-01-26,307.989990234375,308.5,293.0299987792969,296.7099914550781,285.8187255859375,90428900
2022-01-27,302.6600036621094,307.29998779296875,297.92999267578125,299.8399963378906,288.83380126953125,53481300
2022-01-28,300.2300109863281,308.4800109863281,294.45001220703125,308.260009765625,296.9447631835937,49743700
2022-01-31,308.95001220703125,312.3800048828125,306.3699951171875,310.9800109863281,299.56494140625,46444500
2022-02-01,310.4100036621094,310.6300048828125,305.1300048828125,308.760009765625,297.4264221191406,40950400
2022-02-02,309.6300048828125,315.1199951171875,308.8800048828125,313.4599914550781,301.9538879394531,36636000
2022-02-03,309.489990234375,311.2300109863281,299.9599914550781,301.25,290.19207763671875,43730000
2022-02-04,300.2099914550781,308.79998779296875,299.9700012207031,305.94000244140625,294.7098999023437,35096500
2022-02-07,306.1700134277344,307.8399963378906,299.8999938964844,300.95001220703125,289.903076171875,28533300
2022-02-08,301.25,305.5599975585937,299.95001220703125,304.5599975585937,293.3805847167969,32421200
2022-02-09,309.8699951171875,311.92999267578125,307.3900146484375,311.2099914550781,299.78631591796875,31284700
2022-02-10,304.0400085449219,309.1199951171875,300.70001220703125,302.3800048828125,291.28057861328125,45386200
2022-02-11,303.19000244140625,304.2900085449219,294.2200012207031,295.0400085449219,284.21002197265625,39175600
2022-02-14,293.7699890136719,296.760009765625,291.3500061035156,295.0,284.1714782714844,36359500
2022-02-15,300.010009765625,300.79998779296875,297.0199890136719,300.4700012207031,289.4407043457031,27058300
2022-02-16,298.3699951171875,300.8699951171875,293.67999267578125,299.5,289.1027526855469,29982100
2022-02-17,296.3599853515625,296.79998779296875,290.0,290.7300109863281,280.6373291015625,32461600
2022-02-18,293.04998779296875,293.8599853515625,286.3099975585937,287.92999267578125,277.9344787597656,34264000
2022-02-22,285.0,291.5400085449219,284.5,287.7200012207031,277.7318115234375,41736100
2022-02-23,290.17999267578125,291.70001220703125,280.1000061035156,280.2699890136719,270.5403747558594,37811200
2022-02-24,272.510009765625,295.1600036621094,271.5199890136719,294.5899963378906,284.3633117675781,56989700
2022-02-25,295.1400146484375,297.6300048828125,291.6499938964844,297.3099975585937,286.9889221191406,32546700
2022-02-28,294.3099975585937,299.1400146484375,293.0,298.7900085449219,288.41754150390625,34627500
2022-03-01,296.3999938964844,299.9700012207031,292.1499938964844,294.95001220703125,284.71075439453125,31217800
2022-03-02,295.3599853515625,301.4700012207031,293.70001220703125,300.19000244140625,289.7689208984375,31873000
2022-03-03,302.8900146484375,303.1300048828125,294.04998779296875,295.9200134277344,285.64715576171875,27314500
2022-03-04,294.2900085449219,295.6600036621094,287.1700134277344,289.8599853515625,279.7974548339844,32356500
2022-03-07,288.5299987792969,289.69000244140625,278.5299987792969,278.9100036621094,269.2276611328125,43157200
2022-03-08,277.79998779296875,283.9599914550781,270.0,275.8500061035156,266.2738647460937,48159500
2022-03-09,283.44000244140625,289.6000061035156,280.7799987792969,288.5,278.4847412109375,35204500
2022-03-10,283.0199890136719,286.6000061035156,280.5799865722656,285.5899963378906,275.6757202148437,30628000
2022-03-11,287.9599914550781,289.510009765625,279.42999267578125,280.07000732421875,270.34735107421875,27209300
2022-03-14,280.3399963378906,285.3999938964844,275.82000732421875,276.44000244140625,266.8433532714844,30660700
2022-03-15,280.3500061035156,287.82000732421875,278.7300109863281,287.1499938964844,277.1814880371094,34245100
2022-03-16,289.1099853515625,294.57000732421875,283.20001220703125,294.3900146484375,284.17022705078125,37826300
2022-03-17,293.2900085449219,295.6099853515625,289.3699951171875,295.2200012207031,284.971435546875,30816600
2022-03-18,295.3699951171875,301.0,292.7300109863281,300.42999267578125,290.0005187988281,43390600
2022-03-21,298.8900146484375,300.1400146484375,294.8999938964844,299.1600036621094,288.7746276855469,28351200
2022-03-22,299.79998779296875,305.0,298.7699890136719,304.0599975585937,293.5045166015625,27599700
2022-03-23,300.510009765625,303.2300109863281,297.7200012207031,299.489990234375,289.0932312011719,25715400
2022-03-24,299.1400146484375,304.20001220703125,298.32000732421875,304.1000061035156,293.5430908203125,24484500
2022-03-25,305.2300109863281,305.5,299.2900085449219,303.67999267578125,293.1377258300781,22566500
2022-03-28,304.3299865722656,310.79998779296875,304.3299865722656,310.70001220703125,299.9140014648437,29578200
2022-03-29,313.9100036621094,315.82000732421875,309.04998779296875,315.4100036621094,304.4605407714844,30393400
2022-03-30,313.760009765625,315.95001220703125,311.5799865722656,313.8599853515625,302.9642944335937,28163600
2022-03-31,313.8999938964844,315.1400146484375,307.8900146484375,308.3099975585937,297.60699462890625,33422100
2022-04-01,309.3699951171875,310.1300048828125,305.5400085449219,309.4200134277344,298.6784973144531,27110500
2022-04-04,310.0899963378906,315.1099853515625,309.7099914550781,314.9700012207031,304.03582763671875,24289600
2022-04-05,313.2699890136719,314.8699951171875,309.8699951171875,310.8800048828125,300.0877990722656,23156700
2022-04-06,305.19000244140625,307.0,296.7099914550781,299.5,289.1027526855469,40110400
2022-04-07,296.6600036621094,303.6499938964844,296.3500061035156,301.3699951171875,290.9078674316406,31411200
2022-04-08,300.44000244140625,301.1199951171875,296.2799987792969,296.9700012207031,286.6606140136719,24361900
2022-04-11,291.7900085449219,292.6099853515625,285.0,285.260009765625,275.3572082519531,34569300
2022-04-12,289.239990234375,290.739990234375,280.489990234375,282.0599975585937,272.2682189941406,30966700
2022-04-13,282.7300109863281,288.5799865722656,281.29998779296875,287.6199951171875,277.63525390625,21907200
2022-04-14,288.0899963378906,288.3099975585937,279.32000732421875,279.8299865722656,270.1156616210937,28221600
2022-04-18,278.9100036621094,282.4599914550781,278.3399963378906,280.5199890136719,270.7817077636719,20778000
2022-04-19,279.3800048828125,286.1700134277344,278.4100036621094,285.29998779296875,275.3957824707031,22297700
2022-04-20,289.3999938964844,289.70001220703125,285.3699951171875,286.3599853515625,276.4190368652344,22906700
2022-04-21,288.5799865722656,293.29998779296875,280.0599975585937,280.8099975585937,271.0617370605469,29454600
2022-04-22,281.67999267578125,283.20001220703125,273.3800048828125,274.0299987792969,264.5169982910156,29405800
2022-04-25,273.2900085449219,281.1099853515625,270.7699890136719,280.7200012207031,270.9747619628906,35678900
2022-04-26,277.5,278.3599853515625,270.0,270.2200012207031,260.8393249511719,46518400
2022-04-27,282.1000061035156,290.9700012207031,279.1600036621094,283.2200012207031,273.3880615234375,63477700
2022-04-28,285.19000244140625,290.9800109863281,281.4599914550781,289.6300048828125,279.5754699707031,33646600
2022-04-29,288.6099853515625,289.8800048828125,276.5,277.5199890136719,267.8858947753906,37073900
2022-05-02,277.7099914550781,284.94000244140625,276.2200012207031,284.4700012207031,274.5945739746094,35151100
2022-05-03,283.9599914550781,284.1300048828125,280.1499938964844,281.7799987792969,271.9979553222656,25978600
2022-05-04,282.5899963378906,290.8800048828125,276.7300109863281,289.9800109863281,279.91326904296875,33599300
2022-05-05,285.5400085449219,286.3500061035156,274.3399963378906,277.3500061035156,267.7217712402344,43260400
2022-05-06,274.8099975585937,279.25,271.2699890136719,274.7300109863281,265.1927490234375,37780300
2022-05-09,270.0599975585937,272.3599853515625,263.32000732421875,264.5799865722656,255.3950958251953,47726000
2022-05-10,271.69000244140625,273.75,265.07000732421875,269.5,260.1442565917969,39336400
2022-05-11,265.67999267578125,271.3599853515625,259.29998779296875,260.54998779296875,251.50498962402344,48975900
2022-05-12,257.69000244140625,259.8800048828125,250.0200042724609,255.3500061035156,246.4854888916016,51033800
2022-05-13,257.3500061035156,263.0400085449219,255.3500061035156,261.1199951171875,252.0552520751953,34925100
2022-05-16,259.9599914550781,265.82000732421875,255.77999877929688,261.5,252.4219970703125,32550900
2022-05-17,266.1099853515625,268.3299865722656,262.4599914550781,266.82000732421875,257.5572814941406,28828800
2022-05-18,263.0,263.6000061035156,252.7700042724609,254.0800018310547,245.83084106445312,31356000
2022-05-19,253.8999938964844,257.6700134277344,251.8800048828125,253.13999938964844,244.9213409423828,32692300
2022-05-20,257.239990234375,258.5400085449219,246.44000244140625,252.5599975585937,244.3601531982422,39199300
2022-05-23,255.4900054931641,261.5,253.42999267578125,260.6499938964844,252.18753051757807,33175400
2022-05-24,257.8900146484375,261.3299865722656,253.5,259.6199951171875,251.19097900390625,29043900
2022-05-25,258.1400146484375,264.5799865722656,257.1300048828125,262.5199890136719,253.9967803955078,28547900
2022-05-26,262.2699890136719,267.1099853515625,261.42999267578125,265.8999938964844,257.26708984375,25002100
2022-05-27,268.4800109863281,273.3399963378906,267.5599975585937,273.239990234375,264.3687438964844,26910800
2022-05-31,272.5299987792969,274.7699890136719,268.92999267578125,271.8699951171875,263.0432434082031,37827700
2022-06-01,275.20001220703125,277.69000244140625,270.0400085449219,272.4200134277344,263.575439453125,25292200
2022-06-02,264.45001220703125,274.6499938964844,261.6000061035156,274.5799865722656,265.6652526855469,44008200
2022-06-03,270.3099975585937,273.45001220703125,268.4100036621094,270.0199890136719,261.2532958984375,28059000
2022-06-06,272.0599975585937,274.17999267578125,267.2200012207031,268.75,260.0245361328125,22400300
2022-06-07,266.6400146484375,273.1300048828125,265.94000244140625,272.5,263.6527709960937,22860700
2022-06-08,271.7099914550781,273.0,269.6099853515625,270.4100036621094,261.6306457519531,17372300
2022-06-09,267.7799987792969,272.7099914550781,264.6300048828125,264.7900085449219,256.193115234375,26439700
2022-06-10,260.5799865722656,260.5799865722656,252.52999877929688,252.9900054931641,244.77626037597656,31422800
2022-06-13,245.1100006103516,249.0200042724609,241.52999877929688,242.259994506836,234.39456176757807,46135800
2022-06-14,243.8600006103516,245.7400054931641,241.509994506836,244.4900054931641,236.5521850585937,28651500
2022-06-15,248.3099975585937,255.3000030517578,246.4199981689453,251.759994506836,243.586166381836,33111700
2022-06-16,245.97999572753903,247.4199981689453,243.0200042724609,244.97000122070312,237.0165863037109,33169200
2022-06-17,244.6999969482422,250.5,244.02999877929688,247.6499938964844,239.609603881836,43084800
2022-06-21,250.259994506836,254.75,249.509994506836,253.7400054931641,245.5018615722656,29928300
2022-06-22,251.88999938964844,257.1700134277344,250.3699951171875,253.1300048828125,244.9116668701172,25939900
2022-06-23,255.57000732421875,259.3699951171875,253.6300048828125,258.8599853515625,250.45562744140625,25861400
2022-06-24,261.8099975585937,267.9800109863281,261.7200012207031,267.70001220703125,259.0086669921875,33923200
2022-06-27,268.2099914550781,268.29998779296875,263.2799987792969,264.8900146484375,256.2898864746094,24615100
2022-06-28,263.9800109863281,266.9100036621094,256.32000732421875,256.4800109863281,248.1529083251953,27295500
2022-06-29,257.5899963378906,261.9700012207031,255.759994506836,260.260009765625,251.81011962890625,20069800
2022-06-30,257.04998779296875,259.5299987792969,252.8999938964844,256.8299865722656,248.4915008544922,31730900
2022-07-01,256.3900146484375,259.7699890136719,254.6100006103516,259.5799865722656,251.1522674560547,22837700
2022-07-05,256.1600036621094,262.9800109863281,254.7400054931641,262.8500061035156,254.3161163330078,22941000
2022-07-06,263.75,267.989990234375,262.3999938964844,266.2099914550781,257.5670471191406,23824400
2022-07-07,265.1199951171875,269.0599975585937,265.0199890136719,268.3999938964844,259.6859436035156,20859900
2022-07-08,264.7900085449219,268.1000061035156,263.2900085449219,267.6600036621094,258.9699401855469,19658800
2022-07-11,265.6499938964844,266.5299987792969,262.17999267578125,264.510009765625,255.92214965820312,19455200
2022-07-12,265.8800048828125,265.94000244140625,252.0399932861328,253.6699981689453,245.43414306640625,35868500
2022-07-13,250.19000244140625,253.5500030517578,248.1100006103516,252.72000122070312,244.5149841308593,29497400
2022-07-14,250.57000732421875,255.13999938964844,245.94000244140625,254.0800018310547,245.83084106445312,25102800
2022-07-15,255.72000122070312,260.3699951171875,254.7700042724609,256.7200012207031,248.3851013183593,29774100
2022-07-18,259.75,260.8399963378906,253.3000030517578,254.25,245.995346069336,20975000
2022-07-19,257.5799865722656,259.7200012207031,253.67999267578125,259.5299987792969,251.10386657714844,25012600
2022-07-20,259.8999938964844,264.8699951171875,258.9100036621094,262.2699890136719,253.7549285888672,22788300
2022-07-21,259.7900085449219,264.8900146484375,257.0299987792969,264.8399963378906,256.241455078125,22404700
2022-07-22,265.239990234375,265.3299865722656,259.07000732421875,260.3599853515625,251.90692138671875,21881300
2022-07-25,261.0,261.5,256.8099975585937,258.8299865722656,250.4265594482422,21056000
2022-07-26,259.8599853515625,259.8800048828125,249.57000732421875,251.8999938964844,243.7215881347656,39348000
2022-07-27,261.1600036621094,270.04998779296875,258.8500061035156,268.739990234375,260.0148620605469,45994000
2022-07-28,269.75,277.8399963378906,267.8699951171875,276.4100036621094,267.4358215332031,33459300
2022-07-29,277.70001220703125,282.0,276.6300048828125,280.739990234375,271.62518310546875,32152800
2022-08-01,277.82000732421875,281.2799987792969,275.8399963378906,278.010009765625,268.9839172363281,21539600
2022-08-02,276.0,277.8900146484375,272.3800048828125,274.82000732421875,265.89752197265625,22754200
2022-08-03,276.760009765625,283.5,276.6099853515625,282.4700012207031,273.2990417480469,23518900
2022-08-04,281.79998779296875,283.79998779296875,280.1700134277344,283.6499938964844,274.44073486328125,18098700
2022-08-05,279.1499938964844,283.6499938964844,278.67999267578125,282.9100036621094,273.7248840332031,16774600
2022-08-08,284.04998779296875,285.9200134277344,279.32000732421875,280.32000732421875,271.2189636230469,18739200
2022-08-09,279.6400146484375,283.0799865722656,277.6099853515625,282.29998779296875,273.1346435546875,23405200
2022-08-10,288.1700134277344,289.8099975585937,286.94000244140625,289.1600036621094,279.7719421386719,24687800
2022-08-11,290.8500061035156,291.2099914550781,286.510009765625,287.0199890136719,277.7013854980469,20065900
2022-08-12,288.4800109863281,291.9100036621094,286.94000244140625,291.9100036621094,282.4326477050781,22619700
2022-08-15,291.0,294.17999267578125,290.1099853515625,293.4700012207031,283.94195556640625,18085700
2022-08-16,291.989990234375,294.0400085449219,290.4200134277344,292.7099914550781,283.2066345214844,18102900
2022-08-17,289.739990234375,293.3500061035156,289.4700012207031,291.32000732421875,282.4600830078125,18253400
2022-08-18,290.19000244140625,291.9100036621094,289.0799865722656,290.1700134277344,281.3450622558594,17186200
2022-08-19,288.8999938964844,289.25,285.5599975585937,286.1499938964844,277.447265625,20570000
2022-08-22,282.0799865722656,282.4599914550781,277.2200012207031,277.75,269.3027648925781,25061100
2022-08-23,276.44000244140625,278.8599853515625,275.3999938964844,276.44000244140625,268.0325927734375,17527400
2022-08-24,275.4100036621094,277.2300109863281,275.1099853515625,275.7900085449219,267.4023742675781,18137000
2022-08-25,277.3299865722656,279.0199890136719,274.5199890136719,278.8500061035156,270.3692932128906,16583400
2022-08-26,279.0799865722656,280.3399963378906,267.9800109863281,268.0899963378906,259.9365234375,27549300
2022-08-29,265.8500061035156,267.3999938964844,263.8500061035156,265.2300109863281,257.16357421875,20338500
2022-08-30,266.6700134277344,267.04998779296875,260.6600036621094,262.9700012207031,254.9722137451172,22767100
2022-08-31,265.3900146484375,267.1099853515625,261.3299865722656,261.4700012207031,253.51792907714844,24791800
2022-09-01,258.8699951171875,260.8900146484375,255.4100036621093,260.3999938964844,252.4804229736328,23263400
2022-09-02,261.70001220703125,264.739990234375,254.47000122070312,256.0599975585937,248.2723999023437,22855400
2022-09-06,256.20001220703125,257.8299865722656,251.94000244140625,253.25,245.54786682128903,21328200
2022-09-07,254.6999969482422,258.8299865722656,253.22000122070312,258.0899963378906,250.2406616210937,24126700
2022-09-08,257.510009765625,260.42999267578125,254.7899932861328,258.5199890136719,250.6575622558593,20319900
2022-09-09,260.5,265.2300109863281,260.2900085449219,264.4599914550781,256.4168701171875,22084700
2022-09-12,265.7799987792969,267.45001220703125,265.1600036621094,266.6499938964844,258.540283203125,18747700
2022-09-13,258.8399963378906,260.3999938964844,251.58999633789065,251.9900054931641,244.32620239257807,33353300
2022-09-14,253.52999877929688,254.22999572753903,249.8600006103516,252.22000122070312,244.54920959472656,23913000
2022-09-15,249.7700042724609,251.3999938964844,244.0200042724609,245.3800048828125,237.91720581054688,31530900
2022-09-16,244.259994506836,245.3000030517578,242.0599975585937,244.7400054931641,237.29669189453125,39791800
2022-09-19,242.47000122070312,245.13999938964844,240.8500061035156,244.5200042724609,237.08338928222656,26826900
2022-09-20,242.07000732421875,243.509994506836,239.63999938964844,242.4499969482422,235.07632446289065,26660300
2022-09-21,244.2700042724609,247.6600036621093,238.8999938964844,238.9499969482422,231.6827850341797,28625600
2022-09-22,237.8699951171875,243.8600006103516,237.57000732421875,240.97999572753903,233.65103149414065,31061200
2022-09-23,239.5399932861328,241.1300048828125,235.1999969482422,237.9199981689453,230.6841278076172,34176000
2022-09-26,237.0500030517578,241.4499969482422,236.8999938964844,237.4499969482422,230.2283935546875,27694200
2022-09-27,239.97999572753903,241.8000030517578,234.5,236.4100036621093,229.2200164794922,27018700
2022-09-28,236.8099975585937,242.3300018310547,234.72999572753903,241.07000732421875,233.7383270263672,29029700
2022-09-29,238.88999938964844,239.9499969482422,234.4100036621093,237.5,230.27687072753903,27484200
2022-09-30,238.2899932861328,240.5399932861328,232.72999572753903,232.8999938964844,225.8167419433593,35694800
2022-10-03,235.4100036621093,241.6100006103516,234.6600036621093,240.7400054931641,233.41835021972656,28880400
2022-10-04,245.08999633789065,250.3600006103516,244.97999572753903,248.8800048828125,241.310791015625,34888400
2022-10-05,245.9900054931641,250.5800018310547,244.1000061035156,249.1999969482422,241.6210479736328,20347100
2022-10-06,247.92999267578125,250.33999633789065,246.0800018310547,246.7899932861328,239.28433227539065,20239900
2022-10-07,240.8999938964844,241.32000732421875,233.1699981689453,234.2400054931641,227.11602783203125,37769600
2022-10-10,233.0500030517578,234.5599975585937,226.72999572753903,229.25,222.27780151367188,29743600
2022-10-11,227.6199951171875,229.0599975585937,224.1100006103516,225.4100036621093,218.5545654296875,30474000
2022-10-12,225.3999938964844,227.8600006103516,223.9600067138672,225.75,218.8842163085937,21903900
2022-10-13,219.8500061035156,236.1000061035156,219.1300048828125,234.2400054931641,227.11602783203125,42551800
2022-10-14,235.5399932861328,237.2400054931641,228.33999633789065,228.5599975585937,221.60877990722656,30198600
2022-10-17,235.82000732421875,238.9600067138672,235.13999938964844,237.52999877929688,230.30596923828125,28142300
2022-10-18,243.2400054931641,243.92999267578125,235.3699951171875,238.5,231.24647521972656,26329600
2022-10-19,237.0399932861328,239.6100006103516,234.2899932861328,236.47999572753903,229.2878875732422,19985700
2022-10-20,235.7700042724609,241.3099975585937,234.8699951171875,236.1499938964844,228.96792602539065,21811000
2022-10-21,234.7400054931641,243.0,234.5,242.1199951171875,234.75637817382807,26299700
2022-10-24,243.759994506836,247.83999633789065,241.3000030517578,247.25,239.7303771972656,24911200
2022-10-25,247.259994506836,251.0399932861328,245.8300018310547,250.6600036621093,243.03665161132807,34775500
2022-10-26,231.1699981689453,238.3000030517578,230.0599975585937,231.32000732421875,224.2848663330078,82543200
2022-10-27,231.0399932861328,233.69000244140625,225.77999877929688,226.75,219.8538513183593,40424600
2022-10-28,226.2400054931641,236.6000061035156,226.0500030517578,235.8699951171875,228.6964263916016,40647700
2022-10-31,233.759994506836,234.9199981689453,231.1499938964844,232.1300048828125,225.0702362060547,28357300
2022-11-01,234.6000061035156,235.7400054931641,227.3300018310547,228.1699981689453,221.2306365966797,30592300
2022-11-02,229.4600067138672,231.3000030517578,220.0399932861328,220.1000061035156,213.40606689453125,38407000
2022-11-03,220.08999633789065,220.4100036621093,213.97999572753903,214.25,207.73399353027344,36633900
2022-11-04,217.5500030517578,221.58999633789065,213.42999267578125,221.38999938964844,214.65684509277344,36789100
2022-11-07,221.9900054931641,228.4100036621093,221.27999877929688,227.8699951171875,220.9397735595703,33498000
2022-11-08,228.6999969482422,231.6499938964844,225.83999633789065,228.8699951171875,221.9093475341797,28192500
2022-11-09,227.3699951171875,228.6300048828125,224.3300018310547,224.509994506836,217.6819305419922,27852900
2022-11-10,235.42999267578125,243.3300018310547,235.0,242.97999572753903,235.5902404785156,46268000
2022-11-11,242.9900054931641,247.9900054931641,241.92999267578125,247.1100006103516,239.5946044921875,34620200
2022-11-14,241.9900054931641,243.9100036621093,239.2100067138672,241.5500030517578,234.2036895751953,31123300
2022-11-15,245.6600036621093,247.0,240.02999877929688,241.97000122070312,234.6109313964844,31390100
2022-11-16,242.7899932861328,243.8000030517578,240.4199981689453,241.72999572753903,235.03875732421875,24093300
2022-11-17,237.77999877929688,243.25,237.6300048828125,241.67999267578125,234.99012756347656,23123500
2022-11-18,243.509994506836,243.7400054931641,239.02999877929688,241.22000122070312,234.54286193847656,27613500
2022-11-21,241.42999267578125,244.6699981689453,241.19000244140625,242.0500030517578,235.3498992919922,26394700
2022-11-22,243.58999633789065,245.3099975585937,240.7100067138672,245.02999877929688,238.2473907470703,19665700
2022-11-23,245.1100006103516,248.27999877929688,244.2700042724609,247.5800018310547,240.7268218994141,19508500
2022-11-25,247.3099975585937,248.6999969482422,246.72999572753903,247.4900054931641,240.6393280029297,9200800
2022-11-28,246.0800018310547,246.6499938964844,240.8000030517578,241.759994506836,235.0679168701172,24778200
2022-11-29,241.3999938964844,242.7899932861328,238.2100067138672,240.3300018310547,233.677490234375,17956300
2022-11-30,240.57000732421875,255.3300018310547,239.8600006103516,255.13999938964844,248.0775451660156,47594200
2022-12-01,253.8699951171875,256.1199951171875,250.9199981689453,254.69000244140625,247.6400146484375,26041500
2022-12-02,249.82000732421875,256.0599975585937,249.69000244140625,255.0200042724609,247.9608764648437,21528500
2022-12-05,252.009994506836,253.82000732421875,248.0599975585937,250.1999969482422,243.2742919921875,23435300
2022-12-06,250.82000732421875,251.8600006103516,243.77999877929688,245.1199951171875,238.33493041992188,22463700
2022-12-07,244.8300018310547,246.1600036621093,242.2100067138672,244.3699951171875,237.60565185546875,20481500
2022-12-08,244.83999633789065,248.7400054931641,243.0599975585937,247.3999938964844,240.5518035888672,22611800
2022-12-09,244.6999969482422,248.3099975585937,244.1600036621093,245.4199981689453,238.6266021728516,20609700
2022-12-12,247.4499969482422,252.5399932861328,247.1699981689453,252.509994506836,245.5203399658203,30665100
2022-12-13,261.69000244140625,263.9200134277344,253.07000732421875,256.9200134277344,249.8082733154297,42196900
2022-12-14,257.1300048828125,262.5899963378906,254.3099975585937,257.2200012207031,250.1000061035156,35410900
2022-12-15,253.72000122070312,254.1999969482422,247.33999633789065,249.009994506836,242.1172637939453,35560400
2022-12-16,248.5500030517578,249.83999633789065,243.509994506836,244.69000244140625,237.91680908203125,86102000
2022-12-19,244.8600006103516,245.2100067138672,238.7100067138672,240.4499969482422,233.794174194336,29696400
2022-12-20,239.3999938964844,242.9100036621093,238.4199981689453,241.8000030517578,235.1068115234375,25150800
2022-12-21,241.69000244140625,245.6199951171875,240.1100006103516,244.42999267578125,237.6639709472656,23690600
2022-12-22,241.259994506836,241.9900054931641,233.8699951171875,238.19000244140625,231.5967559814453,28651700
2022-12-23,236.1100006103516,238.8699951171875,233.94000244140625,238.72999572753903,232.12179565429688,21207000
2022-12-27,238.6999969482422,238.92999267578125,235.8300018310547,236.9600067138672,230.4008026123047,16688600
2022-12-28,236.88999938964844,239.72000122070312,234.1699981689453,234.52999877929688,228.0380401611328,17457100
2022-12-29,235.6499938964844,241.9199981689453,235.6499938964844,241.009994506836,234.3386688232422,19770700
2022-12-30,238.2100067138672,239.9600067138672,236.6600036621093,239.82000732421875,233.18167114257807,21938500
2023-01-03,243.0800018310547,245.75,237.3999938964844,239.5800018310547,232.94825744628903,25740000
2023-01-04,232.27999877929688,232.8699951171875,225.9600067138672,229.1000061035156,222.75836181640625,50623400
2023-01-05,227.1999969482422,227.5500030517578,221.759994506836,222.3099975585937,216.1562957763672,39585600
2023-01-06,223.0,225.759994506836,219.3500061035156,224.92999267578125,218.7038116455078,43613600
2023-01-09,226.4499969482422,231.2400054931641,226.4100036621093,227.1199951171875,220.83316040039065,27369800
2023-01-10,227.759994506836,231.3099975585937,227.3300018310547,228.8500061035156,222.5152740478516,27033900
2023-01-11,231.2899932861328,235.9499969482422,231.1100006103516,235.7700042724609,229.2437438964844,28669300
2023-01-12,235.259994506836,239.8999938964844,233.5599975585937,238.509994506836,231.9079132080078,27269500
2023-01-13,237.0,239.3699951171875,234.9199981689453,239.22999572753903,232.60797119140625,21333300
2023-01-17,237.97000122070312,240.9100036621093,237.08999633789065,240.3500061035156,233.69696044921875,29831300
2023-01-18,241.57000732421875,242.3800048828125,235.5200042724609,235.8099975585937,229.2826232910156,30028700
2023-01-19,233.77999877929688,235.5200042724609,230.67999267578125,231.92999267578125,225.510009765625,28623000
2023-01-20,234.8600006103516,240.7400054931641,234.509994506836,240.22000122070312,233.570541381836,35389800
2023-01-23,241.1000061035156,245.1699981689453,239.6499938964844,242.5800018310547,235.86520385742188,31934000
2023-01-24,242.5,243.9499969482422,240.44000244140625,242.0399932861328,235.34014892578125,40234400
2023-01-25,234.47999572753903,243.3000030517578,230.8999938964844,240.6100006103516,233.9497528076172,66526600
2023-01-26,243.6499938964844,248.3099975585937,242.0,248.0,241.1351776123047,33454500
2023-01-27,248.9900054931641,249.8300018310547,246.8300018310547,248.1600036621093,241.290756225586,26498900
2023-01-30,244.509994506836,245.6000061035156,242.1999969482422,242.7100067138672,235.9916381835937,25867400
2023-01-31,243.4499969482422,247.9499969482422,242.9499969482422,247.8099975585937,240.9504547119141,26541100
2023-02-01,248.0,255.17999267578125,245.47000122070312,252.75,245.75369262695312,31259900
2023-02-02,258.82000732421875,264.69000244140625,257.25,264.6000061035156,257.2756652832031,39940400
2023-02-03,259.5400085449219,264.20001220703125,257.1000061035156,258.3500061035156,251.1986846923828,29077300
2023-02-06,257.44000244140625,258.29998779296875,254.77999877929688,256.7699890136719,249.6624298095703,22518000
2023-02-07,260.5299987792969,268.7699890136719,260.0799865722656,267.5599975585937,260.1537475585937,50841400
2023-02-08,273.20001220703125,276.760009765625,266.2099914550781,266.7300109863281,259.3466796875,54686000
2023-02-09,273.79998779296875,273.9800109863281,262.79998779296875,263.6199951171875,256.32281494140625,42375100
2023-02-10,261.5299987792969,264.0899963378906,260.6600036621094,263.1000061035156,255.81716918945312,25818500
2023-02-13,267.6400146484375,274.6000061035156,267.1499938964844,271.32000732421875,263.8096923828125,44630900
2023-02-14,272.6700134277344,274.9700012207031,269.2799987792969,272.1700134277344,264.6361389160156,37047900
2023-02-15,268.32000732421875,270.7300109863281,266.17999267578125,269.32000732421875,262.5208740234375,28922400
2023-02-16,264.0199890136719,266.739990234375,261.8999938964844,262.1499938964844,255.53189086914065,29603600
2023-02-17,259.3900146484375,260.0899963378906,256.0,258.0599975585937,251.5452117919922,30000100
2023-02-21,254.47999572753903,255.4900054931641,251.58999633789065,252.6699981689453,246.29129028320312,28397400
2023-02-22,254.08999633789065,254.33999633789065,250.33999633789065,251.509994506836,245.1605682373047,22491100
2023-02-23,255.5599975585937,256.8399963378906,250.47999572753903,254.7700042724609,248.3382568359375,29219100
2023-02-24,249.9600067138672,251.0,248.1000061035156,249.22000122070312,242.9283599853516,24990900
2023-02-27,252.4600067138672,252.82000732421875,249.38999938964844,250.1600036621093,243.84461975097656,21190000
2023-02-28,249.07000732421875,251.4900054931641,248.72999572753903,249.4199981689453,243.12332153320312,22491000
2023-03-01,250.759994506836,250.92999267578125,245.7899932861328,246.2700042724609,240.05284118652344,27565300
2023-03-02,246.5500030517578,251.3999938964844,245.6100006103516,251.1100006103516,244.77066040039065,24808200
2023-03-03,252.19000244140625,255.6199951171875,251.38999938964844,255.2899932861328,248.8451385498047,30760100
2023-03-06,256.42999267578125,260.1199951171875,255.97999572753903,256.8699951171875,250.38522338867188,24109800
2023-03-07,256.29998779296875,257.69000244140625,253.38999938964844,254.1499938964844,247.73391723632807,21473200
2023-03-08,254.0399932861328,254.5399932861328,250.8099975585937,253.6999969482422,247.29527282714844,17340200
2023-03-09,255.82000732421875,259.5599975585937,251.5800018310547,252.32000732421875,245.9501037597656,26653400
2023-03-10,251.0800018310547,252.7899932861328,247.6000061035156,248.58999633789065,242.3142547607422,28333900
2023-03-13,247.3999938964844,257.9100036621094,245.72999572753903,253.9199981689453,247.50973510742188,33339700
2023-03-14,256.75,261.07000732421875,255.8600006103516,260.7900085449219,254.2063140869141,33620300
2023-03-15,259.9800109863281,266.4800109863281,259.2099914550781,265.44000244140625,258.7388916015625,46028000
2023-03-16,265.2099914550781,276.5599975585937,263.2799987792969,276.20001220703125,269.22723388671875,54768800
2023-03-17,278.260009765625,283.3299865722656,276.32000732421875,279.42999267578125,272.375732421875,69527400
2023-03-20,276.9800109863281,277.4800109863281,269.8500061035156,272.2300109863281,265.3575134277344,43466600
2023-03-21,274.8800048828125,275.0,269.5199890136719,273.7799987792969,266.86834716796875,34558700
2023-03-22,273.3999938964844,281.0400085449219,272.17999267578125,272.2900085449219,265.4159545898437,34873300
2023-03-23,277.94000244140625,281.0599975585937,275.20001220703125,277.6600036621094,270.650390625,36610900
2023-03-24,277.239990234375,280.6300048828125,275.2799987792969,280.57000732421875,273.48687744140625,28172000
2023-03-27,280.5,281.4599914550781,275.5199890136719,276.3800048828125,269.4027404785156,26840200
2023-03-28,275.7900085449219,276.1400146484375,272.04998779296875,275.2300109863281,268.2817687988281,21878600
2023-03-29,278.9599914550781,281.1400146484375,278.4100036621094,280.510009765625,273.4284362792969,25087000
2023-03-30,284.2300109863281,284.4599914550781,281.4800109863281,284.04998779296875,276.87908935546875,25053400
2023-03-31,283.7300109863281,289.2699890136719,283.0,288.29998779296875,281.0218200683594,32766000
2023-04-03,286.5199890136719,288.2699890136719,283.95001220703125,287.2300109863281,279.978759765625,24883300
2023-04-04,287.2300109863281,290.45001220703125,285.6700134277344,287.17999267578125,279.9300537109375,25824300
2023-04-05,285.8500061035156,287.1499938964844,282.9200134277344,284.3399963378906,277.1617126464844,22064800
2023-04-06,283.2099914550781,292.0799865722656,282.0299987792969,291.6000061035156,284.2384338378906,29770300
2023-04-10,289.2099914550781,289.6000061035156,284.7099914550781,289.3900146484375,282.0842590332031,23103000
2023-04-11,285.75,285.9800109863281,281.6400146484375,282.8299865722656,275.68975830078125,27276600
2023-04-12,284.7900085449219,287.010009765625,281.9599914550781,283.489990234375,276.3331604003906,27403400
2023-04-13,283.5899963378906,289.8999938964844,283.1700134277344,289.8399963378906,282.5228576660156,24222700
2023-04-14,287.0,288.4800109863281,283.69000244140625,286.1400146484375,278.9162902832031,20987900
2023-04-17,289.92999267578125,291.6000061035156,286.1600036621094,288.79998779296875,281.5091247558594,23836200
2023-04-18,291.57000732421875,291.760009765625,287.010009765625,288.3699951171875,281.0899963378906,20161800
2023-04-19,285.989990234375,289.04998779296875,284.5400085449219,288.45001220703125,281.16802978515625,17150300
2023-04-20,285.25,289.0299987792969,285.0799865722656,286.1099853515625,278.88702392578125,23244400
2023-04-21,285.010009765625,286.2699890136719,283.0599975585937,285.760009765625,278.5458984375,21676400
2023-04-24,282.0899963378906,284.95001220703125,278.7200012207031,281.7699890136719,274.6566162109375,26611000
2023-04-25,279.510009765625,281.6000061035156,275.3699951171875,275.4200134277344,268.4669189453125,45772200
2023-04-26,296.70001220703125,299.57000732421875,292.7300109863281,295.3699951171875,287.913330078125,64599200
2023-04-27,295.9700012207031,305.20001220703125,295.25,304.8299865722656,297.13446044921875,46462600
2023-04-28,304.010009765625,308.92999267578125,303.3099975585937,307.260009765625,299.5031433105469,36469600
2023-05-01,306.9700012207031,308.6000061035156,305.1499938964844,305.5599975585937,297.84600830078125,21294100
2023-05-02,307.760009765625,309.17999267578125,303.9100036621094,305.4100036621094,297.6998596191406,26404400
2023-05-03,306.6199951171875,308.6099853515625,304.0899963378906,304.3999938964844,296.7152709960937,22360800
2023-05-04,306.239990234375,307.760009765625,303.3999938964844,305.4100036621094,297.6998596191406,22519900
2023-05-05,305.7200012207031,311.9700012207031,304.2699890136719,310.6499938964844,302.8075561523437,28197100
2023-05-08,310.1300048828125,310.20001220703125,306.0899963378906,308.6499938964844,300.8580627441406,21318600
2023-05-09,308.0,310.0400085449219,306.3099975585937,307.0,299.2497253417969,21340800
2023-05-10,308.6199951171875,313.0,307.6700134277344,312.3099975585937,304.42559814453125,30078000
2023-05-11,310.1000061035156,311.1199951171875,306.260009765625,310.1099853515625,302.2811584472656,31680200
2023-05-12,310.54998779296875,310.6499938964844,306.6000061035156,308.9700012207031,301.1699523925781,19774700
2023-05-15,309.1000061035156,309.8999938964844,307.5899963378906,309.4599914550781,301.64752197265625,16336500
2023-05-16,309.8299865722656,313.7099914550781,309.8299865722656,311.739990234375,303.8699951171875,26730300
2023-05-17,312.2900085449219,314.42999267578125,310.739990234375,314.0,306.7420349121094,24315000
2023-05-18,314.5299987792969,319.0400085449219,313.7200012207031,318.5199890136719,311.1576232910156,27276000
2023-05-19,316.739990234375,318.75,316.3699951171875,318.3399963378906,310.981689453125,27546700
2023-05-22,318.6000061035156,322.5899963378906,318.010009765625,321.17999267578125,313.756103515625,24115700
2023-05-23,320.0299987792969,322.7200012207031,315.25,315.260009765625,307.97296142578125,30797200
2023-05-24,314.7300109863281,316.5,312.6099853515625,313.8500061035156,306.595458984375,23384900
2023-05-25,323.239990234375,326.8999938964844,320.0,325.9200134277344,318.3865966796875,43301700
2023-05-26,324.0199890136719,333.3999938964844,323.8800048828125,332.8900146484375,325.1954650878906,36630600
2023-05-30,335.2300109863281,335.739990234375,330.5199890136719,331.2099914550781,323.55426025390625,29503100
2023-05-31,332.2900085449219,335.94000244140625,327.3299865722656,328.3900146484375,320.7994689941406,45950600
2023-06-01,325.92999267578125,333.5299987792969,324.7200012207031,332.5799865722656,324.8925476074219,26773900
2023-06-02,334.25,337.5,332.54998779296875,335.3999938964844,327.6474304199219,25873800
2023-06-05,335.2200012207031,338.5599975585937,334.6600036621094,335.94000244140625,328.17498779296875,21307100
2023-06-06,335.3299865722656,335.3699951171875,332.1700134277344,333.67999267578125,325.9672546386719,20396200
2023-06-07,331.6499938964844,334.489990234375,322.5,323.3800048828125,315.9052734375,40717100
2023-06-08,323.94000244140625,326.6400146484375,323.3500061035156,325.260009765625,317.7417907714844,23277700
2023-06-09,324.989990234375,329.989990234375,324.4100036621094,326.7900085449219,319.2364196777344,22529000
2023-06-12,328.5799865722656,332.1000061035156,325.1600036621094,331.8500061035156,324.1795349121094,24260300
2023-06-13,334.4700012207031,336.9800109863281,330.3900146484375,334.2900085449219,326.56304931640625,22951300
2023-06-14,334.3399963378906,339.0400085449219,332.8099975585937,337.3399963378906,329.5426025390625,26003800
2023-06-15,337.4800109863281,349.8399963378906,337.20001220703125,348.1000061035156,340.05389404296875,38899100
2023-06-16,351.32000732421875,351.4700012207031,341.95001220703125,342.3299865722656,334.4172668457031,46552000
2023-06-20,339.3099975585937,342.0799865722656,335.8599853515625,338.04998779296875,330.23614501953125,26375400
2023-06-21,336.3699951171875,337.7300109863281,332.07000732421875,333.5599975585937,325.8499450683594,25117800
2023-06-22,334.1199951171875,340.1199951171875,333.3399963378906,339.7099914550781,331.8577575683594,23556800
2023-06-23,334.3599853515625,337.9599914550781,333.45001220703125,335.0199890136719,327.27618408203125,23146900
2023-06-26,333.7200012207031,336.1099853515625,328.489990234375,328.6000061035156,321.0046081542969,21520600
2023-06-27,331.8599853515625,336.1499938964844,329.29998779296875,334.57000732421875,326.8365783691406,24354100
2023-06-28,334.6600036621094,337.9800109863281,333.8099975585937,335.8500061035156,328.0870361328125,20259500
2023-06-29,334.7099914550781,336.1099853515625,332.6199951171875,335.04998779296875,327.3055114746094,16997000
2023-06-30,337.75,342.7300109863281,337.20001220703125,340.5400085449219,332.6686706542969,26832800
2023-07-03,339.19000244140625,340.8999938964844,336.57000732421875,337.989990234375,330.1775207519531,12508700
2023-07-05,335.0899963378906,341.6499938964844,334.7300109863281,338.1499938964844,330.3338623046875,18172400
2023-07-06,337.29998779296875,342.989990234375,335.5,341.2699890136719,333.3817749023437,28161200
2023-07-07,339.32000732421875,341.7900085449219,337.0,337.2200012207031,329.42535400390625,21214800
2023-07-10,334.6000061035156,335.2300109863281,327.5899963378906,331.8299865722656,324.15997314453125,32791400
2023-07-11,331.0599975585937,332.8599853515625,327.0,332.4700012207031,324.78515625,26698200
2023-07-12,336.6000061035156,341.6499938964844,335.6700134277344,337.20001220703125,329.40582275390625,29995300
2023-07-13,339.5599975585937,343.739990234375,339.0199890136719,342.6600036621094,334.73956298828125,20567200
2023-07-14,347.5899963378906,351.42999267578125,344.3099975585937,345.239990234375,337.2599792480469,28352700
2023-07-17,345.67999267578125,346.989990234375,342.20001220703125,345.7300109863281,337.7387084960937,20363900
2023-07-18,345.8299865722656,366.7799987792969,342.1700134277344,359.489990234375,351.1806030273437,64738600
2023-07-19,361.75,362.4599914550781,352.44000244140625,355.0799865722656,346.8725280761719,39732900
2023-07-20,353.57000732421875,357.9700012207031,345.3699951171875,346.8699951171875,338.852294921875,33778400
2023-07-21,349.1499938964844,350.29998779296875,339.8299865722656,343.7699890136719,335.8238830566406,69405400
2023-07-24,345.8500061035156,346.9200134277344,342.3099975585937,345.1099853515625,337.1329345703125,26678100
2023-07-25,347.1099853515625,351.8900146484375,345.07000732421875,350.9800109863281,342.8673400878906,41637700
2023-07-26,341.44000244140625,344.6700134277344,333.1099853515625,337.7699890136719,329.9626770019531,58383700
2023-07-27,340.4800109863281,341.3299865722656,329.04998779296875,330.7200012207031,323.0756530761719,39635300
2023-07-28,333.6700134277344,340.010009765625,333.1700134277344,338.3699951171875,330.5487365722656,28484900
2023-07-31,336.9200134277344,337.70001220703125,333.3599853515625,335.9200134277344,328.1553955078125,25446000
2023-08-01,335.19000244140625,338.5400085449219,333.70001220703125,336.3399963378906,328.5657043457031,18311900
2023-08-02,333.6300048828125,333.6300048828125,326.3599853515625,327.5,319.9300231933594,27761300
2023-08-03,326.0,329.8800048828125,325.95001220703125,326.6600036621094,319.10943603515625,18253700
2023-08-04,331.8800048828125,335.1400146484375,327.239990234375,327.7799987792969,320.2035217285156,23741500
2023-08-07,328.3699951171875,331.1099853515625,327.5199890136719,330.1099853515625,322.479736328125,17741500
2023-08-08,326.9599914550781,328.75,323.0,326.04998779296875,318.5135192871094,22327600
2023-08-09,326.4700012207031,327.1099853515625,321.04998779296875,322.2300109863281,314.7818298339844,22373300
2023-08-10,326.0199890136719,328.260009765625,321.17999267578125,322.92999267578125,315.4656677246094,20113700
2023-08-11,320.260009765625,322.4100036621094,319.2099914550781,321.010009765625,313.5900573730469,24355500
2023-08-14,321.3900146484375,324.0599975585937,320.0799865722656,324.0400085449219,316.550048828125,18836100
2023-08-15,323.0,325.0899963378906,320.8999938964844,321.8599853515625,314.4203796386719,16966300
2023-08-16,320.79998779296875,324.4200134277344,319.79998779296875,320.3999938964844,313.6568298339844,20698900
2023-08-17,320.5400085449219,321.8699951171875,316.2099914550781,316.8800048828125,310.2108764648437,21257200
2023-08-18,314.489990234375,318.3800048828125,311.54998779296875,316.4800109863281,309.8193054199219,24755000
2023-08-21,317.92999267578125,322.7699890136719,317.0400085449219,321.8800048828125,315.105712890625,24040000
2023-08-22,325.5,326.0799865722656,321.4599914550781,322.4599914550781,315.6734619140625,16084600
2023-08-23,323.82000732421875,329.20001220703125,323.4599914550781,327.0,320.1178894042969,21166400
2023-08-24,332.8500061035156,332.9800109863281,319.9599914550781,319.9700012207031,313.2358703613281,23281400
2023-08-25,321.4700012207031,325.3599853515625,318.79998779296875,322.9800109863281,316.1824645996094,21684100
2023-08-28,325.6600036621094,326.1499938964844,321.7200012207031,323.70001220703125,316.88739013671875,14808500
2023-08-29,321.8800048828125,328.9800109863281,321.8800048828125,328.4100036621094,321.4981994628906,19284600
2023-08-30,328.6700134277344,329.8099975585937,326.45001220703125,328.7900085449219,321.87017822265625,15222100
2023-08-31,329.20001220703125,330.9100036621094,326.7799987792969,327.760009765625,320.86187744140625,26411000
2023-09-01,331.3099975585937,331.989990234375,326.7799987792969,328.6600036621094,321.74298095703125,14942000
2023-09-05,329.0,334.8500061035156,328.6600036621094,333.54998779296875,326.530029296875,18553900
2023-09-06,333.3800048828125,334.4599914550781,330.17999267578125,332.8800048828125,325.8741455078125,17535800
2023-09-07,331.2900085449219,333.0799865722656,329.0299987792969,329.9100036621094,322.9666442871094,18381000
2023-09-08,330.0899963378906,336.1600036621094,329.4599914550781,334.2699890136719,327.2348937988281,19530100
2023-09-11,337.239990234375,338.4200134277344,335.42999267578125,337.94000244140625,330.8276672363281,16583300
2023-09-12,335.82000732421875,336.7900085449219,331.4800109863281,331.7699890136719,324.7875366210937,17565500
2023-09-13,331.3099975585937,336.8500061035156,331.1700134277344,336.0599975585937,328.9872436523437,16544400
2023-09-14,339.1499938964844,340.8599853515625,336.57000732421875,338.70001220703125,331.5717163085937,20267000
2023-09-15,336.9200134277344,337.3999938964844,329.6499938964844,330.2200012207031,323.2701416015625,37679800
2023-09-18,327.79998779296875,330.3999938964844,326.3599853515625,329.0599975585937,322.13458251953125,16834200
2023-09-19,326.1700134277344,329.3900146484375,324.510009765625,328.6499938964844,321.7331848144531,16505900
2023-09-20,329.510009765625,329.5899963378906,320.510009765625,320.7699890136719,314.0189819335937,21436500
2023-09-21,319.260009765625,325.3500061035156,315.0,319.5299987792969,312.8050842285156,35560400
2023-09-22,321.32000732421875,321.45001220703125,316.1499938964844,317.010009765625,310.338134765625,21447900
2023-09-25,316.5899963378906,317.6700134277344,315.0,317.5400085449219,310.8570251464844,17836000
2023-09-26,315.1300048828125,315.8800048828125,310.0199890136719,312.1400146484375,305.5707092285156,26297600
2023-09-27,312.29998779296875,314.29998779296875,309.69000244140625,312.7900085449219,306.2069702148437,19410100
2023-09-28,310.989990234375,315.4800109863281,309.45001220703125,313.6400146484375,307.0390930175781,19683600
2023-09-29,317.75,319.4700012207031,314.9800109863281,315.75,309.1046447753906,24147300
2023-10-02,316.2799987792969,321.8900146484375,315.17999267578125,321.79998779296875,315.02734375,20570000
2023-10-03,320.8299865722656,321.3900146484375,311.2099914550781,313.3900146484375,306.7943115234375,21033500
2023-10-04,314.0299987792969,320.0400085449219,314.0,318.9599914550781,312.2471008300781,20720100
2023-10-05,319.0899963378906,319.9800109863281,314.8999938964844,319.3599853515625,312.6387023925781,16965600
2023-10-06,316.54998779296875,329.19000244140625,316.29998779296875,327.260009765625,320.3724670410156,25673600
2023-10-09,324.75,330.29998779296875,323.17999267578125,329.82000732421875,322.8785705566406,19891200
2023-10-10,330.9599914550781,331.1000061035156,327.6700134277344,328.3900146484375,321.4786376953125,20557100
2023-10-11,331.2099914550781,332.82000732421875,329.1400146484375,332.4200134277344,325.4238586425781,20063200
2023-10-12,330.57000732421875,333.6300048828125,328.7200012207031,331.1600036621094,324.1903686523437,19313100
2023-10-13,332.3800048828125,333.8299865722656,326.3599853515625,327.7300109863281,320.83251953125,21072400
2023-10-16,331.04998779296875,336.1400146484375,330.6000061035156,332.6400146484375,325.63916015625,22158000
2023-10-17,329.5899963378906,333.4599914550781,327.4100036621094,332.0599975585937,325.0713806152344,18338500
2023-10-18,332.489990234375,335.5899963378906,328.29998779296875,330.1099853515625,323.1624450683594,23153600
2023-10-19,332.1499938964844,336.8800048828125,330.9100036621094,331.32000732421875,324.34698486328125,25052100
2023-10-20,331.7200012207031,331.9200134277344,325.45001220703125,326.6700134277344,319.7948608398437,25027700
2023-10-23,325.4700012207031,332.7300109863281,324.3900146484375,329.32000732421875,322.3890991210937,24374700
2023-10-24,331.29998779296875,331.8399963378906,327.6000061035156,330.5299987792969,323.5736083984375,31153600
2023-10-25,345.0199890136719,346.20001220703125,337.6199951171875,340.6700134277344,333.500244140625,55053800
2023-10-26,340.5400085449219,341.6300048828125,326.94000244140625,327.8900146484375,320.9892272949219,37828500
2023-10-27,330.42999267578125,336.7200012207031,328.3999938964844,329.8099975585937,322.8687438964844,29856500
2023-10-30,333.4100036621094,339.45001220703125,331.8299865722656,337.3099975585937,330.2109069824219,22828100
2023-10-31,338.8500061035156,339.0,334.69000244140625,338.1099853515625,330.9940490722656,20265300
2023-11-01,339.7900085449219,347.4200134277344,339.6499938964844,346.07000732421875,338.7865905761719,28158800
2023-11-02,347.239990234375,348.8299865722656,344.7699890136719,348.32000732421875,340.9892272949219,24348100
2023-11-03,349.6300048828125,354.3900146484375,347.3299865722656,352.79998779296875,345.3748779296875,23637700
2023-11-06,353.45001220703125,357.5400085449219,353.3500061035156,356.5299987792969,349.0264587402344,23828300
2023-11-07,359.3999938964844,362.4599914550781,357.6300048828125,360.5299987792969,352.94219970703125,25833900
2023-11-08,361.6799926757813,363.8699951171875,360.5499877929688,363.2000122070313,355.5560302734375,26767800
2023-11-09,362.2999877929688,364.7900085449219,360.3599853515625,360.6900024414063,353.098876953125,24847300
2023-11-10,361.489990234375,370.1000061035156,361.0700073242188,369.6700134277344,361.8898620605469,28042100
2023-11-13,368.2200012207031,368.4700012207031,365.8999938964844,366.6799926757813,358.9628295898437,19986500
2023-11-14,371.010009765625,371.9500122070313,367.3500061035156,370.2699890136719,362.4772338867188,27683900
2023-11-15,371.2799987792969,373.1300048828125,367.1099853515625,369.6700134277344,362.6243591308594,26860100
2023-11-16,370.9599914550781,376.3500061035156,370.1799926757813,376.1700134277344,369.0005187988281,27182300
2023-11-17,373.6099853515625,374.3699951171875,367.0,369.8500061035156,362.8009643554688,40157000
2023-11-20,371.2200012207031,378.8699951171875,371.0,377.4400024414063,370.2462463378906,52465100
2023-11-21,375.6700134277344,376.2200012207031,371.1199951171875,373.0700073242188,365.9595947265625,28423100
2023-11-22,378.0,379.7900085449219,374.9700012207031,377.8500061035156,370.6484680175781,23345300
2023-11-24,377.3299865722656,377.9700012207031,375.1400146484375,377.4299926757813,370.2365112304688,10176600
2023-11-27,376.7799987792969,380.6400146484375,376.2000122070313,378.6099853515625,371.39398193359375,22179200
2023-11-28,378.3500061035156,383.0,378.1600036621094,382.7000122070313,375.4060363769531,20453100
2023-11-29,383.760009765625,384.2999877929688,377.4400024414063,378.8500061035156,371.62939453125,28963400
2023-11-30,378.489990234375,380.0899963378906,375.4700012207031,378.9100036621094,371.688232421875,30554400
2023-12-01,376.760009765625,378.1600036621094,371.30999755859375,374.510009765625,367.3721618652344,33040500
2023-12-04,369.1000061035156,369.5199890136719,362.8999938964844,369.1400146484375,362.1045227050781,32063300
2023-12-05,366.4500122070313,373.0799865722656,365.6199951171875,372.5199890136719,365.4200744628906,23065000
2023-12-06,373.5400085449219,374.1799926757813,368.0299987792969,368.7999877929688,361.77099609375,21182100
2023-12-07,368.2300109863281,371.4500122070313,366.3200073242188,370.9500122070313,363.87994384765625,23118900
2023-12-08,369.2000122070313,374.4599914550781,368.2300109863281,374.2300109863281,367.0974426269531,20154400
2023-12-11,368.4800109863281,371.6000061035156,366.1000061035156,371.2999877929688,364.2232971191406,27708800
2023-12-12,370.8500061035156,374.4200134277344,370.4599914550781,374.3800048828125,367.2445983886719,24838300
2023-12-13,376.0199890136719,377.6400146484375,370.7699890136719,374.3699951171875,367.23480224609375,30955500
2023-12-14,373.30999755859375,373.760009765625,364.1300048828125,365.9299926757813,358.9555969238281,43277500
2023-12-15,366.8500061035156,372.3999938964844,366.2799987792969,370.7300109863281,363.6642150878906,78502300
2023-12-18,369.4500122070313,373.0,368.6799926757813,372.6499938964844,365.5475769042969,21802900
2023-12-19,371.489990234375,373.260009765625,369.8399963378906,373.260009765625,366.1459655761719,20603700
2023-12-20,375.0,376.0299987792969,370.5299987792969,370.6199951171875,363.5562744140625,26316700
2023-12-21,372.55999755859375,374.4100036621094,370.0400085449219,373.5400085449219,366.4206237792969,17708000
2023-12-22,373.6799926757813,375.1799926757813,372.7099914550781,374.5799865722656,367.4407653808594,17107500
2023-12-26,375.0,376.9400024414063,373.5,374.6600036621094,367.519287109375,12673100
2023-12-27,373.6900024414063,375.05999755859375,372.80999755859375,374.0700073242188,366.9405212402344,14905400
2023-12-28,375.3699951171875,376.4599914550781,374.1600036621094,375.2799987792969,368.12744140625,14327000
2023-12-29,376.0,377.1600036621094,373.4800109863281,376.0400085449219,368.8730163574219,18730800
2024-01-02,373.8599853515625,375.8999938964844,366.7699890136719,370.8699951171875,363.801513671875,25258600
2024-01-03,369.010009765625,373.260009765625,368.510009765625,370.6000061035156,363.53662109375,23083500
2024-01-04,370.6700134277344,373.1000061035156,367.1700134277344,367.9400024414063,360.9273681640625,20901500
2024-01-05,368.9700012207031,372.05999755859375,366.5,367.75,360.7409362792969,21004600
2024-01-08,369.2999877929688,375.2000122070313,369.010009765625,374.6900024414063,367.5487060546875,23134000
2024-01-09,372.010009765625,375.989990234375,371.1900024414063,375.7900085449219,368.6277160644531,20830000
2024-01-10,376.3699951171875,384.1700134277344,376.3200073242188,382.7699890136719,375.4747009277344,25514200
2024-01-11,386.0,390.6799926757813,380.3800048828125,384.6300048828125,377.29925537109375,27850800
2024-01-12,385.489990234375,388.6799926757813,384.6499938964844,388.4700012207031,381.0660400390625,21661200
2024-01-16,393.6600036621094,394.0299987792969,387.6199951171875,390.2699890136719,382.8317565917969,27202300
2024-01-17,387.9800109863281,390.1099853515625,384.80999755859375,389.4700012207031,382.0470275878906,22234100
2024-01-18,391.7200012207031,393.989990234375,390.1199951171875,393.8699951171875,386.3631896972656,23392100
2024-01-19,395.760009765625,398.6700134277344,393.5,398.6700134277344,391.0716552734375,29331100
2024-01-22,400.0199890136719,400.6199951171875,393.5899963378906,396.510009765625,388.9527893066406,27016900
2024-01-23,395.75,399.3800048828125,393.9299926757813,398.8999938964844,391.2972717285156,20525900
2024-01-24,401.5400085449219,405.6300048828125,400.4500122070313,402.55999755859375,394.8875427246094,24867000
2024-01-25,404.3200073242188,407.010009765625,402.5299987792969,404.8699951171875,397.1535339355469,21021200
2024-01-26,404.3699951171875,406.1700134277344,402.4299926757813,403.9299926757813,396.23138427734375,17803300
2024-01-29,406.05999755859375,409.9800109863281,404.3299865722656,409.7200012207031,401.9110412597656,24510200
2024-01-30,412.260009765625,413.0499877929688,406.4500122070313,408.5899963378906,400.8025512695313,33477600
2024-01-31,406.9599914550781,415.3200073242188,397.2099914550781,397.5799865722656,390.00244140625,47871100
2024-02-01,401.8299865722656,408.0,401.7999877929688,403.7799987792969,396.084228515625,30657700
2024-02-02,403.80999755859375,412.6499938964844,403.55999755859375,411.2200012207031,403.3824462890625,28256700
2024-02-05,409.8999938964844,411.1600036621094,403.989990234375,405.6499938964844,397.9186401367188,25352300
2024-02-06,405.8800048828125,407.9700012207031,402.9100036621094,405.489990234375,397.76171875,18382600
2024-02-07,407.4400024414063,414.2999877929688,407.3999938964844,414.0499877929688,406.1585388183594,22340500
2024-02-08,414.0499877929688,415.55999755859375,412.5299987792969,414.1099853515625,406.2173767089844,21225300
2024-02-09,415.25,420.8200073242188,415.0899963378906,420.5499877929688,412.5346374511719,22032800
2024-02-12,420.55999755859375,420.739990234375,414.75,415.260009765625,407.345458984375,21202900
2024-02-13,404.9400024414063,410.0700073242188,403.3900146484375,406.3200073242188,398.5758056640625,27824900
2024-02-14,408.0700073242188,409.8399963378906,404.5700073242188,409.489990234375,402.4282836914063,20401200
2024-02-15,408.1400146484375,409.1300048828125,404.2900085449219,406.55999755859375,399.54876708984375,21825500
2024-02-16,407.9599914550781,408.2900085449219,403.4400024414063,404.05999755859375,397.0919189453125,22296500
2024-02-20,403.239990234375,404.489990234375,398.010009765625,402.7900085449219,395.8438415527344,24307900
2024-02-21,400.1700134277344,402.2900085449219,397.2200012207031,402.1799926757813,395.2442932128906,18518900
2024-02-22,410.1900024414063,412.8299865722656,408.5700073242188,411.6499938964844,404.5509948730469,27009900
2024-02-23,415.6700134277344,415.8599853515625,408.9700012207031,410.3399963378906,403.2635498046875,16295900
2024-02-26,411.4599914550781,412.1600036621094,407.3599853515625,407.5400085449219,400.5119018554688,16193500
2024-02-27,407.989990234375,408.3200073242188,403.8500061035156,407.4800109863281,400.4529113769531,14835800
2024-02-28,408.1799926757813,409.2999877929688,405.3200073242188,407.7200012207031,400.6887512207031,13183100
2024-02-29,408.6400146484375,414.2000122070313,405.9200134277344,413.6400146484375,406.5066833496094,31947300
2024-03-01,411.2699890136719,415.8699951171875,410.8800048828125,415.5,408.3346557617188,17823400
2024-03-04,413.4400024414063,417.3500061035156,412.3200073242188,414.9200134277344,407.7646179199219,17596000
2024-03-05,413.9599914550781,414.25,400.6400146484375,402.6499938964844,395.7062072753906,26919200
2024-03-06,402.9700012207031,405.1600036621094,398.3900146484375,402.0899963378906,395.1558837890625,22344100
2024-03-07,406.1199951171875,409.7799987792969,402.239990234375,409.1400146484375,402.0843505859375,18718500
2024-03-08,407.9599914550781,410.4200134277344,404.3299865722656,406.2200012207031,399.2146606445313,18002200
2024-03-11,403.760009765625,405.6799926757813,401.260009765625,404.5199890136719,397.5439453125,16120800
2024-03-12,407.6199951171875,415.5700073242188,406.7900085449219,415.2799987792969,408.118408203125,22457000
2024-03-13,418.1000061035156,418.1799926757813,411.4500122070313,415.1000061035156,407.9415283203125,17115900
2024-03-14,420.239990234375,427.8200073242188,417.989990234375,425.2200012207031,417.886962890625,34157300
2024-03-15,419.2900085449219,422.6000061035156,412.7900085449219,416.4200134277344,409.23876953125,45079900
2024-03-18,414.25,420.7300109863281,413.7799987792969,417.3200073242188,410.1232299804688,20106000
2024-03-19,417.8299865722656,421.6700134277344,415.5499877929688,421.4100036621094,414.14263916015625,19837900
2024-03-20,422.0,425.9599914550781,420.6600036621094,425.2300109863281,417.8968200683594,17860100
2024-03-21,429.8299865722656,430.8200073242188,427.1600036621094,429.3699951171875,421.9654235839844,21296200
2024-03-22,429.7000122070313,429.8599853515625,426.0700073242188,428.739990234375,421.3462829589844,17648500
2024-03-25,425.239990234375,427.4100036621094,421.6099853515625,422.8599853515625,415.567626953125,18060500
2024-03-26,425.6099853515625,425.989990234375,421.3500061035156,421.6499938964844,414.3785400390625,16725600
2024-03-27,424.4400024414063,424.4500122070313,419.010009765625,421.4299926757813,414.1623229980469,16705000
2024-03-28,420.9599914550781,421.8699951171875,419.1199951171875,420.7200012207031,413.4645690917969,21871200
2024-04-01,423.9500122070313,427.8900146484375,422.2200012207031,424.5700073242188,417.2481994628906,16316000
2024-04-02,420.1099853515625,422.3800048828125,417.8399963378906,421.4400024414063,414.1721496582031,17912000
2024-04-03,419.7300109863281,423.260009765625,419.0899963378906,420.4500122070313,413.1992492675781,16502300
2024-04-04,424.989990234375,428.6700134277344,417.5700073242188,417.8800048828125,410.673583984375,19370900
2024-04-05,420.010009765625,426.510009765625,418.3200073242188,425.5199890136719,418.1818237304688,16554800
2024-04-08,425.1700134277344,427.2799987792969,423.2999877929688,424.5899963378906,417.2678527832031,14272400
2024-04-09,426.4400024414063,427.739990234375,421.6199951171875,426.2799987792969,418.9287109375,12496900
2024-04-10,422.1900024414063,424.0299987792969,419.7000122070313,423.260009765625,415.9607849121094,16216600
2024-04-11,425.8200073242188,429.3699951171875,422.3599853515625,427.9299926757813,420.55029296875,17966400
2024-04-12,424.0499877929688,425.1799926757813,419.7699890136719,421.8999938964844,414.6242065429688,19253800
2024-04-15,426.6000061035156,426.8200073242188,413.4299926757813,413.6400146484375,406.5066833496094,20273500
2024-04-16,414.5700073242188,418.3999938964844,413.7300109863281,414.5799865722656,407.430419921875,16765600
2024-04-17,417.25,418.8800048828125,410.3299865722656,411.8399963378906,404.73773193359375,15855500
2024-04-18,410.6300048828125,411.8900146484375,403.9500122070313,404.2699890136719,397.2982482910156,21029900
2024-04-19,404.0299987792969,405.4800109863281,397.7699890136719,399.1199951171875,392.237060546875,30565800
2024-04-22,400.0799865722656,402.8500061035156,395.75,400.9599914550781,394.0452880859375,20286900
2024-04-23,404.239990234375,408.2000122070313,403.05999755859375,407.5700073242188,400.5413818359375,15734500
2024-04-24,409.55999755859375,412.4700012207031,406.7799987792969,409.05999755859375,402.0056457519531,15065300
2024-04-25,394.0299987792969,399.8900146484375,388.0299987792969,399.0400085449219,392.1584777832031,40586500
2024-04-26,412.1700134277344,413.0,405.760009765625,406.3200073242188,399.3128967285156,29694700
2024-04-29,405.25,406.3200073242188,399.1900024414063,402.25,395.3131408691406,19582100
2024-04-30,401.489990234375,402.1600036621094,389.1700134277344,389.3299865722656,382.6159057617188,28781400
2024-05-01,392.6099853515625,401.7200012207031,390.30999755859375,394.9400024414063,388.129150390625,23562500
2024-05-02,397.6600036621094,399.9299926757813,394.6499938964844,397.8399963378906,390.9791259765625,17709400
2024-05-03,402.2799987792969,407.1499938964844,401.8599853515625,406.6600036621094,399.6470031738281,17446700
2024-05-06,408.760009765625,413.9299926757813,406.3699951171875,413.5400085449219,406.4083862304688,16996600
2024-05-07,414.6600036621094,414.6700134277344,409.0899963378906,409.3399963378906,402.2808227539063,20018200
2024-05-08,408.1700134277344,412.2300109863281,406.7099914550781,410.5400085449219,403.4601440429688,11792300
2024-05-09,410.5700073242188,412.7200012207031,409.1000061035156,412.3200073242188,405.20947265625,14689700
2024-05-10,412.9400024414063,415.3800048828125,411.7999877929688,414.739990234375,407.5877685546875,13402300
2024-05-13,418.010009765625,418.3500061035156,410.8200073242188,413.7200012207031,406.5852966308594,15440200
2024-05-14,412.0199890136719,417.489990234375,411.5499877929688,416.55999755859375,409.3762817382813,15109300
2024-05-15,417.8999938964844,423.80999755859375,417.2699890136719,423.0799865722656,416.5338439941406,22239500
2024-05-16,421.7999877929688,425.4200134277344,420.3500061035156,420.989990234375,414.4762268066406,17530100
2024-05-17,422.5400085449219,422.9200134277344,418.0299987792969,420.2099914550781,413.7082214355469,15352200
2024-05-20,420.2099914550781,426.7699890136719,419.989990234375,425.3399963378906,418.7588806152344,16272100
2024-05-21,426.8299865722656,432.9700012207031,424.8500061035156,429.0400085449219,422.4016418457031,21453300
2024-05-22,430.0899963378906,432.4100036621094,427.1300048828125,430.5199890136719,423.8587341308594,18073700
2024-05-23,432.9700012207031,433.6000061035156,425.4200134277344,427.0,420.3932189941406,17211700
2024-05-24,427.1900024414063,431.05999755859375,424.4100036621094,430.1600036621094,423.5042724609375,11855300
2024-05-28,429.6300048828125,430.8200073242188,426.6000061035156,430.3200073242188,423.661865234375,15718000
2024-05-29,425.6900024414063,430.9400024414063,425.6900024414063,429.1700134277344,422.5296325683594,15517100
2024-05-30,424.2999877929688,424.2999877929688,414.239990234375,414.6700134277344,408.2539978027344,28394500
2024-05-31,416.75,416.75,404.510009765625,415.1300048828125,408.7068481445313,47995300
2024-06-03,415.5299987792969,416.4299926757813,408.9200134277344,413.5199890136719,407.1217651367188,17484700
2024-06-04,412.4299926757813,416.4400024414063,409.6799926757813,416.0700073242188,409.6322937011719,14348900
2024-06-05,417.80999755859375,424.0799865722656,416.2999877929688,424.010009765625,417.4494934082031,16988000
2024-06-06,424.010009765625,425.30999755859375,420.5799865722656,424.5199890136719,417.9515075683594,14861300
2024-06-07,426.2000122070313,426.2799987792969,423.0,423.8500061035156,417.29193115234375,13621700
2024-06-10,424.7000122070313,428.0799865722656,423.8900146484375,427.8699951171875,421.2497253417969,13982900
2024-06-11,425.4800109863281,432.8200073242188,425.25,432.6799926757813,425.9853210449219,14551100
2024-06-12,435.3200073242188,443.3999938964844,433.25,441.05999755859375,434.2356872558594,22366200
2024-06-13,440.8500061035156,443.3900146484375,439.3699951171875,441.5799865722656,434.7475891113281,15960600
2024-06-14,438.2799987792969,443.1400146484375,436.7200012207031,442.5700073242188,435.7222900390625,13582000
2024-06-17,442.5899963378906,450.9400024414063,440.7200012207031,448.3699951171875,441.4325256347656,20790000
2024-06-18,449.7099914550781,450.1400146484375,444.8900146484375,446.3399963378906,439.4338989257813,17112500
2024-06-20,446.2999877929688,446.5299987792969,441.2699890136719,445.7000122070313,438.8038330078125,19877400
2024-06-21,447.3800048828125,450.5799865722656,446.510009765625,449.7799987792969,442.8207702636719,34187100
2024-06-24,449.7999877929688,452.75,446.4100036621094,447.6700134277344,440.743408203125,15913700
2024-06-25,448.25,451.4200134277344,446.75,450.9500122070313,443.97259521484375,16413400
2024-06-26,449.0,453.6000061035156,448.1900024414063,452.1600036621094,445.1639099121094,16507000
2024-06-27,452.1799926757813,456.1700134277344,451.7699890136719,452.8500061035156,445.8432312011719,14806300
2024-06-28,453.0700073242188,455.3800048828125,446.4100036621094,446.9500122070313,440.0345458984375,28362300
2024-07-01,448.6600036621094,457.3699951171875,445.6600036621094,456.7300109863281,449.6632080078125,17662800
2024-07-02,453.2000122070313,459.5899963378906,453.1099853515625,459.2799987792969,452.17376708984375,13979800
2024-07-03,458.1900024414063,461.0199890136719,457.8800048828125,460.7699890136719,453.640625,9932800
2024-07-05,459.6099853515625,468.3500061035156,458.9700012207031,467.55999755859375,460.3256530761719,16000300
2024-07-08,466.5499877929688,467.7000122070313,464.4599914550781,466.239990234375,459.0260314941406,12962300
2024-07-09,467.0,467.3299865722656,458.0,459.5400085449219,452.4297180175781,17207200
2024-07-10,461.2200012207031,466.4599914550781,458.8599853515625,466.25,459.035888671875,18196100
2024-07-11,462.9800109863281,464.7799987792969,451.5499877929688,454.7000122070313,447.6646118164063,23111200
2024-07-12,454.3299865722656,456.3599853515625,450.6499938964844,453.5499877929688,446.5323791503906,16324300
2024-07-15,453.2999877929688,457.260009765625,451.4299926757813,453.9599914550781,446.9360656738281,14429400
2024-07-16,454.2200012207031,454.2999877929688,446.6600036621094,449.5199890136719,442.5647277832031,17175700
2024-07-17,442.5899963378906,444.8500061035156,439.1799926757813,443.5199890136719,436.6575927734375,21778000
2024-07-18,444.3399963378906,444.6499938964844,434.3999938964844,440.3699951171875,433.5563354492188,20794800
2024-07-19,433.1000061035156,441.1400146484375,432.0,437.1099853515625,430.3467712402344,20940400
2024-07-22,441.7900085449219,444.6000061035156,438.9100036621094,442.9400024414063,436.0865478515625,15808800
2024-07-23,443.8999938964844,448.3900146484375,443.1000061035156,444.8500061035156,437.967041015625,13107100
2024-07-24,440.4500122070313,441.4800109863281,427.5899963378906,428.8999938964844,422.2637634277344,26805800
2024-07-25,428.7999877929688,429.7999877929688,417.510009765625,418.3999938964844,411.92626953125,29943800
2024-07-26,418.2000122070313,428.9200134277344,417.2699890136719,425.2699890136719,418.6899719238281,23583800
2024-07-29,431.5799865722656,432.1499938964844,424.7000122070313,426.7300109863281,420.12738037109375,15125800
2024-07-30,427.7200012207031,429.0499877929688,417.3599853515625,422.9200134277344,416.3763122558594,32687600
2024-07-31,420.5,421.7799987792969,412.2099914550781,418.3500061035156,411.87701416015625,42891400
2024-08-01,420.7900085449219,427.4599914550781,413.0899963378906,417.1099853515625,410.6562194824219,30296400
2024-08-02,412.489990234375,415.0,404.3399963378906,408.489990234375,402.1695251464844,29437900
2024-08-05,389.1700134277344,401.0400085449219,385.5799865722656,395.1499938964844,389.0359497070313,40709200
2024-08-06,400.0,405.6700134277344,398.5,399.6099853515625,393.4269714355469,24946500
2024-08-07,408.6400146484375,410.0799865722656,397.4700012207031,398.4299926757813,392.2652587890625,20650900
2024-08-08,402.4400024414063,405.8599853515625,399.9400024414063,402.6900024414063,396.4593505859375,20203000
2024-08-09,404.0299987792969,408.0499877929688,402.260009765625,406.0199890136719,399.7377624511719,19276700
2024-08-12,407.05999755859375,408.760009765625,404.239990234375,406.80999755859375,400.515625,16762900
2024-08-13,409.5899963378906,414.9500122070313,409.5700073242188,414.010009765625,407.6042175292969,19414300
2024-08-14,414.7999877929688,417.7200012207031,412.4500122070313,416.8599853515625,410.41009521484375,18267000
2024-08-15,419.7999877929688,421.1099853515625,417.6600036621094,421.0299987792969,415.2626953125,20752100
2024-08-16,420.6000061035156,421.3399963378906,417.2999877929688,418.4700012207031,412.7377624511719,22775600
2024-08-19,418.9599914550781,421.75,416.4599914550781,421.5299987792969,415.755859375,15234000
2024-08-20,421.7000122070313,425.8599853515625,421.6400146484375,424.7999877929688,418.9810485839844,16387600
2024-08-21,424.0799865722656,426.3999938964844,421.7200012207031,424.1400146484375,418.33013916015625,16067300
2024-08-22,424.3599853515625,426.7900085449219,414.6099853515625,415.5499877929688,409.8577270507813,19361900
2024-08-23,416.9800109863281,419.260009765625,412.0899963378906,416.7900085449219,411.0807800292969,18493800
2024-08-26,416.3699951171875,417.2799987792969,411.3399963378906,413.489990234375,407.8259887695313,13152800
2024-08-27,412.8599853515625,414.3599853515625,410.25,413.8399963378906,408.1712036132813,13492900
2024-08-28,414.8800048828125,415.0,407.30999755859375,410.6000061035156,404.9755554199219,14882700
2024-08-29,414.9400024414063,422.0499877929688,410.6000061035156,413.1199951171875,407.4610595703125,17045200
2024-08-30,415.6000061035156,417.489990234375,412.1300048828125,417.1400146484375,411.4259643554688,24308300
2024-09-03,417.9100036621094,419.8800048828125,407.0299987792969,409.4400024414063,403.8314208984375,20313600
2024-09-04,405.9100036621094,411.239990234375,404.3699951171875,408.8999938964844,403.298828125,15135800
2024-09-05,407.6199951171875,413.1000061035156,406.1300048828125,408.3900146484375,402.79583740234375,14195500
2024-09-06,409.05999755859375,410.6499938964844,400.7999877929688,401.7000122070313,396.197509765625,19609500
2024-09-09,407.239990234375,408.6499938964844,402.1499938964844,405.7200012207031,400.1624450683594,15295100
2024-09-10,408.2000122070313,416.3299865722656,407.7000122070313,414.2000122070313,408.5262756347656,19594300
2024-09-11,415.5,423.989990234375,409.5799865722656,423.0400085449219,417.2451171875,19266900
2024-09-12,423.30999755859375,427.3699951171875,419.75,427.0,421.1509094238281,17395700
2024-09-13,425.8299865722656,431.8299865722656,425.4599914550781,430.5899963378906,424.6917114257813,15874600
2024-09-16,430.6000061035156,433.5299987792969,428.2200012207031,431.3399963378906,425.4314270019531,13834700
2024-09-17,440.2300109863281,441.8500061035156,432.2699890136719,435.1499938964844,429.1892700195313,18874200
2024-09-18,435.0,436.0299987792969,430.4100036621094,430.80999755859375,424.9087524414063,18898000
2024-09-19,441.2300109863281,441.5,436.8999938964844,438.6900024414063,432.6807861328125,21706600
2024-09-20,437.2200012207031,439.239990234375,434.2200012207031,435.2699890136719,429.3075866699219,55167100
2024-09-23,434.2799987792969,436.4599914550781,430.3900146484375,433.510009765625,427.5717468261719,15128900
2024-09-24,433.0,433.3500061035156,426.1000061035156,429.1700134277344,423.2911987304688,17015800
2024-09-25,429.8299865722656,433.1199951171875,428.5700073242188,432.1099853515625,426.1908874511719,13396400
2024-09-26,435.0899963378906,435.2999877929688,429.1300048828125,431.30999755859375,425.40185546875,14492000
2024-09-27,431.5199890136719,431.8500061035156,427.4700012207031,428.0199890136719,422.1569213867188,14896100
2024-09-30,428.2099914550781,430.4200134277344,425.3699951171875,430.2999877929688,424.4057312011719,16807300
2024-10-01,428.4500122070313,428.4800109863281,418.80999755859375,420.6900024414063,414.9273376464844,19092900
2024-10-02,422.5799865722656,422.8200073242188,416.7099914550781,417.1300048828125,411.4161682128906,16582300
2024-10-03,417.6300048828125,419.5499877929688,414.2900085449219,416.5400085449219,410.8341979980469,13686400
2024-10-04,418.239990234375,419.75,414.9700012207031,416.05999755859375,410.36077880859375,19169700
2024-10-07,416.0,417.1099853515625,409.0,409.5400085449219,403.9300842285156,20919800
2024-10-08,410.8999938964844,415.6600036621094,408.1700134277344,414.7099914550781,409.0292663574219,19229300
2024-10-09,415.8599853515625,420.3800048828125,414.2999877929688,417.4599914550781,411.7415466308594,14974300
2024-10-10,415.2300109863281,417.3500061035156,413.1499938964844,415.8399963378906,410.143798828125,13848400
2024-10-11,416.1400146484375,417.1300048828125,413.25,416.3200073242188,410.6172180175781,14144900
2024-10-14,417.7699890136719,424.0400085449219,417.5199890136719,419.1400146484375,413.3985900878906,16653100
2024-10-15,422.1799926757813,422.4800109863281,415.260009765625,418.739990234375,413.0040283203125,18900200
2024-10-16,415.1700134277344,416.3599853515625,410.4800109863281,416.1199951171875,410.4199523925781,15508900
2024-10-17,422.3599853515625,422.5,415.5899963378906,416.7200012207031,411.0117492675781,14820000
2024-10-18,417.1400146484375,419.6499938964844,416.260009765625,418.1600036621094,412.4320373535156,17145300
2024-10-21,416.1199951171875,418.9599914550781,413.75,418.7799987792969,413.0435485839844,14206100
2024-10-22,418.489990234375,430.5799865722656,418.0400085449219,427.510009765625,421.6539001464844,25482200
2024-10-23,430.8599853515625,431.0799865722656,422.5299987792969,424.6000061035156,418.7837829589844,19654400
2024-10-24,425.3299865722656,425.9800109863281,422.3999938964844,424.7300109863281,418.9119873046875,13581600
2024-10-25,426.760009765625,432.5199890136719,426.5700073242188,428.1499938964844,422.28515625,16899100
2024-10-28,431.6600036621094,431.9400024414063,426.2999877929688,426.5899963378906,420.7465515136719,14882400
2024-10-29,428.0,433.1700134277344,425.7999877929688,431.9500122070313,426.0331115722656,17644100
2024-10-30,437.4400024414063,438.5,432.1000061035156,432.5299987792969,426.6051940917969,29749100
2024-10-31,415.3599853515625,416.1600036621094,406.2999877929688,406.3500061035156,400.7838134765625,53971000
2024-11-01,409.010009765625,415.5,407.5,410.3699951171875,404.7487182617188,24230400
2024-11-04,409.7999877929688,410.4200134277344,405.5700073242188,408.4599914550781,402.8648681640625,19672300
2024-11-05,408.3699951171875,414.8999938964844,408.0799865722656,411.4599914550781,405.8237915039063,17626000
2024-11-06,412.4200134277344,420.4500122070313,410.5199890136719,420.1799926757813,414.4243469238281,26681800
2024-11-07,421.2799987792969,426.8500061035156,419.8800048828125,425.4299926757813,419.6024475097656,19901800
2024-11-08,425.3200073242188,426.5,421.7799987792969,422.5400085449219,416.75201416015625,16891400
2024-11-11,422.5199890136719,424.80999755859375,416.0,418.010009765625,412.2840576171875,24503300
2024-11-12,418.25,424.4400024414063,417.2000122070313,423.0299987792969,417.2353210449219,19401200
2024-11-13,421.6400146484375,429.3299865722656,418.2099914550781,425.2000122070313,419.3756103515625,21502200
2024-11-14,425.0,428.1700134277344,420.0,426.8900146484375,421.0424499511719,30246900
2024-11-15,419.8200073242188,422.7999877929688,413.6400146484375,415.0,409.3153076171875,28247600
2024-11-18,414.8699951171875,418.3999938964844,412.1000061035156,415.760009765625,410.0649108886719,24727000
2024-11-19,413.1099853515625,417.9400024414063,411.5499877929688,417.7900085449219,412.067138671875,18133500
2024-11-20,416.8699951171875,417.2900085449219,410.5799865722656,415.489990234375,409.798583984375,19191700
2024-11-21,419.5,419.7799987792969,410.2900085449219,412.8699951171875,408.0295715332031,20780200
2024-11-22,411.3699951171875,417.3999938964844,411.05999755859375,417.0,412.1111145019531,24814600
2024-11-25,418.3800048828125,421.0799865722656,414.8500061035156,418.7900085449219,413.8801574707031,27691100
2024-11-26,419.5899963378906,429.0400085449219,418.8500061035156,427.989990234375,422.9722900390625,23458900
2024-11-27,425.1099853515625,427.2300109863281,422.0199890136719,422.989990234375,418.0309753417969,18332400
2024-11-29,420.0899963378906,424.8800048828125,417.7999877929688,423.4599914550781,418.4954528808594,16271900
2024-12-02,421.5700073242188,433.0,421.30999755859375,430.9800109863281,425.9272766113281,20207200
2024-12-03,429.8399963378906,432.4700012207031,427.739990234375,431.2000122070313,426.1447143554688,18302000
2024-12-04,433.0299987792969,439.6700134277344,432.6300048828125,437.4200134277344,432.291748046875,26009400
2024-12-05,437.9200134277344,444.6600036621094,436.1700134277344,442.6199951171875,437.4307861328125,21697800
2024-12-06,442.2999877929688,446.1000061035156,441.7699890136719,443.5700073242188,438.36962890625,18821000
2024-12-09,442.6000061035156,448.3299865722656,440.5,446.0199890136719,440.7908935546875,19144400
2024-12-10,444.3900146484375,449.6199951171875,441.6000061035156,443.3299865722656,438.1324768066406,18469500
2024-12-11,444.0499877929688,450.3500061035156,444.0499877929688,448.989990234375,443.7261047363281,19200200
2024-12-12,449.1099853515625,456.1600036621094,449.1099853515625,449.55999755859375,444.2893981933594,20834800
2024-12-13,448.4400024414063,451.4299926757813,445.5799865722656,447.2699890136719,442.0262451171875,20177800
2024-12-16,447.2699890136719,452.1799926757813,445.2799987792969,451.5899963378906,446.2956237792969,23598800
2024-12-17,451.010009765625,455.2900085449219,449.5700073242188,454.4599914550781,449.1319580078125,22733500
2024-12-18,451.3200073242188,452.6499938964844,437.0199890136719,437.3900146484375,432.26214599609375,24444500
2024-12-19,441.6199951171875,443.1799926757813,436.3200073242188,437.0299987792969,431.9063415527344,22963700
2024-12-20,433.1099853515625,443.739990234375,428.6300048828125,436.6000061035156,431.4813537597656,64263700
2024-12-23,436.739990234375,437.6499938964844,432.8299865722656,435.25,430.1472473144531,19152500
2024-12-24,434.6499938964844,439.6000061035156,434.1900024414063,439.3299865722656,434.1793212890625,7164500
2024-12-26,439.0799865722656,440.9400024414063,436.6300048828125,438.1099853515625,432.9736328125,8194200
2024-12-27,434.6000061035156,435.2200012207031,426.3500061035156,430.5299987792969,425.4825744628906,18117700
2024-12-30,426.05999755859375,427.5499877929688,421.8999938964844,424.8299865722656,419.849365234375,13158700
2024-12-31,426.1000061035156,426.7300109863281,420.6600036621094,421.5,416.5583801269531,13246500
2025-01-02,425.5299987792969,426.0700073242188,414.8500061035156,418.5799865722656,413.6726379394531,16896500
2025-01-03,421.0799865722656,424.0299987792969,419.5400085449219,423.3500061035156,418.38671875,16662900
2025-01-06,428.0,434.3200073242188,425.4800109863281,427.8500061035156,422.8340148925781,20573600
2025-01-07,429.0,430.6499938964844,420.7999877929688,422.3699951171875,417.4181823730469,18139100
2025-01-08,423.4599914550781,426.9700012207031,421.5400085449219,424.55999755859375,419.58251953125,15054600
2025-01-10,424.6300048828125,424.7099914550781,415.0199890136719,418.9500122070313,414.0382690429688,20201100
2025-01-13,415.239990234375,418.5,412.2900085449219,417.1900024414063,412.2989196777344,17604800
2025-01-14,417.80999755859375,419.739990234375,410.7200012207031,415.6700134277344,410.7967529296875,16935900
2025-01-15,419.1300048828125,428.1499938964844,418.2699890136719,426.30999755859375,421.31201171875,19637800
2025-01-16,428.7000122070313,429.489990234375,424.3900146484375,424.5799865722656,419.6022644042969,15300000
2025-01-17,434.0899963378906,434.4800109863281,428.1700134277344,429.0299987792969,424.0001525878906,26197500
2025-01-21,430.2000122070313,430.8999938964844,425.6000061035156,428.5,423.476318359375,26085700
2025-01-22,437.55999755859375,447.2699890136719,436.0,446.2000122070313,440.9688720703125,27803800
2025-01-23,442.0,446.75,441.5,446.7099914550781,441.4728088378906,18389300
2025-01-24,445.1600036621094,446.6499938964844,441.3999938964844,444.05999755859375,438.8539123535156,15549500
2025-01-27,424.010009765625,435.2000122070313,423.5,434.55999755859375,429.4653015136719,35647800
2025-01-28,434.6000061035156,448.3800048828125,431.3800048828125,447.2000122070313,441.9571228027344,23491700
2025-01-29,446.6900024414063,446.8800048828125,440.3999938964844,442.3299865722656,437.1441345214844,23581400
2025-01-30,418.7699890136719,422.8599853515625,413.1600036621094,414.989990234375,410.1247253417969,54586300
2025-01-31,418.9800109863281,420.6900024414063,414.9100036621094,415.05999755859375,410.1939086914063,34161900
2025-02-03,411.6000061035156,415.4100036621094,408.6600036621094,410.9200134277344,406.1024475097656,25679100
2025-02-04,412.6900024414063,413.9200134277344,409.739990234375,412.3699951171875,407.535400390625,20532100
2025-02-05,412.3500061035156,413.8299865722656,410.3999938964844,413.2900085449219,408.4446411132813,16316700
2025-02-06,414.0,418.2000122070313,414.0,415.8200073242188,410.9450073242188,16309800
2025-02-07,416.4800109863281,418.6499938964844,408.1000061035156,409.75,404.9461364746094,22886800
2025-02-10,413.7099914550781,415.4599914550781,410.9200134277344,412.2200012207031,407.38720703125,20817900
2025-02-11,409.6400146484375,412.489990234375,409.2999877929688,411.4400024414063,406.6163635253906,18140600
2025-02-12,407.2099914550781,410.75,404.3699951171875,409.0400085449219,404.2444763183594,19121700
2025-02-13,407.0,411.0,406.3599853515625,410.5400085449219,405.7268981933594,23891700
2025-02-14,407.7900085449219,408.9100036621094,405.8800048828125,408.4299926757813,403.6416015625,22758500
2025-02-18,408.0,410.6000061035156,406.5,409.6400146484375,404.8374328613281,21423100
2025-02-19,407.8800048828125,415.489990234375,407.6499938964844,414.7699890136719,409.90728759765625,24114200
2025-02-20,415.2900085449219,419.30999755859375,412.5400085449219,416.1300048828125,412.0759582519531,23508700
2025-02-21,417.3399963378906,418.0499877929688,407.8900146484375,408.2099914550781,404.2331237792969,27524800
2025-02-24,408.510009765625,409.3699951171875,399.3200073242188,404.0,400.0641479492188,26443700
2025-02-25,401.1000061035156,401.9200134277344,396.7000122070313,397.8999938964844,394.0235595703125,29387400
2025-02-26,398.010009765625,403.6000061035156,394.25,399.7300109863281,395.8357543945313,19619000
2025-02-27,401.2699890136719,405.739990234375,392.1700134277344,392.5299987792969,388.7058715820313,21127400
2025-02-28,392.6600036621094,397.6300048828125,386.5700073242188,396.989990234375,393.1224365234375,32845700
2025-03-03,398.8200073242188,398.8200073242188,386.1600036621094,388.489990234375,384.7052612304688,23007700
2025-03-04,383.3999938964844,392.5799865722656,381.0,388.6099853515625,384.8240661621094,29342900
2025-03-05,389.3399963378906,401.6700134277344,388.80999755859375,401.0199890136719,397.1131591796875,23433100
2025-03-06,394.2799987792969,402.1499938964844,392.6799926757813,396.8900146484375,393.0234069824219,23304600
2025-03-07,392.3200073242188,394.7999877929688,385.5400085449219,393.30999755859375,389.4783020019531,22034100
2025-03-10,385.8399963378906,386.3999938964844,377.2200012207031,380.1600036621094,376.4563903808594,32840100
2025-03-11,379.0,386.0,376.9100036621094,380.4500122070313,376.74359130859375,30380200
2025-03-12,382.9500122070313,385.2200012207031,378.9500122070313,383.2699890136719,379.53607177734375,24253600
2025-03-13,383.1600036621094,385.3200073242188,377.4500122070313,378.7699890136719,375.0799560546875,20473000
2025-03-14,379.7799987792969,390.2300109863281,379.510009765625,388.55999755859375,384.7745361328125,19952800
2025-03-17,386.7000122070313,392.7099914550781,385.5700073242188,388.7000122070313,384.9132080078125,22474300
2025-03-18,387.0700073242188,387.3699951171875,381.1000061035156,383.5199890136719,379.7836608886719,19486900
2025-03-19,385.5299987792969,389.6799926757813,384.0,387.8200073242188,384.0418090820313,19185500
2025-03-20,385.739990234375,391.7900085449219,383.2799987792969,386.8399963378906,383.07135009765625,18470500
2025-03-21,383.2200012207031,391.739990234375,382.7999877929688,391.260009765625,387.4482421875,39675900
2025-03-24,395.3999938964844,395.3999938964844,389.80999755859375,393.0799865722656,389.2505493164063,21004500
2025-03-25,393.9200134277344,396.3599853515625,392.6400146484375,395.1600036621094,391.3102416992188,15775000
2025-03-26,395.0,395.30999755859375,388.5700073242188,389.9700012207031,386.1708068847656,16108400
2025-03-27,390.1300048828125,392.239990234375,387.3999938964844,390.5799865722656,386.7748718261719,13766800
2025-03-28,388.0799865722656,389.1300048828125,376.9299926757813,378.7999877929688,375.109619140625,21632000
2025-03-31,372.5400085449219,377.0700073242188,367.239990234375,375.3900146484375,371.73284912109375,35184700
2025-04-01,374.6499938964844,382.8500061035156,373.2300109863281,382.1900024414063,378.4666442871094,19689500
2025-04-02,377.9700012207031,385.0799865722656,376.6199951171875,382.1400146484375,378.4171142578125,16092600
2025-04-03,374.7900085449219,377.4800109863281,369.3500061035156,373.1099853515625,369.4750671386719,30198000
2025-04-04,364.1300048828125,374.5899963378906,359.4800109863281,359.8399963378906,356.3343505859375,49209900
2025-04-07,350.8800048828125,371.0,344.7900085449219,357.8599853515625,354.3736267089844,50425000
2025-04-08,368.260009765625,373.6499938964844,350.25,354.5599975585937,351.1058044433594,35868900
2025-04-09,353.5400085449219,393.2300109863281,353.1000061035156,390.489990234375,386.6857299804688,50199700
2025-04-10,382.05999755859375,383.8999938964844,367.7999877929688,381.3500061035156,377.63482666015625,38024400
2025-04-11,380.6400146484375,390.0499877929688,378.8900146484375,388.4500122070313,384.6656494140625,23839200
2025-04-14,393.2200012207031,394.6499938964844,384.2099914550781,387.80999755859375,384.0318603515625,19251200
2025-04-15,388.510009765625,391.8900146484375,384.1600036621094,385.7300109863281,381.9721374511719,17199900
2025-04-16,380.6700134277344,381.6099853515625,368.0,371.6099853515625,367.9896545410156,21967800
2025-04-17,373.75,374.3200073242188,366.8900146484375,367.7799987792969,364.1969604492188,21120200
2025-04-21,362.8200073242188,364.4800109863281,355.6700134277344,359.1199951171875,355.6213684082031,20807300
2025-04-22,363.3800048828125,367.7699890136719,359.8599853515625,366.8200073242188,363.2463684082031,19485000
2025-04-23,376.05999755859375,380.3900146484375,373.0199890136719,374.3900146484375,370.7426452636719,20545500
2025-04-24,375.7000122070313,388.4500122070313,375.1900024414063,387.2999877929688,383.52679443359375,22232300
2025-04-25,387.0,392.1600036621094,384.6000061035156,391.8500061035156,388.0325012207031,18973200
2025-04-28,391.9599914550781,392.739990234375,386.6400146484375,391.1600036621094,387.3492126464844,16579400
2025-04-29,391.2999877929688,395.1000061035156,390.3800048828125,394.0400085449219,390.201171875,14974000
2025-04-30,390.2999877929688,396.6600036621094,384.4400024414063,395.260009765625,391.4092712402344,36461100
2025-05-01,431.1099853515625,436.989990234375,424.8999938964844,425.3999938964844,421.2556457519531,58938100
2025-05-02,431.739990234375,439.4400024414063,429.989990234375,435.2799987792969,431.0393981933594,30757400
2025-05-05,432.8699951171875,439.5,432.1099853515625,436.1700134277344,431.9207458496094,20136100
2025-05-06,432.2000122070313,437.7300109863281,431.1700134277344,433.30999755859375,429.0885925292969,15104200
2025-05-07,433.8399963378906,438.1199951171875,431.1099853515625,433.3500061035156,429.1282043457031,23295300
2025-05-08,437.9299926757813,443.6700134277344,435.6600036621094,438.1700134277344,433.9012145996094,23491300
2025-05-09,440.0,440.739990234375,435.8800048828125,438.7300109863281,434.455810546875,15324200
2025-05-12,445.9400024414063,449.3699951171875,439.7799987792969,449.260009765625,444.8832092285156,22821900
2025-05-13,447.7799987792969,450.6700134277344,445.3599853515625,449.1400146484375,444.7643737792969,23618800
2025-05-14,448.1400146484375,453.8999938964844,448.1400146484375,452.9400024414063,448.52734375,19902800
2025-05-15,450.7699890136719,456.1900024414063,450.4299926757813,453.1300048828125,449.5392761230469,21992300
2025-05-16,452.0499877929688,454.3599853515625,448.7300109863281,454.2699890136719,450.6702270507813,23849800
2025-05-19,450.8800048828125,459.5899963378906,450.7999877929688,458.8699951171875,455.2337646484375,21336500
2025-05-20,455.5899963378906,458.3399963378906,454.3200073242188,458.1700134277344,454.5393676757813,15441800
2025-05-21,454.5700073242188,457.7799987792969,451.80999755859375,452.5700073242188,448.9837341308594,19216900
2025-05-22,454.9500122070313,460.25,453.8999938964844,454.8599853515625,451.2555541992188,18025600
2025-05-23,449.9800109863281,453.6900024414063,448.9100036621094,450.1799926757813,446.6126403808594,16883500
2025-05-27,456.4800109863281,460.9500122070313,456.1199951171875,460.6900024414063,457.0393676757813,20974300
2025-05-28,461.2200012207031,462.5199890136719,456.9299926757813,457.3599853515625,453.7357482910156,17086300
2025-05-29,461.5499877929688,461.7200012207031,455.30999755859375,458.6799926757813,455.0453186035156,13974800
2025-05-30,459.7200012207031,461.6799926757813,455.5400085449219,460.3599853515625,456.71197509765625,34770500
2025-06-02,457.1400146484375,462.1099853515625,456.8900146484375,461.9700012207031,458.3092346191406,16626500
2025-06-03,461.4700012207031,464.1400146484375,460.8599853515625,462.9700012207031,459.3013000488281,15743800
2025-06-04,464.0,465.6900024414063,463.0199890136719,463.8699951171875,460.1941528320313,14162700
2025-06-05,464.9599914550781,469.6499938964844,464.0299987792969,467.6799926757813,463.9739685058594,20131700
2025-06-06,470.0899963378906,473.3399963378906,468.7799987792969,470.3800048828125,466.652587890625,15285600
2025-06-09,469.7000122070313,473.4299926757813,468.6199951171875,472.75,469.0038146972656,16469900
2025-06-10,471.1900024414063,472.7999877929688,466.9599914550781,470.9200134277344,467.1883239746094,15375900
2025-06-11,470.0199890136719,475.4700012207031,469.6600036621094,472.6199951171875,468.8748168945313,16399200
2025-06-12,475.0199890136719,480.4200134277344,473.5199890136719,478.8699951171875,475.0752868652344,18950600
2025-06-13,476.4100036621094,479.1799926757813,472.760009765625,474.9599914550781,471.1962585449219,16814500
2025-06-16,475.2099914550781,480.6900024414063,475.0,479.1400146484375,475.34320068359375,15626100
2025-06-17,475.3999938964844,478.739990234375,474.0799865722656,478.0400085449219,474.2519226074219,15414100
2025-06-18,478.0,481.0,474.4599914550781,480.239990234375,476.4344482421875,17526500
2025-06-20,482.2300109863281,483.4599914550781,476.8699951171875,477.3999938964844,473.616943359375,37576200
2025-06-23,478.2099914550781,487.75,472.510009765625,486.0,482.1488037109375,24864000
2025-06-24,488.9500122070313,491.8500061035156,486.7999877929688,490.1099853515625,486.2262268066406,22305600
2025-06-25,492.0400085449219,494.55999755859375,489.3900146484375,492.2699890136719,488.369140625,17495100
2025-06-26,492.9800109863281,498.0400085449219,492.80999755859375,497.4500122070313,493.5080871582031,21578900
2025-06-27,497.5499877929688,499.2999877929688,493.0299987792969,495.9400024414063,492.0100402832031,34539200
2025-06-30,497.0400085449219,500.760009765625,495.3299865722656,497.4100036621094,493.4683837890625,28369000
2025-07-01,496.4700012207031,498.0499877929688,490.9800109863281,492.0499877929688,488.15081787109375,19945400
2025-07-02,489.989990234375,493.5,488.7000122070313,491.0899963378906,487.198486328125,16319600
2025-07-03,493.80999755859375,500.1300048828125,493.4400024414063,498.8399963378906,494.8870849609375,13984800
2025-07-07,497.3800048828125,498.75,495.2300109863281,497.7200012207031,493.7759399414063,13981600
2025-07-08,497.239990234375,498.2000122070313,494.1099853515625,496.6199951171875,492.68463134765625,11846600
2025-07-09,500.2999877929688,506.7799987792969,499.739990234375,503.510009765625,499.5200805664063,18659500
2025-07-10,503.0499877929688,504.4400024414063,497.75,501.4800109863281,497.5061340332031,16492100
2025-07-11,498.4700012207031,505.0299987792969,497.7999877929688,503.3200073242188,499.3315734863281,16459500
2025-07-14,501.5199890136719,503.9700012207031,501.0299987792969,503.0199890136719,499.033935546875,12058800
2025-07-15,503.0199890136719,508.2999877929688,502.7900085449219,505.8200073242188,501.811767578125,14927200
2025-07-16,505.1799926757813,506.7200012207031,501.8900146484375,505.6199951171875,501.6133728027344,15154400
2025-07-17,505.6799926757813,513.3699951171875,505.6199951171875,511.7000122070313,507.6451721191406,17503100
2025-07-18,514.47998046875,514.6400146484375,507.4299926757813,510.0499877929688,506.0082092285156,21209700
2025-07-21,506.7099914550781,512.0900268554688,505.5499877929688,510.05999755859375,506.0181579589844,14066800
2025-07-22,510.9700012207031,511.2000122070313,505.2699890136719,505.2699890136719,501.2660827636719,13868600
2025-07-23,506.75,506.7900085449219,500.7000122070313,505.8699951171875,501.861328125,16396600
2025-07-24,508.7699890136719,513.6699829101562,507.2999877929688,510.8800048828125,506.8316650390625,16107000
2025-07-25,512.469970703125,518.2899780273438,510.3599853515625,513.7100219726562,509.6392517089844,19125700
2025-07-28,514.0800170898438,515.0,510.1199951171875,512.5,508.4387817382813,14308000
2025-07-29,515.530029296875,517.6199951171875,511.55999755859375,512.5700073242188,508.50823974609375,16469200
2025-07-30,515.1699829101562,515.9500122070312,509.4400024414063,513.239990234375,509.1729431152344,26380400
2025-07-31,555.22998046875,555.4500122070312,531.9000244140625,533.5,529.2723999023438,51617300
2025-08-01,535.0,535.7999877929688,520.8599853515625,524.1099853515625,519.956787109375,28977600
2025-08-04,528.27001953125,538.25,528.1300048828125,535.6400146484375,531.3953857421875,25349000
2025-08-05,537.1799926757812,537.2999877929688,527.239990234375,527.75,523.5679931640625,19171600
2025-08-06,530.9000244140625,531.7000122070312,524.030029296875,524.9400024414062,520.7802734375,21355700
2025-08-07,526.7999877929688,528.0900268554688,517.5499877929688,520.8400268554688,516.7127075195312,16079100
2025-08-08,522.5999755859375,524.6599731445312,519.4099731445312,522.0399780273438,517.9032592773438,15531000
2025-08-11,522.2999877929688,527.5900268554688,519.719970703125,521.77001953125,517.6353759765625,20194400
2025-08-12,523.75,530.97998046875,522.7000122070312,529.239990234375,525.046142578125,18667000
2025-08-13,532.1099853515625,532.7000122070312,519.3699951171875,520.5800170898438,516.4547729492188,19619200
2025-08-14,522.5599975585938,525.9500122070312,520.1400146484375,522.47998046875,518.3396606445312,20269100
2025-08-15,522.77001953125,526.0999755859375,519.0800170898438,520.1699829101562,516.0480346679688,25213300
2025-08-18,521.5900268554688,522.8200073242188,514.02001953125,517.0999755859375,513.0023803710938,23760600
2025-08-19,515.0,515.1599731445312,508.5499877929688,509.7699890136719,505.73040771484375,21481000
2025-08-20,509.8699951171875,511.0,504.4400024414063,505.7200012207031,501.7125244140625,27723000
2025-08-21,503.6900024414063,507.6300048828125,502.7200012207031,504.239990234375,501.0665893554688,18443300
2025-08-22,504.25,510.7300109863281,502.4100036621094,507.2300109863281,504.037841796875,24324200
2025-08-25,506.6300048828125,508.1900024414063,504.1199951171875,504.260009765625,501.0865173339844,21638600
2025-08-26,504.3599853515625,504.9800109863281,498.510009765625,502.0400085449219,498.8804931640625,30835700
2025-08-27,502.0,507.2900085449219,499.8999938964844,506.739990234375,503.5508728027344,17277900
2025-08-28,507.0899963378906,511.0899963378906,505.5,509.6400146484375,506.4326477050781,18015600
2025-08-29,508.6600036621094,509.6000061035156,504.489990234375,506.6900024414063,503.501220703125,20961600
2025-09-02,500.4700012207031,506.0,496.80999755859375,505.1199951171875,501.9410705566406,18128000
2025-09-03,503.7900085449219,507.7900085449219,502.3200073242188,505.3500061035156,502.1696472167969,16345100
2025-09-04,504.2999877929688,508.1499938964844,503.1499938964844,507.9700012207031,504.7731628417969,15509500
2025-09-05,509.0700073242188,511.9700012207031,492.3699951171875,495.0,491.8847961425781,31994800
2025-09-08,498.1099853515625,501.2000122070313,495.0299987792969,498.2000122070313,495.0646362304688,16771000
2025-09-09,501.4299926757813,502.25,497.7000122070313,498.4100036621094,495.2733459472656,14410500
2025-09-10,502.9800109863281,503.2300109863281,496.7200012207031,500.3699951171875,497.2209777832031,21611800
2025-09-11,502.25,503.1700134277344,497.8800048828125,501.010009765625,497.8569641113281,18881600
2025-09-12,506.6499938964844,512.5499877929688,503.8500061035156,509.8999938964844,506.6910095214844,23624900
2025-09-15,508.7900085449219,515.469970703125,507.0,515.3599853515625,512.1166381835938,17143800
2025-09-16,516.8800048828125,517.22998046875,508.6000061035156,509.0400085449219,505.83642578125,19711900
2025-09-17,510.6199951171875,511.2900085449219,505.9299926757813,510.0199890136719,506.8102416992188,15816600
2025-09-18,511.489990234375,513.0700073242188,507.6600036621094,508.4500122070313,505.2501525878906,18913700
2025-09-19,510.55999755859375,519.2999877929688,510.30999755859375,517.9299926757812,514.67041015625,52474100
2025-09-22,515.5900268554688,517.739990234375,512.5399780273438,514.4500122070312,511.21234130859375,20009300
2025-09-23,513.7999877929688,514.5900268554688,507.30999755859375,509.2300109863281,506.0252685546875,19799600
2025-09-24,510.3800048828125,512.47998046875,506.9200134277344,510.1499938964844,506.9394226074219,13533700
2025-09-25,508.2999877929688,510.010009765625,505.0400085449219,507.0299987792969,503.8390808105469,15786500
2025-09-26,510.05999755859375,513.9400024414062,506.6199951171875,511.4599914550781,508.2411804199219,16213100
2025-09-29,511.5,516.8499755859375,508.8800048828125,514.5999755859375,511.36138916015625,17617800
2025-09-30,513.239990234375,518.1599731445312,509.6600036621094,517.9500122070312,514.6903686523438,19728200
2025-10-01,514.7999877929688,520.510009765625,511.6900024414063,519.7100219726562,516.4393310546875,22632300
2025-10-02,517.6400146484375,521.5999755859375,510.6799926757813,515.739990234375,512.4942626953125,21222900
2025-10-03,517.0999755859375,520.489990234375,515.0,517.3499755859375,514.0940551757812,15112300
2025-10-06,518.6099853515625,531.030029296875,518.2000122070312,528.5700073242188,525.2435302734375,21388600
2025-10-07,528.2899780273438,529.7999877929688,521.4400024414062,523.97998046875,520.682373046875,14615200
2025-10-08,523.280029296875,526.9500122070312,523.0900268554688,524.8499755859375,521.546875,13363400
2025-10-09,522.3400268554688,524.3300170898438,517.4000244140625,522.4000244140625,519.1123657226562,18343600
2025-10-10,519.6400146484375,523.5800170898438,509.6300048828125,510.9599914550781,507.7443237304688,24133800
2025-10-13,516.4099731445312,516.4099731445312,511.6799926757813,514.0499877929688,510.81488037109375,14284200
2025-10-14,510.2300109863281,515.280029296875,506.0,513.5700073242188,510.337890625,14684300
2025-10-15,514.9600219726562,517.1900024414062,510.0,513.4299926757812,510.1987609863281,14694700
2025-10-16,512.5800170898438,516.8499755859375,508.1300048828125,511.6099853515625,508.3902282714844,15559600
2025-10-17,509.0400085449219,515.47998046875,507.30999755859375,513.5800170898438,510.347900390625,19867800
2025-10-20,514.6099853515625,518.7000122070312,513.4299926757812,516.7899780273438,513.53759765625,14665600
2025-10-21,517.5,518.6900024414062,513.0399780273438,517.6599731445312,514.4021606445312,15586200
2025-10-22,521.1500244140625,525.22998046875,517.7100219726562,520.5399780273438,517.2640380859375,18962700
2025-10-23,522.4600219726562,523.9500122070312,518.6099853515625,520.5599975585938,517.283935546875,14023500
2025-10-24,522.7899780273438,525.3499755859375,520.7100219726562,523.6099853515625,520.314697265625,15532400
2025-10-27,531.780029296875,534.5800170898438,529.010009765625,531.52001953125,528.1749877929688,18734700
2025-10-28,550.0,553.719970703125,540.77001953125,542.0700073242188,538.6585693359375,29986700
2025-10-29,544.9400024414062,546.27001953125,536.72998046875,541.5499877929688,538.141845703125,36023000
2025-10-30,530.47998046875,534.969970703125,522.1199951171875,525.760009765625,522.451171875,41023100
2025-10-31,528.8800048828125,529.3200073242188,515.0999755859375,517.8099975585938,514.5512084960938,34006400
2025-11-03,519.8099975585938,524.9600219726562,514.5900268554688,517.030029296875,513.776123046875,22374700
2025-11-04,511.760009765625,515.5499877929688,507.8399963378906,514.3300170898438,511.0931701660156,20958700
2025-11-05,513.2999877929688,514.8300170898438,506.5799865722656,507.1600036621094,503.9682312011719,23024300
2025-11-06,505.6600036621094,505.7000122070313,495.80999755859375,497.1000061035156,493.9715576171875,27406500
2025-11-07,496.9500122070313,499.3800048828125,493.25,496.8200073242188,493.6933288574219,24019800
2025-11-10,500.0400085449219,506.8500061035156,498.7999877929688,506.0,502.8155212402344,26101500
2025-11-11,504.7999877929688,509.6000061035156,502.3500061035156,508.6799926757813,505.4786682128906,17980000
2025-11-12,509.3599853515625,511.6700134277344,499.1199951171875,511.1400146484375,507.9232177734375,26574900
2025-11-13,510.30999755859375,513.5,501.2900085449219,503.2900085449219,500.1225891113281,25273100
2025-11-14,498.2300109863281,511.6000061035156,497.4400024414063,510.1799926757813,506.96923828125,28505700
2025-11-17,508.4500122070313,512.1199951171875,504.9100036621094,507.489990234375,504.296142578125,19092800
2025-11-18,495.3699951171875,502.9800109863281,486.7799987792969,493.7900085449219,490.6824035644531,33815100
2025-11-19,490.1000061035156,495.1900024414063,482.8299865722656,487.1199951171875,484.0543518066406,23245300
2025-11-20,492.7099914550781,493.5700073242188,475.5,478.4299926757813,476.3088684082031,26802500
2025-11-21,478.5,478.9200134277344,468.2699890136719,472.1199951171875,470.0268249511719,31769200
2025-11-24,475.0,476.8999938964844,468.0199890136719,474.0,471.8985290527344,34421000
2025-11-25,474.0700073242188,479.1499938964844,464.8900146484375,476.989990234375,474.8752136230469,28019800
2025-11-26,486.30999755859375,488.30999755859375,481.2000122070313,485.5,483.3475036621094,25709100
2025-11-28,487.6000061035156,492.6300048828125,486.6499938964844,492.010009765625,489.8286743164063,14386700
2025-12-01,488.4400024414063,489.8599853515625,484.6499938964844,486.739990234375,484.5820007324219,23964000
2025-12-02,486.7200012207031,493.5,486.3200073242188,490.0,487.82757568359375,19562700
2025-12-03,476.3200073242188,484.239990234375,475.2000122070313,477.7300109863281,475.6119689941406,34615100
2025-12-04,479.760009765625,481.3200073242188,476.489990234375,480.8399963378906,478.7081604003906,22318200
2025-12-05,482.5199890136719,483.3999938964844,478.8800048828125,483.1600036621094,481.0178833007813,22608700
2025-12-08,484.8900146484375,492.2999877929688,484.3800048828125,491.0199890136719,488.8430480957031,21965900
2025-12-09,489.1000061035156,492.1199951171875,488.5,492.0199890136719,489.8385925292969,14696100
2025-12-10,484.0299987792969,484.25,475.0799865722656,478.55999755859375,476.4382629394531,35756200
2025-12-11,476.6300048828125,486.0299987792969,475.8599853515625,483.4700012207031,481.3265075683594,24669200
2025-12-12,479.8200073242188,482.4500122070313,476.3399963378906,478.5299987792969,476.4084167480469,21248100
2025-12-15,480.1000061035156,480.7200012207031,472.5199890136719,474.8200073242188,472.7148742675781,23727700
2025-12-16,471.9100036621094,477.8900146484375,470.8800048828125,476.3900146484375,474.2779235839844,20705600
2025-12-17,476.9100036621094,480.0,475.0,476.1199951171875,474.0090942382813,24527200
2025-12-18,478.1900024414063,489.6000061035156,477.8900146484375,483.9800109863281,481.8342590332031,28573500
2025-12-19,487.3599853515625,487.8500061035156,482.489990234375,485.9200134277344,483.7656555175781,70836100
2025-12-22,486.1199951171875,488.7300109863281,482.6900024414063,484.9200134277344,482.7701110839844,16963000
2025-12-23,484.9800109863281,487.8299865722656,484.739990234375,486.8500061035156,484.6915588378906,14683600
2025-12-24,485.6799926757813,489.1600036621094,484.8299865722656,488.0199890136719,485.8563232421875,5855900
2025-12-26,486.7099914550781,488.1199951171875,485.9599914550781,487.7099914550781,485.5477294921875,8842200
2025-12-29,484.8599853515625,488.3500061035156,484.1799926757813,487.1000061035156,484.9404296875,10893400
2025-12-30,485.9299926757813,489.6799926757813,485.5,487.4800109863281,485.3187561035156,13944500
2025-12-31,487.8399963378906,488.1400146484375,483.2999877929688,483.6199951171875,481.4758605957031,15601600
2026-01-02,484.3900146484375,484.6600036621094,470.1600036621094,472.9400024414063,470.84320068359375,25571600
2026-01-05,474.05999755859375,476.0700073242188,469.5,472.8500061035156,470.7536010742188,25250300
2026-01-06,473.7999877929688,478.739990234375,469.75,478.510009765625,476.3885192871094,23037700
2026-01-07,479.760009765625,489.7000122070313,477.9500122070313,483.4700012207031,481.3265075683594,25564200
2026-01-08,481.239990234375,482.6600036621094,475.8599853515625,478.1099853515625,475.9902648925781,18162600
2026-01-09,474.05999755859375,479.8200073242188,472.2000122070313,479.2799987792969,477.1550903320313,18491000
2026-01-12,476.6700134277344,480.989990234375,475.6799926757813,477.1799926757813,475.06439208984375,23519900
2026-01-13,474.6799926757813,475.7799987792969,465.9500122070313,470.6700134277344,468.5832824707031,28545800
2026-01-14,466.4599914550781,468.2000122070313,457.1700134277344,459.3800048828125,457.3433532714844,28184300
2026-01-15,464.1199951171875,464.25,455.8999938964844,456.6600036621094,454.6354064941406,23225800
2026-01-16,457.8299865722656,463.1900024414063,456.4800109863281,459.8599853515625,457.8211975097656,34246700
2026-01-20,451.2200012207031,456.7999877929688,449.2799987792969,454.5199890136719,452.5048522949219,26130000
2026-01-21,452.6000061035156,452.6900024414063,438.6799926757813,444.1099853515625,442.1409912109375,37980500
2026-01-22,447.6199951171875,452.8399963378906,444.7000122070313,451.1400146484375,449.1398620605469,25349400
2026-01-23,451.8699951171875,471.1000061035156,450.5299987792969,465.9500122070313,463.8841857910156,38000200
2026-01-26,465.30999755859375,474.25,462.0,470.2799987792969,468.1949768066406,29291200
2026-01-27,473.7000122070313,482.8699951171875,473.1600036621094,480.5799865722656,478.4493408203125,29213900
2026-01-28,483.2099914550781,483.739990234375,478.0,481.6300048828125,479.4946594238281,36875400
2026-01-29,439.989990234375,442.5,421.0199890136719,433.5,431.57806396484375,128855300
2026-01-30,439.1700134277344,439.6000061035156,426.4500122070313,430.2900085449219,428.3822937011719,58566800
2026-02-02,430.239990234375,430.739990234375,422.25,423.3699951171875,421.4929809570313,42219900
2026-02-03,422.010009765625,422.0499877929688,408.55999755859375,411.2099914550781,409.3868713378906,61424100
2026-02-04,411.0,419.7999877929688,409.239990234375,414.1900024414063,412.3536987304688,45012400
2026-02-05,407.4400024414063,408.2999877929688,392.3200073242188,393.6700134277344,391.9246520996094,66289200
2026-02-06,399.1700134277344,401.7900085449219,392.9200134277344,401.1400146484375,399.3615417480469,53515300
2026-02-09,404.8500061035156,414.8900146484375,400.8699951171875,413.6000061035156,411.7662963867188,45480500
2026-02-10,419.6199951171875,423.6799926757813,412.7000122070313,413.2699890136719,411.437744140625,44857900
2026-02-11,416.1799926757813,416.4599914550781,401.010009765625,404.3699951171875,402.5771789550781,42491000
2026-02-12,405.0,406.2000122070313,398.010009765625,401.8399963378906,400.0584106445313,40802400
2026-02-13,404.4500122070313,405.5400085449219,398.0499877929688,401.3200073242188,399.5407409667969,34091600
2026-02-17,399.2200012207031,400.5199890136719,394.5299987792969,396.8599853515625,395.1004943847656,32078800
2026-02-18,398.1300048828125,402.55999755859375,396.3200073242188,399.6000061035156,397.8283386230469,23223400
2026-02-19,400.6900024414063,404.4299926757813,396.6700134277344,398.4599914550781,397.5988464355469,28234000
2026-02-20,396.1099853515625,400.1199951171875,395.1600036621094,397.2300109863281,396.37152099609375,34015200
2026-02-23,395.0,395.3599853515625,383.1000061035156,384.4700012207031,383.6390686035156,43238300
2026-02-24,384.1400146484375,389.3599853515625,381.7099914550781,389.0,388.1593017578125,33884700
2026-02-25,390.5299987792969,401.4700012207031,390.1600036621094,400.6000061035156,399.7342224121094,43625500
2026-02-26,404.7099914550781,407.489990234375,398.739990234375,401.7200012207031,400.851806640625,34405900
2026-02-27,390.8800048828125,396.8200073242188,389.8800048828125,392.739990234375,391.8912048339844,51367200
2026-03-02,392.8599853515625,401.1900024414063,390.6300048828125,398.5499877929688,397.6886291503906,35474900
2026-03-03,393.1400146484375,406.7000122070313,392.6700134277344,403.9299926757813,403.0570068359375,38199200
2026-03-04,401.2699890136719,411.0299987792969,400.30999755859375,405.2000122070313,404.32427978515625,35808000
2026-03-05,404.4200134277344,411.6099853515625,404.3999938964844,410.6799926757813,409.79241943359375,39001300
2026-03-06,409.2000122070313,413.0499877929688,408.510009765625,408.9599914550781,408.0761413574219,31123900
2026-03-09,404.9200134277344,410.2099914550781,403.5,409.4100036621094,408.5251770019531,30131900
2026-03-10,410.0299987792969,410.2000122070313,402.9299926757813,405.760009765625,404.8830871582031,31706400
2026-03-11,405.5700073242188,409.010009765625,401.5899963378906,404.8800048828125,404.0049743652344,25512100
2026-03-12,404.6300048828125,406.1199951171875,401.7099914550781,401.8599853515625,400.9914855957031,27263900
2026-03-13,401.0,404.7999877929688,394.25,395.5499877929688,394.6951293945313,26848000
2026-03-16,398.0700073242188,400.6300048828125,394.7900085449219,399.9500122070313,399.0856323242188,27733700
2026-03-17,400.2699890136719,404.3999938964844,397.75,399.4100036621094,398.5467834472656,26228300
2026-03-18,397.1300048828125,398.0,391.0,391.7900085449219,390.9432678222656,25908500
2026-03-19,390.1000061035156,392.489990234375,387.05999755859375,389.0199890136719,388.1792297363281,25138800
2026-03-20,386.7900085449219,387.0,380.1199951171875,381.8699951171875,381.0447082519531,50853200
2026-03-23,383.8999938964844,387.2099914550781,381.6799926757813,383.0,382.1722717285156,29680100
2026-03-24,382.3599853515625,382.4700012207031,371.8500061035156,372.739990234375,371.9344177246094,42733600
2026-03-25,376.9200134277344,377.05999755859375,369.6300048828125,371.0400085449219,370.2381286621094,31181200
2026-03-26,370.8200073242188,374.7200012207031,365.1900024414063,365.9700012207031,365.1790771484375,36836600
2026-03-27,361.8999938964844,362.4500122070313,356.510009765625,356.7699890136719,355.9989318847656,37883400
2026-03-30,361.8999938964844,365.3599853515625,356.2799987792969,358.9599914550781,358.1842041015625,44797000
2026-03-31,364.5499877929688,372.8999938964844,363.0700073242188,370.1700134277344,369.3699951171875,45244400
2026-04-01,373.489990234375,373.989990234375,368.2000122070313,369.3699951171875,368.57171630859375,29417200
2026-04-02,367.2099914550781,373.6400146484375,364.1499938964844,373.4599914550781,372.6528625488281,24099100
2026-04-06,373.489990234375,373.7300109863281,369.5,372.8800048828125,372.0741271972656,16146600
2026-04-07,370.3399963378906,372.4500122070313,366.55999755859375,372.2900085449219,371.48541259765625,21443300
2026-04-08,384.9800109863281,385.0,371.4100036621094,374.3299865722656,373.52099609375,33064800
2026-04-09,372.5,373.5,367.0499877929688,373.0700073242188,372.26373291015625,30435300
2026-04-10,372.9800109863281,375.6400146484375,370.0299987792969,370.8699951171875,370.0684814453125,28111100
2026-04-13,373.6099853515625,384.5400085449219,371.0199890136719,384.3699951171875,383.539306640625,35745800
2026-04-14,387.9200134277344,394.6900024414063,386.5199890136719,393.1099853515625,392.2604064941406,37504500
2026-04-15,398.0,414.3699951171875,396.7300109863281,411.2200012207031,410.3312683105469,45063400
2026-04-16,419.8599853515625,420.8200073242188,412.1400146484375,420.260009765625,419.3517456054688,41642400
2026-04-17,424.8200073242188,431.5799865722656,420.6900024414063,422.7900085449219,421.8762817382813,48568200
2026-04-20,421.1499938964844,423.3299865722656,416.2999877929688,418.0700073242188,417.1664733886719,27582200
2026-04-21,420.239990234375,427.1799926757813,417.2000122070313,424.1600036621094,423.2433166503906,32048500
2026-04-22,426.1900024414063,433.7000122070313,423.6700134277344,432.9200134277344,431.984375,29378200
2026-04-23,419.8900146484375,423.6600036621094,411.4100036621094,415.75,414.8514709472656,38308000
2026-04-24,416.9700012207031,424.9500122070313,415.7999877929688,424.6199951171875,423.7023010253906,27457400
2026-04-27,422.3800048828125,427.1099853515625,417.0700073242188,424.8200073242188,423.9018859863281,30867300
2026-04-28,424.5700073242188,429.9200134277344,421.8999938964844,429.25,428.3222961425781,30438100
2026-04-29,424.5799865722656,426.8200073242188,420.2900085449219,424.4599914550781,423.5426330566406,38288300
2026-04-30,410.80999755859375,414.4200134277344,398.010009765625,407.7799987792969,406.8987121582031,70909400
2026-05-01,412.7999877929688,417.1099853515625,410.4400024414063,414.4400024414063,413.5443115234375,31372400
2026-05-04,411.5400085449219,420.7799987792969,410.7999877929688,413.6199951171875,412.72607421875,28066500
2026-05-05,415.3200073242188,416.7799987792969,408.7999877929688,411.3800048828125,410.4909362792969,25700900
2026-05-06,408.0,418.4200134277344,405.1099853515625,413.9599914550781,413.0653381347656,30285900
2026-05-07,420.1099853515625,427.9800109863281,418.760009765625,420.7699890136719,419.8606262207031,34942400
2026-05-08,417.3900146484375,418.6300048828125,414.0,415.1199951171875,414.2228393554688,33383800
2026-05-11,407.8699951171875,412.6900024414063,405.5,412.6600036621094,411.7681579589844,35657900
2026-05-12,414.4800109863281,415.5,406.6400146484375,407.7699890136719,406.8887023925781,38594200
2026-05-13,403.2000122070313,406.30999755859375,401.0299987792969,405.2099914550781,404.3342590332031,29667100
2026-05-14,404.4800109863281,411.8399963378906,400.8800048828125,409.4299926757813,408.5451354980469,27077500
2026-05-15,414.2699890136719,428.1700134277344,412.9100036621094,421.9200134277344,421.0081481933594,50771200
2026-05-18,416.6199951171875,425.1199951171875,415.6099853515625,423.5400085449219,422.6246643066406,32564100
2026-05-19,429.8999938964844,432.7000122070313,416.489990234375,417.4200134277344,416.5178833007813,33018700
2026-05-20,414.1700134277344,422.1000061035156,411.2999877929688,421.05999755859375,420.1499938964844,27864000
2026-05-21,424.75,426.3399963378906,415.7099914550781,419.0899963378906,419.0899963378906,31393500
2026-05-22,419.5400085449219,424.3999938964844,416.3299865722656,418.5700073242188,418.5700073242188,22390300
2026-05-26,416.4299926757813,419.7699890136719,413.0199890136719,416.0299987792969,416.0299987792969,30398000
2026-05-27,411.010009765625,415.9400024414063,409.5799865722656,412.6700134277344,412.6700134277344,28901500
2026-05-28,412.9800109863281,429.489990234375,412.6700134277344,426.989990234375,426.989990234375,47250500
2026-05-29,432.5499877929688,450.3299865722656,432.3599853515625,450.239990234375,450.239990234375,79654400
2026-06-01,464.8399963378906,466.3200073242188,458.2699890136719,460.5199890136719,460.5199890136719,53628900
2026-06-02,446.8800048828125,453.5,440.4299926757813,441.30999755859375,441.30999755859375,37036800
2026-06-03,438.4500122070313,440.3900146484375,424.25,427.3399963378906,427.3399963378906,39037000
2026-06-04,435.80999755859375,436.1499938964844,426.4100036621094,428.0499877929688,428.0499877929688,26899500
2026-06-05,428.3399963378906,429.4700012207031,414.3999938964844,416.6700134277344,416.6700134277344,34782200
2026-06-08,414.1400146484375,417.1600036621094,408.55999755859375,411.739990234375,411.739990234375,32086700
2026-06-09,409.0299987792969,411.9800109863281,398.4800109863281,403.4100036621094,403.4100036621094,35317300
2026-06-10,398.5499877929688,405.0400085449219,397.1600036621094,397.3599853515625,397.3599853515625,32576000
2026-06-11,395.2099914550781,396.8500061035156,384.0,390.3399963378906,390.3399963378906,47224100
2026-06-12,391.4299926757813,391.739990234375,382.2699890136719,390.739990234375,390.739990234375,34865800
2026-06-15,396.7999877929688,401.75,392.8500061035156,399.760009765625,399.760009765625,32266400
2026-06-16,395.7900085449219,396.8399963378906,390.6900024414063,393.8299865722656,393.8299865722656,31506800
2026-06-17,390.25,390.3699951171875,377.3200073242188,378.9100036621094,378.9100036621094,41987800
2026-06-18,377.8200073242188,381.3699951171875,373.2799987792969,379.3999938964844,379.3999938964844,59714200
2026-06-22,375.739990234375,381.6300048828125,367.0700073242188,367.3399963378906,367.3399963378906,45171100
2026-06-23,372.3800048828125,377.2200012207031,370.6700134277344,373.9400024414063,373.9400024414063,40647600
2026-06-24,371.5700073242188,378.8800048828125,364.7799987792969,365.4599914550781,365.4599914550781,44509900
2026-06-25,362.7699890136719,364.2300109863281,349.20001220703125,352.8299865722656,352.8299865722656,66179000
2026-06-26,357.1499938964844,376.6099853515625,355.42999267578125,372.9700012207031,372.9700012207031,186201600
2026-06-29,377.5,380.5,359.8999938964844,368.5700073242188,368.5700073242188,51229900
2026-06-30,371.0299987792969,374.1499938964844,367.4500122070313,373.0199890136719,373.0199890136719,44945700
2026-07-01,380.8299865722656,388.8299865722656,374.8900146484375,384.2799987792969,384.2799987792969,48065800
2026-07-02,384.4800109863281,392.2000122070313,383.7000122070313,390.489990234375,390.489990234375,42128900
2026-07-06,387.0400085449219,389.1499938964844,381.2200012207031,386.739990234375,386.739990234375,34224500
2026-07-07,392.489990234375,395.5700073242188,388.2200012207031,388.8399963378906,388.8399963378906,29297500
2026-07-08,384.0299987792969,385.30999755859375,381.3299865722656,383.3399963378906,383.3399963378906,25908300
2026-07-09,374.4500122070313,384.6499938964844,373.3500061035156,384.3599853515625,384.3599853515625,31083200
2026-07-10,387.7999877929688,391.9100036621094,381.5,385.1000061035156,385.1000061035156,24644600
2026-07-13,387.75,393.6499938964844,384.1499938964844,390.989990234375,390.989990234375,28914900
2026-07-14,382.8200073242188,388.1900024414063,378.6499938964844,384.9299926757813,384.9299926757813,27863900
2026-07-15,387.7999877929688,398.9599914550781,386.3999938964844,395.6300048828125,395.6300048828125,36253700
2026-07-16,398.30999755859375,405.989990234375,392.0499877929688,401.1000061035156,401.1000061035156,37047400
2026-07-17,394.8599853515625,398.3900146484375,389.3900146484375,393.8200073242188,393.8200073242188,33049800
2026-07-20,391.4100036621094,403.1799926757813,389.6499938964844,402.2900085449219,402.2900085449219,27915800
2026-07-21,398.80999755859375,401.4700012207031,396.3200073242188,397.75,397.75,24126600
2026-07-22,399.5799865722656,401.0,386.9599914550781,390.3399963378906,390.3399963378906,28142500
2026-07-23,389.9700012207031,391.7799987792969,377.3900146484375,381.5799865722656,381.5799865722656,30351800
2026-07-24,387.0499877929688,389.0299987792969,380.6499938964844,381.7000122070313,381.7000122070313,27659400
2026-07-27,390.0799865722656,394.2000122070313,387.989990234375,389.1000061035156,389.1000061035156,27856200
2026-07-28,393.1600036621094,400.3200073242188,391.2999877929688,393.3500061035156,393.3500061035156,32367500
2026-07-29,393.3999938964844,401.25,388.739990234375,390.5400085449219,390.5400085449219,47209000
2026-07-30,437.8999938964844,458.6900024414063,432.4400024414063,451.1000061035156,451.1000061035156,110160700
2026-07-31,450.0,466.8399963378906,449.3299865722656,464.7200012207031,464.7200012207031,60846000
2026-08-03,476.1300048828125,491.6499938964844,475.0,487.6499938964844,487.6499938964844,66762100
2026-08-04,480.8999938964844,499.4400024414063,479.1700134277344,492.80999755859375,492.80999755859375,50455500
2026-08-05,496.3599853515625,498.239990234375,485.6799926757813,487.4599914550781,487.4599914550781,33388900
2026-08-06,488.5499877929688,501.55999755859375,488.5199890136719,499.8599853515625,499.8599853515625,36441500
2026-08-07,499.2099914550781,505.1799926757813,498.7300109863281,499.989990234375,499.989990234375,24137816
