Date,Open,High,Low,Close,Adj Close,Volume
2020-01-31,10.777628898620604,11.142804145812988,10.57036590576172,11.142804145812988,11.142804145812988,
2020-02-10,11.448762893676758,11.902764320373535,11.448762893676758,11.81393814086914,11.81393814086914,
2020-02-20,12.11989688873291,12.11989688873291,10.22492790222168,10.234797477722168,10.234797477722168,
2020-03-01,10.817106246948242,10.817106246948242,9.263439178466797,9.44158172607422,9.44158172607422,
2020-03-11,8.85766887664795,8.85766887664795,6.56160306930542,6.56160306930542,6.56160306930542,
2020-03-21,6.38346004486084,7.670048713684082,6.38346004486084,7.214794158935547,7.214794158935547,
2020-03-31,7.115825653076172,7.115825653076172,6.037070274353027,7.115825653076172,7.115825653076172,
2020-04-10,6.878301620483398,6.878301620483398,6.482428550720215,6.828817367553711,6.828817367553711,
2020-04-20,6.759539604187012,8.442002296447754,6.6902618408203125,8.442002296447754,8.442002296447754,
2020-04-30,8.253962516784668,8.253962516784668,7.769016742706299,8.046128273010254,8.046128273010254,
2020-05-10,7.897675514221191,7.897675514221191,7.214794158935547,7.224690914154053,7.224690914154053,
2020-05-20,7.185103893280029,7.660151481628418,7.185103893280029,7.50180196762085,7.50180196762085,
2020-05-30,7.600770473480225,8.633387565612793,7.541389465332031,8.633387565612793,8.633387565612793,
2020-06-09,8.454560279846191,8.454560279846191,7.639902114868164,7.639902114868164,7.639902114868164,
2020-06-19,7.610097408294678,7.610097408294678,6.626546859741211,6.626546859741211,6.626546859741211,
2020-06-29,6.904723167419434,7.073615550994873,6.825244426727295,6.825244426727295,6.825244426727295,
2020-07-09,6.547068119049072,6.964332103729248,6.547068119049072,6.825244426727295,6.825244426727295,
2020-07-19,6.785504817962647,7.063680648803711,6.735830783843994,6.735830783843994,6.735830783843994,
2020-07-29,6.914658069610596,6.954397678375244,6.725895404815674,6.954397678375244,6.954397678375244,
2020-08-08,7.14315938949585,7.3319220542907715,7.14315938949585,7.272312641143799,7.272312641143799,
2020-08-18,7.133224487304688,7.490879535675049,7.083550930023193,7.490879535675049,7.490879535675049,
2020-08-28,7.729315757751465,7.729315757751465,7.560035228729248,7.639824390411377,7.639824390411377,
2020-09-07,7.43037748336792,8.118560791015625,7.43037748336792,8.118560791015625,8.118560791015625,
2020-09-17,8.198349952697754,8.198349952697754,7.759508609771728,7.829324245452881,7.829324245452881,
2020-09-27,7.949007987976074,8.447690963745117,7.939034461975098,8.43771743774414,8.43771743774414,
2020-10-07,8.537454605102539,9.415135383605955,8.537454605102539,9.385214805603027,9.385214805603027,
2020-10-17,9.42510986328125,9.534820556640623,9.22563648223877,9.435083389282228,9.435083389282228,
2020-10-27,9.165794372558594,10.242950439453123,9.165794372558594,10.242950439453123,10.242950439453123,
2020-11-06,9.9636869430542,10.79150104522705,9.9636869430542,10.79150104522705,10.79150104522705,
2020-11-16,10.87129020690918,11.130605697631836,10.731659889221191,11.130605697631836,11.130605697631836,
2020-11-26,11.000947952270508,11.5,10.582054138183594,11.5,11.5,
2020-12-06,11.399999618530272,12.270000457763672,11.289999961853027,12.270000457763672,12.270000457763672,
2020-12-16,12.199999809265137,12.449999809265137,12.199999809265137,12.270000457763672,12.270000457763672,
2020-12-26,12.130000114440918,12.390000343322754,11.90999984741211,12.09000015258789,12.09000015258789,
2021-01-05,12.40999984741211,13.789999961853027,12.40999984741211,13.789999961853027,13.789999961853027,
2021-01-15,13.779999732971191,13.779999732971191,13.779999732971191,13.779999732971191,13.779999732971191,
2021-01-19,13.84000015258789,14.109999656677246,13.779999732971191,13.899999618530272,12.369166374206545,6334800.0
2021-01-20,13.970000267028809,14.149999618530272,13.899999618530272,14.0,12.458152770996094,6525600.0
2021-01-21,14.050000190734863,14.079999923706056,13.510000228881836,13.510000228881836,12.02211570739746,3534900.0
2021-01-22,13.420000076293944,13.539999961853027,13.210000038146973,13.229999542236328,11.772953987121582,5130300.0
2021-01-25,13.210000038146973,13.229999542236328,12.920000076293944,13.109999656677246,11.666170120239258,5157800.0
2021-01-26,13.229999542236328,13.31999969482422,13.050000190734863,13.0600004196167,11.621676445007324,4235300.0
2021-01-27,12.84000015258789,12.90999984741211,12.029999732971191,12.220000267028809,10.874188423156738,6389500.0
2021-01-28,13.149999618530272,14.15999984741211,13.119999885559082,13.93000030517578,12.39586353302002,14838400.0
2021-01-29,14.31999969482422,14.65999984741211,13.760000228881836,13.880000114440918,12.351369857788086,8354800.0
2021-02-01,14.0,14.220000267028809,13.68000030517578,13.779999732971191,12.262380599975586,4845800.0
2021-02-02,14.300000190734863,14.970000267028809,14.260000228881836,14.93000030517578,13.285730361938477,10006100.0
2021-02-03,14.869999885559082,15.31999969482422,14.770000457763672,15.079999923706056,13.41921043395996,8193900.0
2021-02-04,15.119999885559082,15.460000038146973,15.0600004196167,15.239999771118164,13.561590194702148,4235400.0
2021-02-05,15.390000343322754,15.479999542236328,15.06999969482422,15.34000015258789,13.650575637817385,3459100.0
2021-02-08,15.460000038146973,15.539999961853027,15.039999961853027,15.050000190734863,13.3925142288208,12224200.0
2021-02-09,15.06999969482422,15.18000030517578,14.880000114440918,14.979999542236328,13.33022403717041,6490300.0
2021-02-10,15.130000114440918,15.239999771118164,14.850000381469728,15.09000015258789,13.428109169006348,8870200.0
2021-02-11,15.109999656677246,15.109999656677246,14.8100004196167,14.989999771118164,13.339118957519531,5963200.0
2021-02-12,14.899999618530272,15.100000381469728,14.789999961853027,14.829999923706056,13.19674015045166,5297600.0
2021-02-16,14.949999809265137,15.170000076293944,14.8100004196167,15.130000114440918,13.463706970214844,6112000.0
2021-02-17,15.010000228881836,15.260000228881836,14.989999771118164,15.029999732971191,13.374715805053713,4382500.0
2021-02-18,14.989999771118164,15.050000190734863,14.859999656677246,14.989999771118164,13.339118957519531,3813000.0
2021-02-19,15.029999732971191,15.15999984741211,14.989999771118164,15.0600004196167,13.40141487121582,7383000.0
2021-02-22,15.479999542236328,15.550000190734863,15.029999732971191,15.100000381469728,13.43700885772705,6491400.0
2021-02-23,15.029999732971191,15.34000015258789,14.859999656677246,15.329999923706056,13.641678810119627,5217200.0
2021-02-24,15.289999961853027,15.4399995803833,15.170000076293944,15.210000038146973,13.534892082214355,4135400.0
2021-02-25,15.239999771118164,15.279999732971191,14.920000076293944,15.0,13.348021507263184,6081400.0
2021-02-26,15.720000267028809,16.139999389648438,15.550000190734863,15.789999961853027,14.051016807556152,9221200.0
2021-03-01,15.869999885559082,16.170000076293945,15.8100004196167,15.93000030517578,14.175599098205566,8335800.0
2021-03-02,15.859999656677246,16.059999465942383,15.75,15.899999618530272,14.148902893066406,11779400.0
2021-03-03,15.979999542236328,16.059999465942383,15.770000457763672,15.770000457763672,14.03321647644043,5314700.0
2021-03-04,15.770000457763672,16.030000686645508,15.699999809265137,15.989999771118164,14.256108283996582,8495800.0
2021-03-05,16.0,16.170000076293945,15.869999885559082,16.1200008392334,14.372013092041016,7481600.0
2021-03-08,16.170000076293945,16.34000015258789,16.059999465942383,16.190000534057617,14.434422492980955,7545500.0
2021-03-09,16.299999237060547,16.360000610351562,16.100000381469727,16.34000015258789,14.568156242370604,8289000.0
2021-03-10,16.350000381469727,16.469999313354492,16.31999969482422,16.440000534057617,14.65731143951416,9952400.0
2021-03-11,16.709999084472656,17.3799991607666,16.43000030517578,17.290000915527344,15.41514492034912,7369100.0
2021-03-12,17.489999771118164,17.540000915527344,17.010000228881836,17.06999969482422,15.218998908996582,2512500.0
2021-03-15,17.1299991607666,17.190000534057617,16.530000686645508,16.829999923706055,15.00502586364746,4214500.0
2021-03-16,16.90999984741211,17.31999969482422,16.780000686645508,17.209999084472656,15.343820571899414,7264400.0
2021-03-17,17.219999313354492,17.31999969482422,16.809999465942383,17.31999969482422,15.441887855529783,9111100.0
2021-03-18,17.219999313354492,17.56999969482422,16.829999923706055,17.0,15.156587600708008,6088600.0
2021-03-19,16.899999618530273,17.280000686645508,16.700000762939453,17.15999984741211,15.299240112304688,12089900.0
2021-03-22,17.040000915527344,17.209999084472656,16.739999771118164,17.149999618530273,15.290327072143556,7832200.0
2021-03-23,17.020000457763672,17.110000610351562,16.270000457763672,16.43000030517578,14.648394584655762,4179300.0
2021-03-24,16.559999465942383,16.790000915527344,16.260000228881836,16.399999618530273,14.6216459274292,5343900.0
2021-03-25,16.329999923706055,17.100000381469727,16.260000228881836,17.010000228881836,15.165504455566406,7585000.0
2021-03-26,17.15999984741211,18.020000457763672,17.020000457763672,17.889999389648438,15.950080871582031,11525600.0
2021-03-29,17.829999923706055,18.209999084472656,17.520000457763672,17.530000686645508,15.629119873046877,8210900.0
2021-03-30,17.639999389648438,18.270000457763672,17.639999389648438,18.11000061035156,16.146223068237305,4865000.0
2021-03-31,18.059999465942383,18.280000686645508,17.950000762939453,17.969999313354492,16.021408081054688,5970600.0
2021-04-01,18.020000457763672,18.40999984741211,18.0,18.270000457763672,16.288877487182617,5087700.0
2021-04-05,18.479999542236328,18.82999992370605,18.459999084472656,18.739999771118164,16.707908630371094,4798600.0
2021-04-06,18.809999465942383,18.96999931335449,18.59000015258789,18.6200008392334,16.600919723510742,4665500.0
2021-04-07,18.729999542236328,18.90999984741211,18.690000534057617,18.809999465942383,16.770322799682617,4327700.0
2021-04-08,18.899999618530277,19.149999618530277,18.57999992370605,19.040000915527344,16.975378036499023,4761300.0
2021-04-09,19.13999938964844,19.299999237060547,18.920000076293945,19.09000015258789,17.01995849609375,4673800.0
2021-04-12,19.190000534057617,19.40999984741211,19.059999465942383,19.170000076293945,17.091285705566406,4691100.0
2021-04-13,19.149999618530277,19.209999084472656,18.739999771118164,18.8700008392334,16.823816299438477,4254300.0
2021-04-14,18.82999992370605,19.209999084472656,18.790000915527344,18.950000762939453,16.895137786865234,5762300.0
2021-04-15,19.209999084472656,19.209999084472656,18.729999542236328,18.93000030517578,16.87730598449707,6211000.0
2021-04-16,19.11000061035156,19.420000076293945,19.020000457763672,19.270000457763672,17.180438995361328,5028300.0
2021-04-19,19.280000686645508,19.59000015258789,19.190000534057617,19.450000762939453,17.340925216674805,5283100.0
2021-04-20,19.34000015258789,19.5,18.520000457763672,18.790000915527344,16.75249481201172,5542800.0
2021-04-21,18.63999938964844,19.59000015258789,18.56999969482422,19.530000686645508,17.412246704101562,7007100.0
2021-04-22,19.559999465942383,19.920000076293945,18.5,18.68000030517578,16.654415130615234,5696400.0
2021-04-23,18.86000061035156,19.479999542236328,18.71999931335449,19.350000381469727,17.25176239013672,6858700.0
2021-04-26,19.450000762939453,19.61000061035156,18.989999771118164,19.07999992370605,17.011043548583984,4163900.0
2021-04-27,19.100000381469727,19.200000762939453,18.799999237060547,19.06999969482422,17.00212860107422,3091200.0
2021-04-28,19.13999938964844,19.299999237060547,19.0,19.239999771118164,17.1536922454834,8202300.0
2021-04-29,19.479999542236328,19.71999931335449,19.290000915527344,19.440000534057617,17.33200454711914,3871600.0
2021-04-30,19.450000762939453,19.790000915527344,19.399999618530277,19.65999984741211,17.528152465820312,3755900.0
2021-05-03,19.93000030517578,19.950000762939453,19.520000457763672,19.6200008392334,17.49248504638672,5581400.0
2021-05-04,19.559999465942383,19.989999771118164,19.459999084472656,19.979999542236328,17.813453674316406,3186300.0
2021-05-05,20.01000022888184,20.21999931335449,19.75,20.13999938964844,17.956096649169922,2494800.0
2021-05-06,20.31999969482422,20.350000381469727,19.799999237060547,20.34000015258789,18.134410858154297,2418200.0
2021-05-07,20.270000457763672,20.690000534057617,20.09000015258789,20.65999984741211,18.419715881347656,2513300.0
2021-05-10,20.780000686645508,20.81999969482422,20.21999931335449,20.25,18.054174423217773,3287200.0
2021-05-11,19.850000381469727,20.170000076293945,19.6200008392334,19.780000686645508,17.635141372680664,2949500.0
2021-05-12,19.90999984741211,20.07999992370605,19.06999969482422,19.11000061035156,17.037792205810547,4202000.0
2021-05-13,19.0,19.850000381469727,18.809999465942383,19.649999618530277,17.519235610961914,4583300.0
2021-05-14,19.86000061035156,19.93000030517578,19.6200008392334,19.81999969482422,17.67079734802246,3921500.0
2021-05-17,19.75,19.93000030517578,19.68000030517578,19.86000061035156,17.70646095275879,6216300.0
2021-05-18,20.0,20.18000030517578,19.68000030517578,19.690000534057617,17.554895401000977,4484500.0
2021-05-19,19.34000015258789,19.76000022888184,19.059999465942383,19.76000022888184,17.6173095703125,3446800.0
2021-05-20,19.809999465942383,19.850000381469727,19.530000686645508,19.59000015258789,17.465742111206055,2927200.0
2021-05-21,19.700000762939453,19.950000762939453,19.59000015258789,19.63999938964844,17.51032066345215,2727800.0
2021-05-24,19.75,19.86000061035156,19.6299991607666,19.709999084472656,17.572725296020508,3324100.0
2021-05-25,19.709999084472656,20.190000534057617,19.6200008392334,19.670000076293945,17.53706932067871,3856100.0
2021-05-26,19.709999084472656,19.959999084472656,19.63999938964844,19.93000030517578,17.768871307373047,2515900.0
2021-05-27,20.1200008392334,20.280000686645508,19.899999618530277,20.170000076293945,17.982851028442383,2450900.0
2021-05-28,20.149999618530277,20.280000686645508,19.709999084472656,20.25,18.054174423217773,2494800.0
2021-06-01,20.479999542236328,20.559999465942383,20.07999992370605,20.270000457763672,18.072006225585938,2803900.0
2021-06-02,20.32999992370605,20.34000015258789,19.959999084472656,20.06999969482422,17.893686294555664,2126700.0
2021-06-03,19.959999084472656,20.18000030517578,19.739999771118164,20.11000061035156,17.95619773864746,1499400.0
2021-06-04,20.100000381469727,20.239999771118164,19.81999969482422,19.920000076293945,17.786542892456055,2574400.0
2021-06-07,20.0,20.229999542236328,19.899999618530277,20.1299991607666,17.974050521850586,1884700.0
2021-06-08,19.8700008392334,20.43000030517578,19.81999969482422,20.32999992370605,18.152631759643555,3591800.0
2021-06-09,20.270000457763672,20.540000915527344,20.09000015258789,20.3700008392334,18.188352584838867,2195400.0
2021-06-10,20.6299991607666,20.790000915527344,20.15999984741211,20.170000076293945,18.0097713470459,1975900.0
2021-06-11,20.209999084472656,20.559999465942383,20.170000076293945,20.540000915527344,18.34013938903809,3229700.0
2021-06-14,20.540000915527344,20.549999237060547,19.84000015258789,19.8799991607666,17.750825881958008,2441100.0
2021-06-15,19.959999084472656,20.56999969482422,19.959999084472656,20.40999984741211,18.224063873291016,2649700.0
2021-06-16,20.280000686645508,20.559999465942383,20.1200008392334,20.46999931335449,18.27763557434082,3039200.0
2021-06-17,20.549999237060547,20.670000076293945,19.63999938964844,19.90999984741211,17.77761459350586,2479200.0
2021-06-18,19.549999237060547,19.790000915527344,19.149999618530277,19.239999771118164,17.179370880126953,6555000.0
2021-06-21,19.459999084472656,20.13999938964844,19.459999084472656,20.09000015258789,17.938337326049805,2420200.0
2021-06-22,20.020000457763672,20.06999969482422,19.479999542236328,19.5,17.411527633666992,4889700.0
2021-06-23,19.649999618530277,19.809999465942383,19.549999237060547,19.63999938964844,17.53653335571289,2324500.0
2021-06-24,19.75,19.82999992370605,19.559999465942383,19.75,17.634746551513672,2523400.0
2021-06-25,19.81999969482422,20.76000022888184,19.81999969482422,20.530000686645508,18.33121681213379,8114800.0
2021-06-28,20.18000030517578,20.559999465942383,20.0,20.3799991607666,18.197280883789062,2295800.0
2021-06-29,20.56999969482422,20.75,20.190000534057617,20.5,18.304426193237305,2488600.0
2021-06-30,20.489999771118164,21.11000061035156,20.399999618530277,20.940000534057617,18.697301864624023,4866300.0
2021-07-01,21.040000915527344,21.399999618530277,20.959999084472656,20.989999771118164,18.741945266723636,3879500.0
2021-07-02,21.06999969482422,21.170000076293945,20.61000061035156,20.90999984741211,18.67051696777344,2551700.0
2021-07-06,20.84000015258789,20.8799991607666,20.25,20.290000915527344,18.116918563842773,3811100.0
2021-07-07,20.15999984741211,20.38999938964844,19.899999618530277,19.950000762939453,17.813329696655273,6484400.0
2021-07-08,19.43000030517578,19.540000915527344,18.709999084472656,19.1200008392334,17.072229385375977,4667400.0
2021-07-09,19.5,20.06999969482422,19.489999771118164,20.020000457763672,17.87583351135254,3000100.0
2021-07-12,19.81999969482422,20.43000030517578,19.61000061035156,20.399999618530277,18.215131759643555,2458700.0
2021-07-13,20.3700008392334,20.459999084472656,20.030000686645508,20.11000061035156,17.95619773864746,2282100.0
2021-07-14,20.56999969482422,20.56999969482422,19.93000030517578,20.030000686645508,17.884763717651367,2082800.0
2021-07-15,19.8700008392334,20.38999938964844,19.780000686645508,20.25,18.08120346069336,1631100.0
2021-07-16,20.38999938964844,20.38999938964844,19.93000030517578,19.950000762939453,17.813329696655273,2212800.0
2021-07-19,19.43000030517578,19.770000457763672,19.239999771118164,19.5,17.411527633666992,3432700.0
2021-07-20,19.549999237060547,20.26000022888184,19.43000030517578,20.030000686645508,17.884763717651367,2716600.0
2021-07-21,20.190000534057617,20.530000686645508,20.11000061035156,20.40999984741211,18.224063873291016,2325900.0
2021-07-22,20.5,20.5,19.11000061035156,19.18000030517578,17.125797271728516,3215800.0
2021-07-23,19.170000076293945,19.63999938964844,18.88999938964844,19.0,16.965076446533203,2980600.0
2021-07-26,18.88999938964844,19.270000457763672,18.600000381469727,18.770000457763672,16.759706497192383,2404300.0
2021-07-27,18.440000534057617,18.81999969482422,18.149999618530277,18.780000686645508,16.768632888793945,2658900.0
2021-07-28,18.8700008392334,19.06999969482422,18.600000381469727,18.8799991607666,16.857929229736328,1720700.0
2021-07-29,19.020000457763672,19.26000022888184,18.93000030517578,18.989999771118164,16.956146240234375,2099800.0
2021-07-30,18.84000015258789,19.149999618530277,18.739999771118164,18.82999992370605,16.81328010559082,1379100.0
2021-08-02,18.959999084472656,19.229999542236328,18.81999969482422,18.93000030517578,16.902568817138672,2161600.0
2021-08-03,18.950000762939453,18.979999542236328,18.51000022888184,18.93000030517578,16.902568817138672,2223200.0
2021-08-04,18.739999771118164,19.11000061035156,18.6200008392334,18.729999542236328,16.72399139404297,1846000.0
2021-08-05,18.6200008392334,19.020000457763672,18.6200008392334,18.93000030517578,16.902568817138672,1187500.0
2021-08-06,19.01000022888184,19.200000762939453,18.93000030517578,19.100000381469727,17.054365158081055,3692500.0
2021-08-09,19.059999465942383,19.11000061035156,18.780000686645508,18.799999237060547,16.7864990234375,2144600.0
2021-08-10,18.68000030517578,18.989999771118164,18.68000030517578,18.88999938964844,16.86685562133789,1794000.0
2021-08-11,19.0,19.01000022888184,18.75,18.899999618530277,16.87578773498535,2991300.0
2021-08-12,18.989999771118164,19.059999465942383,18.6299991607666,18.809999465942383,16.79542350769043,2366300.0
2021-08-13,18.790000915527344,18.940000534057617,18.65999984741211,18.770000457763672,16.759706497192383,1957300.0
2021-08-16,18.57999992370605,18.96999931335449,18.51000022888184,18.850000381469727,16.831144332885742,3288000.0
2021-08-17,18.68000030517578,18.989999771118164,18.540000915527344,18.700000762939453,16.697208404541016,1823300.0
2021-08-18,18.6299991607666,18.86000061035156,18.489999771118164,18.51000022888184,16.52755355834961,1445200.0
2021-08-19,18.229999542236328,18.700000762939453,18.18000030517578,18.309999465942383,16.348979949951172,2211700.0
2021-08-20,18.280000686645508,18.549999237060547,18.25,18.36000061035156,16.39362144470215,1517100.0
2021-08-23,18.5,18.59000015258789,18.11000061035156,18.36000061035156,16.39362144470215,3267400.0
2021-08-24,18.38999938964844,18.63999938964844,18.280000686645508,18.309999465942383,16.348979949951172,3475500.0
2021-08-25,18.25,19.049999237060547,18.25,18.90999984741211,16.884716033935547,2792300.0
2021-08-26,18.920000076293945,19.0,18.46999931335449,18.5,16.518627166748047,1790000.0
2021-08-27,18.549999237060547,19.020000457763672,18.51000022888184,18.989999771118164,16.956146240234375,2150200.0
2021-08-30,19.0,19.020000457763672,18.450000762939453,18.46999931335449,16.49184226989746,1502600.0
2021-08-31,18.450000762939453,18.899999618530277,18.40999984741211,18.75,16.741857528686523,3691300.0
2021-09-01,18.770000457763672,18.780000686645508,18.350000381469727,18.3799991607666,16.411476135253906,2263800.0
2021-09-02,18.309999465942383,18.75,18.25,18.57999992370605,16.6171817779541,2211900.0
2021-09-03,18.530000686645508,18.59000015258789,18.010000228881836,18.280000686645508,16.348875045776367,2250800.0
2021-09-07,18.280000686645508,18.530000686645508,17.850000381469727,17.889999389648438,16.000078201293945,2215600.0
2021-09-08,17.809999465942383,18.07999992370605,17.709999084472656,17.889999389648438,16.000078201293945,2382600.0
2021-09-09,17.899999618530273,18.270000457763672,17.8700008392334,18.020000457763672,16.116344451904297,2010000.0
2021-09-10,18.13999938964844,18.229999542236328,17.829999923706055,17.920000076293945,16.026905059814453,2981000.0
2021-09-13,18.059999465942383,18.25,17.450000762939453,18.09000015258789,16.1789493560791,4027900.0
2021-09-14,18.190000534057617,18.200000762939453,17.360000610351562,17.420000076293945,15.57972812652588,2111800.0
2021-09-15,17.40999984741211,17.90999984741211,17.3799991607666,17.829999923706055,15.9464111328125,2290100.0
2021-09-16,17.889999389648438,18.1200008392334,17.8700008392334,17.8700008392334,15.98218822479248,2945600.0
2021-09-17,17.920000076293945,18.270000457763672,17.81999969482422,18.100000381469727,16.187894821166992,8826100.0
2021-09-20,17.600000381469727,17.81999969482422,17.270000457763672,17.5,15.65127658843994,2862300.0
2021-09-21,17.59000015258789,17.719999313354492,17.3700008392334,17.459999084472656,15.61550235748291,2615900.0
2021-09-22,18.26000022888184,18.26000022888184,17.290000915527344,17.309999465942383,15.481348037719728,1915900.0
2021-09-23,17.559999465942383,17.940000534057617,17.5,17.8799991607666,15.991128921508787,2255000.0
2021-09-24,17.790000915527344,18.06999969482422,17.600000381469727,17.889999389648438,16.000078201293945,1653400.0
2021-09-27,18.0,18.229999542236328,17.860000610351562,18.190000534057617,16.268383026123047,1589100.0
2021-09-28,18.209999084472656,18.270000457763672,17.770000457763672,17.829999923706055,15.9464111328125,1330700.0
2021-09-29,17.81999969482422,17.81999969482422,17.31999969482422,17.420000076293945,15.57972812652588,1667200.0
2021-09-30,17.43000030517578,17.809999465942383,17.209999084472656,17.600000381469727,15.74071216583252,3624800.0
2021-10-01,17.700000762939453,18.0,17.489999771118164,17.790000915527344,15.910639762878418,1702200.0
2021-10-04,17.75,17.989999771118164,17.520000457763672,17.559999465942383,15.704934120178224,1095000.0
2021-10-05,17.6200008392334,17.93000030517578,17.40999984741211,17.65999984741211,15.794370651245115,1625900.0
2021-10-06,17.770000457763672,17.770000457763672,17.139999389648438,17.530000686645508,15.678104400634766,1407200.0
2021-10-07,17.739999771118164,17.8799991607666,17.59000015258789,17.719999313354492,15.848036766052246,1936000.0
2021-10-08,17.690000534057617,17.8799991607666,17.420000076293945,17.530000686645508,15.678104400634766,1105400.0
2021-10-11,17.579999923706055,17.790000915527344,17.40999984741211,17.40999984741211,15.57078456878662,654800.0
2021-10-12,17.43000030517578,17.520000457763672,17.219999313354492,17.299999237060547,15.472402572631836,1164300.0
2021-10-13,17.260000228881836,17.3700008392334,16.940000534057617,17.100000381469727,15.29353141784668,1854900.0
2021-10-14,17.3700008392334,17.540000915527344,17.1200008392334,17.540000915527344,15.687055587768556,962600.0
2021-10-15,17.770000457763672,17.850000381469727,17.399999618530273,17.420000076293945,15.57972812652588,1339200.0
2021-10-18,17.43000030517578,17.770000457763672,17.399999618530273,17.649999618530273,15.78542709350586,1980400.0
2021-10-19,17.8700008392334,17.889999389648438,17.450000762939453,17.59000015258789,15.731770515441896,1508800.0
2021-10-20,17.610000610351562,17.959999084472656,17.459999084472656,17.860000610351562,15.973241806030272,2179700.0
2021-10-21,18.71999931335449,19.21999931335449,18.25,18.3700008392334,16.429367065429688,3055500.0
2021-10-22,18.450000762939453,18.84000015258789,18.270000457763672,18.5,16.545629501342773,2504500.0
2021-10-25,18.76000022888184,18.86000061035156,18.57999992370605,18.739999771118164,16.76028060913086,1621500.0
2021-10-26,18.86000061035156,18.899999618530277,18.51000022888184,18.51000022888184,16.55457305908203,1803700.0
2021-10-27,18.440000534057617,18.520000457763672,17.530000686645508,17.579999923706055,15.722825050354004,2877800.0
2021-10-28,17.6200008392334,18.15999984741211,17.600000381469727,18.13999938964844,16.223665237426758,2051700.0
2021-10-29,18.09000015258789,18.38999938964844,18.030000686645508,18.350000381469727,16.41147804260254,2042800.0
2021-11-01,18.479999542236328,19.020000457763672,18.43000030517578,18.780000686645508,16.796052932739258,2600100.0
2021-11-02,18.729999542236328,18.86000061035156,18.170000076293945,18.239999771118164,16.313100814819336,2856900.0
2021-11-03,18.18000030517578,18.729999542236328,18.100000381469727,18.489999771118164,16.536691665649414,1840700.0
2021-11-04,18.5,18.75,18.15999984741211,18.420000076293945,16.474084854125977,1524300.0
2021-11-05,18.559999465942383,18.899999618530277,18.43000030517578,18.440000534057617,16.491971969604492,1739800.0
2021-11-08,18.459999084472656,18.75,18.36000061035156,18.38999938964844,16.447250366210938,1087900.0
2021-11-09,18.25,18.57999992370605,18.21999931335449,18.51000022888184,16.55457305908203,1799600.0
2021-11-10,18.399999618530277,18.84000015258789,18.399999618530277,18.799999237060547,16.81393814086914,2380400.0
2021-11-11,18.86000061035156,19.020000457763672,18.5,18.5,16.545629501342773,1366000.0
2021-11-12,18.459999084472656,18.790000915527344,18.3799991607666,18.729999542236328,16.751338958740234,1500800.0
2021-11-15,18.88999938964844,18.959999084472656,18.59000015258789,18.65999984741211,16.688730239868164,1264700.0
2021-11-16,18.56999969482422,18.71999931335449,18.3799991607666,18.520000457763672,16.563522338867188,1964100.0
2021-11-17,18.440000534057617,18.559999465942383,18.229999542236328,18.3700008392334,16.429367065429688,2249700.0
2021-11-18,18.43000030517578,18.6200008392334,18.3700008392334,18.43000030517578,16.4830265045166,1589200.0
2021-11-19,18.280000686645508,18.700000762939453,18.1200008392334,18.40999984741211,16.465139389038086,1927200.0
2021-11-22,18.559999465942383,19.030000686645508,18.520000457763672,18.540000915527344,16.581409454345703,1773900.0
2021-11-23,18.729999542236328,18.88999938964844,18.479999542236328,18.649999618530277,16.67978858947754,2395100.0
2021-11-24,18.540000915527344,18.739999771118164,18.5,18.5,16.545629501342773,1168900.0
2021-11-26,18.030000686645508,18.15999984741211,17.770000457763672,17.860000610351562,15.973241806030272,1645900.0
2021-11-29,18.09000015258789,18.270000457763672,17.600000381469727,17.899999618530273,16.00901985168457,1971900.0
2021-11-30,17.649999618530273,18.09000015258789,17.3799991607666,17.780000686645508,15.90169906616211,5195700.0
2021-12-01,18.1299991607666,18.65999984741211,17.920000076293945,17.940000534057617,16.044795989990234,3002200.0
2021-12-02,18.09000015258789,18.670000076293945,18.049999237060547,18.450000762939453,16.60271644592285,2758400.0
2021-12-03,18.239999771118164,18.600000381469727,17.8799991607666,18.06999969482422,16.260765075683594,2645500.0
2021-12-06,18.229999542236328,19.030000686645508,18.15999984741211,18.3799991607666,16.539722442626953,2771000.0
2021-12-07,18.600000381469727,19.0,18.40999984741211,18.739999771118164,16.863679885864258,3143200.0
2021-12-08,18.82999992370605,19.0,18.6200008392334,18.780000686645508,16.899675369262695,1950700.0
2021-12-09,18.649999618530277,18.850000381469727,18.57999992370605,18.790000915527344,16.90867042541504,1597800.0
2021-12-10,18.899999618530277,19.06999969482422,18.709999084472656,18.850000381469727,16.962669372558594,1470600.0
2021-12-13,18.770000457763672,18.84000015258789,18.309999465942383,18.31999969482422,16.485733032226562,1464100.0
2021-12-14,18.239999771118164,18.6200008392334,18.1299991607666,18.25,16.422744750976562,2557900.0
2021-12-15,18.280000686645508,18.809999465942383,17.950000762939453,18.770000457763672,16.890676498413086,3588700.0
2021-12-16,18.940000534057617,19.020000457763672,18.540000915527344,18.63999938964844,16.773693084716797,3722800.0
2021-12-17,18.59000015258789,18.729999542236328,18.1200008392334,18.299999237060547,16.46773338317871,5596800.0
2021-12-20,18.010000228881836,18.030000686645508,17.360000610351562,17.639999389648438,15.87381649017334,2472000.0
2021-12-21,17.68000030517578,18.43000030517578,17.309999465942383,18.420000076293945,16.57571792602539,1876700.0
2021-12-22,18.40999984741211,18.989999771118164,18.40999984741211,18.86000061035156,16.971660614013672,1774800.0
2021-12-23,18.88999938964844,19.280000686645508,18.82999992370605,19.11000061035156,17.196636199951172,1192000.0
2021-12-27,19.1299991607666,19.350000381469727,19.030000686645508,19.270000457763672,17.34061050415039,1177900.0
2021-12-28,19.270000457763672,19.56999969482422,19.270000457763672,19.450000762939453,17.502593994140625,1435100.0
2021-12-29,19.5,19.6299991607666,19.13999938964844,19.5,17.547588348388672,1063400.0
2021-12-30,19.489999771118164,19.700000762939453,19.450000762939453,19.46999931335449,17.52058982849121,1270900.0
2021-12-31,19.350000381469727,19.850000381469727,19.32999992370605,19.670000076293945,17.700563430786133,2170500.0
2022-01-03,19.71999931335449,19.93000030517578,19.479999542236328,19.65999984741211,17.69156265258789,1316400.0
2022-01-04,19.81999969482422,20.239999771118164,19.700000762939453,20.13999938964844,18.123510360717773,1590200.0
2022-01-05,20.209999084472656,20.299999237060547,19.799999237060547,19.799999237060547,17.817546844482422,1252200.0
2022-01-06,19.93000030517578,20.239999771118164,19.82999992370605,20.190000534057617,18.168500900268555,1625700.0
2022-01-07,20.020000457763672,20.489999771118164,20.020000457763672,20.34000015258789,18.3034782409668,1451900.0
2022-01-10,20.5,20.51000022888184,20.18000030517578,20.40999984741211,18.36647224426269,1572100.0
2022-01-11,20.489999771118164,20.600000381469727,20.280000686645508,20.3700008392334,18.33047866821289,2250400.0
2022-01-12,20.450000762939453,20.690000534057617,20.299999237060547,20.3799991607666,18.3394775390625,1509300.0
2022-01-13,20.5,20.8799991607666,20.46999931335449,20.739999771118164,18.66343688964844,1292300.0
2022-01-14,20.479999542236328,20.799999237060547,20.31999969482422,20.780000686645508,18.69942855834961,905700.0
2022-01-18,20.68000030517578,20.68000030517578,20.200000762939453,20.25,18.222492218017575,1083700.0
2022-01-19,20.450000762939453,20.450000762939453,18.88999938964844,18.920000076293945,17.025657653808594,2982500.0
2022-01-20,18.950000762939453,19.030000686645508,18.170000076293945,18.200000762939453,16.377748489379883,2988200.0
2022-01-21,17.969999313354492,18.06999969482422,17.170000076293945,17.209999084472656,15.486868858337402,3730900.0
2022-01-24,17.40999984741211,17.40999984741211,16.360000610351562,17.34000015258789,15.603856086730955,3754800.0
2022-01-25,17.020000457763672,17.360000610351562,16.68000030517578,17.170000076293945,15.45087718963623,2824400.0
2022-01-26,17.25,17.450000762939453,16.920000076293945,17.1200008392334,15.405879974365234,3389000.0
2022-01-27,17.25,17.799999237060547,16.809999465942383,17.520000457763672,15.765832901000977,3445600.0
2022-01-28,17.469999313354492,18.020000457763672,17.290000915527344,18.0,16.197771072387695,3193000.0
2022-01-31,18.0,18.530000686645508,17.93000030517578,18.34000015258789,16.50373077392578,7082600.0
2022-02-01,18.61000061035156,19.309999465942383,18.200000762939453,19.270000457763672,17.34061050415039,4517500.0
2022-02-02,19.280000686645508,19.57999992370605,18.950000762939453,19.25,17.322614669799805,3164800.0
2022-02-03,19.07999992370605,19.600000381469727,18.940000534057617,19.549999237060547,17.592578887939453,4729700.0
2022-02-04,19.670000076293945,20.149999618530277,19.600000381469727,19.940000534057617,17.943532943725586,5589700.0
2022-02-07,19.989999771118164,20.07999992370605,19.399999618530277,19.57999992370605,17.61957550048828,2251300.0
2022-02-08,19.559999465942383,19.770000457763672,19.479999542236328,19.59000015258789,17.62857437133789,2116200.0
2022-02-09,19.81999969482422,19.950000762939453,19.43000030517578,19.520000457763672,17.565584182739258,2029300.0
2022-02-10,19.450000762939453,20.290000915527344,19.40999984741211,19.8799991607666,17.889537811279297,3954700.0
2022-02-11,19.850000381469727,20.270000457763672,19.690000534057617,19.799999237060547,17.817546844482422,2348700.0
2022-02-14,19.799999237060547,20.13999938964844,19.559999465942383,19.690000534057617,17.718564987182617,2748800.0
2022-02-15,19.899999618530277,20.38999938964844,19.75,20.3799991607666,18.3394775390625,2735000.0
2022-02-16,20.3799991607666,20.75,20.350000381469727,20.700000762939453,18.62744140625,2100600.0
2022-02-17,20.57999992370605,20.709999084472656,20.059999465942383,20.11000061035156,18.096515655517575,2472500.0
2022-02-18,20.06999969482422,20.40999984741211,19.959999084472656,20.040000915527344,18.033519744873047,1904700.0
2022-02-22,19.979999542236328,20.030000686645508,19.489999771118164,19.57999992370605,17.61957550048828,1865000.0
2022-02-23,19.850000381469727,19.8700008392334,18.989999771118164,19.020000457763672,17.11564826965332,2069900.0
2022-02-24,18.25,19.209999084472656,18.25,19.1200008392334,17.20563507080078,2855700.0
2022-02-25,19.170000076293945,20.049999237060547,19.01000022888184,19.989999771118164,17.988527297973633,1945400.0
2022-02-28,19.229999542236328,19.920000076293945,19.229999542236328,19.700000762939453,17.727561950683594,4751400.0
2022-03-01,19.559999465942383,19.68000030517578,18.690000534057617,18.989999771118164,17.08864974975586,3778800.0
2022-03-02,19.209999084472656,19.71999931335449,19.13999938964844,19.399999618530277,17.457599639892578,2763900.0
2022-03-03,19.290000915527344,19.40999984741211,18.450000762939453,18.549999237060547,16.78788948059082,2362300.0
2022-03-04,18.25,18.25,17.350000381469727,17.5,15.837635040283203,2774300.0
2022-03-07,17.40999984741211,17.639999389648438,16.989999771118164,17.15999984741211,15.52993392944336,4599300.0
2022-03-08,17.260000228881836,17.549999237060547,16.799999237060547,16.889999389648438,15.2855806350708,4142000.0
2022-03-09,17.450000762939453,17.90999984741211,17.399999618530273,17.68000030517578,16.00053596496582,2808500.0
2022-03-10,17.389999389648438,17.899999618530273,17.200000762939453,17.399999618530273,15.747135162353516,2819800.0
2022-03-11,17.6200008392334,17.649999618530273,17.15999984741211,17.18000030517578,15.548032760620115,2289400.0
2022-03-14,17.489999771118164,17.719999313354492,17.200000762939453,17.399999618530273,15.747135162353516,2849200.0
2022-03-15,17.479999542236328,17.670000076293945,17.31999969482422,17.540000915527344,15.873838424682615,2259700.0
2022-03-16,17.84000015258789,18.299999237060547,17.829999923706055,18.270000457763672,16.53449249267578,2590400.0
2022-03-17,18.1200008392334,18.350000381469727,17.90999984741211,18.299999237060547,16.561641693115234,2430200.0
2022-03-18,18.030000686645508,18.76000022888184,17.790000915527344,18.6299991607666,16.86029052734375,7298400.0
2022-03-21,18.790000915527344,18.790000915527344,18.21999931335449,18.26000022888184,16.52544403076172,3084000.0
2022-03-22,18.40999984741211,18.649999618530277,18.239999771118164,18.38999938964844,16.643089294433594,2184200.0
2022-03-23,18.21999931335449,18.3799991607666,17.8700008392334,17.8700008392334,16.172487258911133,1738900.0
2022-03-24,17.979999542236328,18.200000762939453,17.850000381469727,18.170000076293945,16.44399070739746,1386500.0
2022-03-25,18.170000076293945,18.479999542236328,18.13999938964844,18.25,16.516393661499023,1351600.0
2022-03-28,18.200000762939453,18.200000762939453,17.770000457763672,18.1200008392334,16.398740768432617,1417300.0
2022-03-29,18.450000762939453,18.75,18.399999618530277,18.649999618530277,16.87839698791504,1898800.0
2022-03-30,18.51000022888184,18.68000030517578,17.93000030517578,18.040000915527344,16.326339721679688,2501600.0
2022-03-31,18.049999237060547,18.40999984741211,18.049999237060547,18.36000061035156,16.61594581604004,5278400.0
2022-04-01,18.450000762939453,18.709999084472656,18.13999938964844,18.25,16.516393661499023,3294300.0
2022-04-04,18.170000076293945,18.309999465942383,17.81999969482422,17.90999984741211,16.208688735961914,2444300.0
2022-04-05,17.969999313354492,18.46999931335449,17.950000762939453,18.1299991607666,16.407791137695312,2200000.0
2022-04-06,17.850000381469727,18.100000381469727,17.229999542236328,17.399999618530273,15.747135162353516,3499400.0
2022-04-07,17.43000030517578,17.59000015258789,16.850000381469727,17.09000015258789,15.466582298278809,2476300.0
2022-04-08,17.110000610351562,17.540000915527344,16.950000762939453,17.31999969482422,15.674734115600586,1740100.0
2022-04-11,17.139999389648438,17.40999984741211,16.6299991607666,16.65999984741211,15.077430725097656,1722700.0
2022-04-12,16.68000030517578,17.06999969482422,16.6299991607666,16.719999313354492,15.131728172302246,4687800.0
2022-04-13,16.639999389648438,16.969999313354492,16.600000381469727,16.950000762939453,15.33988094329834,1310000.0
2022-04-14,16.979999542236328,17.06999969482422,16.75,16.809999465942383,15.213178634643556,1342800.0
2022-04-18,16.280000686645508,16.899999618530273,16.280000686645508,16.75,15.158879280090332,1749300.0
2022-04-19,16.770000457763672,17.360000610351562,16.770000457763672,17.299999237060547,15.656633377075195,2067800.0
2022-04-20,17.510000228881836,17.690000534057617,17.329999923706055,17.469999313354492,15.810486793518066,1033100.0
2022-04-21,17.68000030517578,17.780000686645508,17.139999389648438,17.200000762939453,15.566134452819824,1291000.0
2022-04-22,17.15999984741211,17.190000534057617,16.719999313354492,16.729999542236328,15.140775680541992,1064700.0
2022-04-25,16.6200008392334,17.1299991607666,16.329999923706055,17.110000610351562,15.484682083129885,1578700.0
2022-04-26,16.8799991607666,17.1200008392334,16.610000610351562,16.65999984741211,15.077430725097656,1808500.0
2022-04-27,16.6299991607666,16.729999542236328,16.34000015258789,16.34000015258789,14.78782558441162,2510500.0
2022-04-28,16.329999923706055,17.190000534057617,16.06999969482422,16.899999618530273,15.294629096984863,2806200.0
2022-04-29,16.81999969482422,17.329999923706055,16.649999618530273,16.729999542236328,15.140775680541992,4965900.0
2022-05-02,16.649999618530273,17.360000610351562,16.59000015258789,16.93000030517578,15.321782112121582,4419900.0
2022-05-03,16.940000534057617,17.329999923706055,16.90999984741211,17.270000457763672,15.629484176635742,3895400.0
2022-05-04,17.25,18.18000030517578,17.1200008392334,18.149999618530277,16.42588996887207,3102200.0
2022-05-05,17.850000381469727,18.229999542236328,17.260000228881836,17.309999465942383,15.665681838989258,3014900.0
2022-05-06,17.229999542236328,17.299999237060547,16.899999618530273,17.0,15.385129928588867,2795900.0
2022-05-09,16.75,17.040000915527344,16.459999084472656,16.530000686645508,14.95977783203125,3444100.0
2022-05-10,16.610000610351562,16.8700008392334,15.869999885559082,15.970000267028809,14.452972412109377,3450000.0
2022-05-11,16.020000457763672,16.540000915527344,15.770000457763672,15.8100004196167,14.308171272277832,3497300.0
2022-05-12,15.75,15.970000267028809,15.34000015258789,15.960000038146973,14.443923950195312,6353900.0
2022-05-13,16.219999313354492,16.700000762939453,16.200000762939453,16.6200008392334,15.041231155395508,3550300.0
2022-05-16,16.56999969482422,17.079999923706055,16.329999923706055,16.969999313354492,15.35798168182373,2426900.0
2022-05-17,17.3700008392334,17.860000610351562,17.299999237060547,17.719999313354492,16.036739349365234,2868900.0
2022-05-18,17.450000762939453,17.799999237060547,16.90999984741211,16.979999542236328,15.36702823638916,4159500.0
2022-05-19,16.760000228881836,17.489999771118164,16.600000381469727,17.219999313354492,15.584230422973633,3192500.0
2022-05-20,17.329999923706055,17.600000381469727,17.170000076293945,17.549999237060547,15.882885932922363,2913300.0
2022-05-23,17.760000228881836,18.31999969482422,17.700000762939453,18.06999969482422,16.353487014770508,2769900.0
2022-05-24,17.889999389648438,18.239999771118164,17.639999389648438,18.049999237060547,16.33538818359375,2487300.0
2022-05-25,18.020000457763672,18.690000534057617,18.010000228881836,18.3799991607666,16.6340389251709,2868200.0
2022-05-26,18.5,19.26000022888184,18.40999984741211,19.049999237060547,17.240394592285156,2568700.0
2022-05-27,18.979999542236328,19.559999465942383,18.979999542236328,19.489999771118164,17.638599395751953,2544400.0
2022-05-31,19.239999771118164,19.739999771118164,19.21999931335449,19.59000015258789,17.729103088378906,3504900.0
2022-06-01,19.559999465942383,19.71999931335449,18.90999984741211,19.040000915527344,17.231346130371094,3333300.0
2022-06-02,19.0,19.56999969482422,18.790000915527344,19.559999465942383,17.804811477661133,2549200.0
2022-06-03,19.489999771118164,19.489999771118164,19.270000457763672,19.350000381469727,17.61365509033203,2599700.0
2022-06-06,19.57999992370605,19.8799991607666,19.350000381469727,19.530000686645508,17.77750587463379,3066800.0
2022-06-07,19.309999465942383,20.170000076293945,19.190000534057617,20.13999938964844,18.3327693939209,3715100.0
2022-06-08,19.959999084472656,20.01000022888184,19.56999969482422,19.649999618530277,17.886737823486328,1975800.0
2022-06-09,19.6200008392334,19.709999084472656,19.280000686645508,19.290000915527344,17.559043884277344,2148100.0
2022-06-10,18.8799991607666,19.15999984741211,18.25,18.25,16.61236572265625,2485200.0
2022-06-13,17.729999542236328,17.780000686645508,16.899999618530273,17.0,15.474529266357422,1999400.0
2022-06-14,17.100000381469727,17.15999984741211,16.770000457763672,16.989999771118164,15.46542739868164,2661900.0
2022-06-15,17.280000686645508,17.3799991607666,16.68000030517578,17.149999618530273,15.611074447631836,2357400.0
2022-06-16,16.6200008392334,16.6200008392334,14.600000381469728,14.960000038146973,13.617588996887209,4868400.0
2022-06-17,15.029999732971191,15.6899995803833,14.75,15.600000381469728,14.200159072875977,4975200.0
2022-06-21,16.020000457763672,16.040000915527344,15.449999809265137,15.68000030517578,14.272979736328123,2052100.0
2022-06-22,15.34000015258789,15.600000381469728,15.119999885559082,15.529999732971191,14.13644027709961,2166700.0
2022-06-23,15.609999656677246,15.720000267028809,15.43000030517578,15.670000076293944,14.263876914978027,2090300.0
2022-06-24,15.90999984741211,16.299999237060547,15.81999969482422,16.260000228881836,14.800936698913574,2646400.0
2022-06-27,16.280000686645508,16.469999313354492,16.149999618530273,16.280000686645508,14.819141387939451,1254400.0
2022-06-28,16.530000686645508,16.799999237060547,16.0,16.100000381469727,14.655290603637695,1556500.0
2022-06-29,15.989999771118164,16.170000076293945,15.710000038146973,16.030000686645508,14.591574668884276,1434800.0
2022-06-30,15.619999885559082,16.059999465942383,15.43000030517578,15.9399995803833,14.509649276733398,2663400.0
2022-07-01,15.93000030517578,16.670000076293945,15.739999771118164,16.540000915527344,15.055811882019045,1574900.0
2022-07-05,16.100000381469727,16.3700008392334,15.890000343322754,16.200000762939453,14.746320724487305,2539900.0
2022-07-06,16.139999389648438,16.309999465942383,15.56999969482422,16.030000686645508,14.591574668884276,3953700.0
2022-07-07,16.149999618530273,16.450000762939453,16.1299991607666,16.420000076293945,14.946577072143556,1570500.0
2022-07-08,16.489999771118164,16.489999771118164,16.040000915527344,16.270000457763672,14.810039520263672,1324600.0
2022-07-11,16.030000686645508,16.389999389648438,15.890000343322754,15.989999771118164,14.55516242980957,1631100.0
2022-07-12,15.90999984741211,16.139999389648438,15.5600004196167,15.649999618530272,14.24567413330078,3113300.0
2022-07-13,15.369999885559082,15.81999969482422,15.34000015258789,15.729999542236328,14.318492889404297,2227800.0
2022-07-14,15.449999809265137,15.579999923706056,15.3100004196167,15.470000267028809,14.081823348999023,1867800.0
2022-07-15,15.779999732971191,15.829999923706056,15.470000267028809,15.75,14.336699485778809,2657500.0
2022-07-18,15.90999984741211,16.1299991607666,15.789999961853027,15.859999656677246,14.436826705932615,2659100.0
2022-07-19,16.040000915527344,16.760000228881836,15.9399995803833,16.670000076293945,15.174144744873049,3074200.0
2022-07-20,16.540000915527344,16.729999542236328,16.290000915527344,16.65999984741211,15.165043830871582,2265500.0
2022-07-21,16.6299991607666,16.959999084472656,16.530000686645508,16.90999984741211,15.392606735229492,2249600.0
2022-07-22,16.989999771118164,17.18000030517578,16.540000915527344,16.809999465942383,15.301581382751465,3024100.0
2022-07-25,16.899999618530273,16.93000030517578,16.600000381469727,16.65999984741211,15.165043830871582,2295200.0
2022-07-26,16.459999084472656,16.68000030517578,16.329999923706055,16.350000381469727,14.88286018371582,2450000.0
2022-07-27,16.450000762939453,17.31999969482422,16.360000610351562,17.25,15.702096939086914,2795600.0
2022-07-28,16.5,16.850000381469727,14.75,15.510000228881836,14.11823558807373,6021900.0
2022-07-29,15.510000228881836,15.65999984741211,14.920000076293944,15.600000381469728,14.200159072875977,3835800.0
2022-08-01,15.40999984741211,16.06999969482422,15.31999969482422,15.850000381469728,14.427722930908203,3005600.0
2022-08-02,15.81999969482422,15.850000381469728,15.34000015258789,15.369999885559082,13.99079704284668,1848400.0
2022-08-03,15.470000267028809,15.630000114440918,15.260000228881836,15.529999732971191,14.13644027709961,1802700.0
2022-08-04,15.550000190734863,15.609999656677246,15.329999923706056,15.369999885559082,13.99079704284668,1589200.0
2022-08-05,15.18000030517578,15.399999618530272,15.039999961853027,15.329999923706056,13.954387664794922,1893500.0
2022-08-08,15.43000030517578,15.84000015258789,15.399999618530272,15.550000190734863,14.154647827148438,1842000.0
2022-08-09,15.479999542236328,15.479999542236328,15.010000228881836,15.029999732971191,13.68130588531494,2503600.0
2022-08-10,15.369999885559082,15.989999771118164,15.260000228881836,15.800000190734863,14.382213592529297,2994100.0
2022-08-11,15.949999809265137,16.209999084472656,15.8100004196167,15.949999809265137,14.518752098083496,1869300.0
2022-08-12,16.139999389648438,16.18000030517578,15.90999984741211,16.170000076293945,14.719009399414062,962000.0
2022-08-15,15.869999885559082,15.979999542236328,15.670000076293944,15.899999618530272,14.47323989868164,2044600.0
2022-08-16,15.920000076293944,16.260000228881836,15.890000343322754,16.1299991607666,14.682600021362305,1948200.0
2022-08-17,15.890000343322754,16.030000686645508,15.760000228881836,15.9399995803833,14.509649276733398,1171000.0
2022-08-18,15.90999984741211,16.059999465942383,15.81999969482422,15.949999809265137,14.518752098083496,1408700.0
2022-08-19,15.739999771118164,15.850000381469728,15.489999771118164,15.5600004196167,14.16374969482422,1421300.0
2022-08-22,15.270000457763672,15.270000457763672,14.9399995803833,14.960000038146973,13.617588996887209,2411500.0
2022-08-23,15.029999732971191,15.279999732971191,14.960000038146973,14.970000267028809,13.626690864562988,1356000.0
2022-08-24,14.869999885559082,15.06999969482422,14.789999961853027,14.869999885559082,13.53566551208496,1506300.0
2022-08-25,14.90999984741211,15.3100004196167,14.789999961853027,15.289999961853027,13.917976379394531,1346200.0
2022-08-26,15.350000381469728,15.380000114440918,14.829999923706056,14.84000015258789,13.508357048034668,1543500.0
2022-08-29,14.68000030517578,14.93000030517578,14.609999656677246,14.859999656677246,13.52656078338623,2063400.0
2022-08-30,14.960000038146973,15.050000190734863,14.81999969482422,14.960000038146973,13.617588996887209,2439900.0
2022-08-31,15.020000457763672,15.5,15.0,15.279999732971191,13.908872604370115,2919400.0
2022-09-01,15.050000190734863,15.09000015258789,14.350000381469728,14.779999732971191,13.55129623413086,3300800.0
2022-09-02,14.880000114440918,15.09000015258789,14.619999885559082,14.68000030517578,13.45960807800293,2608300.0
2022-09-06,14.630000114440918,14.75,14.359999656677246,14.56999969482422,13.358752250671388,2504500.0
2022-09-07,14.65999984741211,15.170000076293944,14.609999656677246,15.140000343322754,13.881366729736328,2678800.0
2022-09-08,14.920000076293944,15.479999542236328,14.800000190734863,15.470000267028809,14.183932304382324,1951800.0
2022-09-09,15.670000076293944,15.829999923706056,15.600000381469728,15.800000190734863,14.48649787902832,1607400.0
2022-09-12,15.960000038146973,16.270000457763672,15.8100004196167,15.829999923706056,14.51400661468506,2000400.0
2022-09-13,15.399999618530272,15.510000228881836,14.970000267028809,15.050000190734863,13.798850059509276,2077300.0
2022-09-14,15.149999618530272,15.380000114440918,14.720000267028809,15.079999923706056,13.826355934143066,2251100.0
2022-09-15,15.039999961853027,15.59000015258789,14.979999542236328,15.489999771118164,14.202272415161133,2540400.0
2022-09-16,15.359999656677246,15.720000267028809,15.020000457763672,15.289999961853027,14.01889991760254,7057800.0
2022-09-19,15.0600004196167,15.449999809265137,15.0600004196167,15.4399995803833,14.156424522399902,1371200.0
2022-09-20,15.279999732971191,15.390000343322754,15.140000343322754,15.270000457763672,14.000560760498049,2169700.0
2022-09-21,15.350000381469728,15.579999923706056,15.09000015258789,15.100000381469728,13.844693183898926,1815400.0
2022-09-22,15.050000190734863,15.15999984741211,14.699999809265137,14.710000038146973,13.487114906311035,1658800.0
2022-09-23,14.529999732971191,14.59000015258789,13.9399995803833,14.199999809265137,13.019512176513672,1427800.0
2022-09-26,14.050000190734863,14.399999618530272,13.899999618530272,13.90999984741211,12.753620147705078,1812000.0
2022-09-27,14.100000381469728,14.25,13.720000267028809,13.890000343322754,12.735283851623535,2118900.0
2022-09-28,13.979999542236328,14.380000114440918,13.8100004196167,14.239999771118164,13.056187629699709,1743100.0
2022-09-29,14.039999961853027,14.210000038146973,13.8100004196167,14.100000381469728,12.927827835083008,3450000.0
2022-09-30,14.079999923706056,14.329999923706056,13.949999809265137,13.989999771118164,12.826967239379885,2967000.0
2022-10-03,14.25,14.699999809265137,14.06999969482422,14.640000343322754,13.422935485839844,2194000.0
2022-10-04,14.899999618530272,15.630000114440918,14.899999618530272,15.609999656677246,14.312294006347656,2218100.0
2022-10-05,15.3100004196167,15.529999732971191,14.859999656677246,15.479999542236328,14.193100929260254,2066700.0
2022-10-06,15.289999961853027,15.93000030517578,15.270000457763672,15.880000114440918,14.559847831726074,2727000.0
2022-10-07,15.529999732971191,15.739999771118164,15.199999809265137,15.489999771118164,14.202272415161133,2547500.0
2022-10-10,15.539999961853027,15.710000038146973,15.399999618530272,15.420000076293944,14.138089179992676,1447200.0
2022-10-11,15.3100004196167,15.800000190734863,15.3100004196167,15.489999771118164,14.202272415161133,1868600.0
2022-10-12,15.43000030517578,15.68000030517578,15.279999732971191,15.489999771118164,14.202272415161133,1752600.0
2022-10-13,14.979999542236328,15.75,14.979999542236328,15.68000030517578,14.37647533416748,3473200.0
2022-10-14,15.760000228881836,16.030000686645508,15.09000015258789,15.119999885559082,13.863028526306152,2266700.0
2022-10-17,15.329999923706056,15.630000114440918,15.25,15.56999969482422,14.27562141418457,2177200.0
2022-10-18,15.960000038146973,16.260000228881836,15.640000343322754,15.720000267028809,14.413150787353516,1725200.0
2022-10-19,15.510000228881836,15.729999542236328,15.279999732971191,15.34000015258789,14.064741134643556,1394200.0
2022-10-20,15.329999923706056,15.81999969482422,15.15999984741211,15.210000038146973,13.945549011230469,1845200.0
2022-10-21,15.210000038146973,15.460000038146973,14.90999984741211,15.43000030517578,14.147259712219238,2176000.0
2022-10-24,15.600000381469728,15.68000030517578,15.420000076293944,15.59000015258789,14.29395866394043,1258400.0
2022-10-25,15.579999923706056,16.530000686645508,15.479999542236328,16.399999618530273,15.03662109375,3285000.0
2022-10-26,16.290000915527344,16.56999969482422,15.90999984741211,15.960000038146973,14.633196830749512,2109400.0
2022-10-27,15.880000114440918,16.489999771118164,15.539999961853027,16.110000610351562,14.770729064941406,3284400.0
2022-10-28,16.25,16.8700008392334,16.149999618530273,16.780000686645508,15.38503074645996,2111600.0
2022-10-31,16.700000762939453,16.790000915527344,16.469999313354492,16.59000015258789,15.210824012756348,2255600.0
2022-11-01,16.770000457763672,16.90999984741211,16.579999923706055,16.809999465942383,15.412531852722168,1370000.0
2022-11-02,16.75,16.8700008392334,16.229999542236328,16.239999771118164,14.889922142028809,1582300.0
2022-11-03,16.010000228881836,16.219999313354492,15.8100004196167,16.06999969482422,14.734054565429688,1195900.0
2022-11-04,16.209999084472656,16.510000228881836,16.020000457763672,16.350000381469727,14.990777015686035,1595400.0
2022-11-07,16.360000610351562,16.690000534057617,16.229999542236328,16.670000076293945,15.284174919128418,1407400.0
2022-11-08,16.700000762939453,16.899999618530273,16.610000610351562,16.799999237060547,15.403363227844238,774500.0
2022-11-09,16.549999237060547,16.860000610351562,16.420000076293945,16.459999084472656,15.091629028320312,849600.0
2022-11-10,17.09000015258789,17.59000015258789,17.09000015258789,17.489999771118164,16.0360050201416,1410300.0
2022-11-11,17.280000686645508,17.93000030517578,17.280000686645508,17.690000534057617,16.219379425048828,1515400.0
2022-11-14,17.520000457763672,17.690000534057617,17.139999389648438,17.139999389648438,15.71510410308838,1010200.0
2022-11-15,17.420000076293945,17.700000762939453,17.280000686645508,17.299999237060547,15.861797332763672,1348800.0
2022-11-16,17.200000762939453,17.34000015258789,16.84000015258789,17.06999969482422,15.650919914245604,1070500.0
2022-11-17,16.739999771118164,16.940000534057617,16.639999389648438,16.790000915527344,15.394201278686523,1291200.0
2022-11-18,17.040000915527344,17.079999923706055,16.34000015258789,16.489999771118164,15.119136810302734,2296100.0
2022-11-21,16.450000762939453,16.690000534057617,16.329999923706055,16.65999984741211,15.275005340576172,2898200.0
2022-11-22,16.829999923706055,16.979999542236328,16.700000762939453,16.959999084472656,15.55006504058838,1129700.0
2022-11-23,16.940000534057617,17.329999923706055,16.889999389648438,17.15999984741211,15.733437538146973,911700.0
2022-11-25,17.110000610351562,17.309999465942383,16.809999465942383,17.09000015258789,15.669259071350098,490000.0
2022-11-28,16.799999237060547,17.030000686645508,16.690000534057617,16.760000228881836,15.366692543029783,1120100.0
2022-11-29,16.760000228881836,17.110000610351562,16.709999084472656,17.100000381469727,15.678425788879396,915400.0
2022-11-30,17.1200008392334,17.540000915527344,16.8799991607666,17.459999084472656,16.00849723815918,2842000.0
2022-12-01,17.459999084472656,17.59000015258789,17.149999618530273,17.309999465942383,15.971585273742676,1311500.0
2022-12-02,17.06999969482422,17.389999389648438,17.030000686645508,17.200000762939453,15.87010097503662,1159800.0
2022-12-05,16.979999542236328,17.059999465942383,16.59000015258789,16.729999542236328,15.436436653137209,1442200.0
2022-12-06,16.75,17.010000228881836,16.520000457763672,16.799999237060547,15.501022338867188,2138400.0
2022-12-07,16.709999084472656,16.90999984741211,16.610000610351562,16.690000534057617,15.399534225463867,1127400.0
2022-12-08,16.790000915527344,16.920000076293945,16.610000610351562,16.649999618530273,15.36262321472168,966600.0
2022-12-09,16.549999237060547,16.780000686645508,16.450000762939453,16.579999923706055,15.298035621643066,781400.0
2022-12-12,16.579999923706055,16.959999084472656,16.530000686645508,16.850000381469727,15.547161102294922,881000.0
2022-12-13,17.440000534057617,17.59000015258789,16.670000076293945,16.84000015258789,15.53792953491211,1628900.0
2022-12-14,16.700000762939453,17.0,16.65999984741211,16.700000762939453,15.4087553024292,1207000.0
2022-12-15,16.43000030517578,16.8799991607666,16.139999389648438,16.450000762939453,15.178086280822754,1972200.0
2022-12-16,16.329999923706055,16.450000762939453,16.020000457763672,16.040000915527344,14.79978847503662,4587800.0
2022-12-19,16.200000762939453,16.420000076293945,16.049999237060547,16.079999923706055,14.836695671081545,1817600.0
2022-12-20,16.020000457763672,16.399999618530273,15.93000030517578,16.329999923706055,15.067364692687988,1315700.0
2022-12-21,16.530000686645508,16.729999542236328,16.510000228881836,16.6299991607666,15.34416961669922,1393400.0
2022-12-22,16.489999771118164,16.489999771118164,16.100000381469727,16.40999984741211,15.141178131103516,1125000.0
2022-12-23,16.31999969482422,16.559999465942383,16.270000457763672,16.530000686645508,15.25190258026123,647200.0
2022-12-27,16.610000610351562,16.700000762939453,16.40999984741211,16.540000915527344,15.261127471923828,968700.0
2022-12-28,16.530000686645508,16.65999984741211,16.260000228881836,16.260000228881836,15.00277614593506,924700.0
2022-12-29,16.40999984741211,16.770000457763672,16.34000015258789,16.670000076293945,15.381078720092772,861800.0
2022-12-30,16.510000228881836,16.760000228881836,16.290000915527344,16.600000381469727,15.316489219665527,2353200.0
2023-01-03,16.719999313354492,16.920000076293945,16.389999389648438,16.530000686645508,15.25190258026123,1571100.0
2023-01-04,16.700000762939453,16.899999618530273,16.520000457763672,16.610000610351562,15.32571506500244,1293300.0
2023-01-05,16.469999313354492,16.59000015258789,16.110000610351562,16.139999389648438,14.892054557800291,1253000.0
2023-01-06,16.3700008392334,16.700000762939453,16.200000762939453,16.65999984741211,15.37185001373291,1653300.0
2023-01-09,16.829999923706055,17.040000915527344,16.719999313354492,16.8799991607666,15.574837684631348,887600.0
2023-01-10,16.809999465942383,16.90999984741211,16.549999237060547,16.889999389648438,15.584063529968262,1052200.0
2023-01-11,16.899999618530273,17.25,16.899999618530273,17.170000076293945,15.84241771697998,707900.0
2023-01-12,17.260000228881836,17.360000610351562,17.079999923706055,17.190000534057617,15.860870361328123,821100.0
2023-01-13,17.040000915527344,17.350000381469727,16.899999618530273,17.280000686645508,15.943914413452148,746000.0
2023-01-17,17.209999084472656,17.239999771118164,16.829999923706055,16.860000610351562,15.556387901306152,1207600.0
2023-01-18,16.8700008392334,16.979999542236328,16.690000534057617,16.780000686645508,15.482573509216309,986300.0
2023-01-19,16.5,16.5,15.9399995803833,16.049999237060547,14.809014320373535,1175800.0
2023-01-20,16.18000030517578,16.760000228881836,16.110000610351562,16.579999923706055,15.298035621643066,1733400.0
2023-01-23,16.65999984741211,17.040000915527344,16.579999923706055,16.989999771118164,15.676329612731934,895200.0
2023-01-24,16.829999923706055,17.010000228881836,16.719999313354492,16.850000381469727,15.547161102294922,804800.0
2023-01-25,16.799999237060547,17.25,16.700000762939453,17.200000762939453,15.87010097503662,1505600.0
2023-01-26,17.329999923706055,17.440000534057617,17.100000381469727,17.31999969482422,15.980817794799805,894700.0
2023-01-27,17.399999618530273,17.729999542236328,17.34000015258789,17.600000381469727,16.239168167114258,2494100.0
2023-01-30,17.479999542236328,17.600000381469727,16.959999084472656,16.969999313354492,15.657880783081056,944700.0
2023-01-31,17.020000457763672,17.579999923706055,16.950000762939453,17.56999969482422,16.21148681640625,1422700.0
2023-02-01,17.350000381469727,17.90999984741211,17.09000015258789,17.790000915527344,16.414480209350586,1491700.0
2023-02-02,17.0,17.170000076293945,14.5600004196167,14.800000190734863,13.655664443969728,10873200.0
2023-02-03,14.579999923706056,15.300000190734863,14.489999771118164,15.140000343322754,13.96937656402588,4913900.0
2023-02-06,14.899999618530272,15.40999984741211,14.779999732971191,15.369999885559082,14.18159294128418,4118200.0
2023-02-07,15.329999923706056,16.020000457763672,15.170000076293944,15.920000076293944,14.68906593322754,2998900.0
2023-02-08,15.800000190734863,15.800000190734863,15.220000267028809,15.31999969482422,14.135456085205078,2044100.0
2023-02-09,15.40999984741211,15.520000457763672,15.130000114440918,15.170000076293944,13.997055053710938,2651600.0
2023-02-10,15.050000190734863,15.390000343322754,15.020000457763672,15.25,14.070870399475098,2669300.0
2023-02-13,15.239999771118164,15.270000457763672,15.109999656677246,15.1899995803833,14.015508651733398,1451100.0
2023-02-14,15.210000038146973,15.289999961853027,14.850000381469728,15.239999771118164,14.061641693115234,4960100.0
2023-02-15,15.140000343322754,15.390000343322754,15.09000015258789,15.1899995803833,14.015508651733398,2211200.0
2023-02-16,15.039999961853027,15.109999656677246,14.84000015258789,14.84000015258789,13.692571640014648,1666400.0
2023-02-17,14.739999771118164,14.779999732971191,14.479999542236328,14.56999969482422,13.44344711303711,2155500.0
2023-02-21,14.43000030517578,14.619999885559082,14.300000190734863,14.380000114440918,13.268138885498049,2421900.0
2023-02-22,14.40999984741211,14.470000267028809,14.210000038146973,14.369999885559082,13.258913040161133,1397200.0
2023-02-23,14.510000228881836,14.699999809265137,14.300000190734863,14.460000038146973,13.341954231262209,1722700.0
2023-02-24,14.25,14.420000076293944,14.170000076293944,14.350000381469728,13.240458488464355,1845200.0
2023-02-27,14.40999984741211,14.579999923706056,14.300000190734863,14.390000343322754,13.277366638183594,2049500.0
2023-02-28,14.380000114440918,14.510000228881836,14.31999969482422,14.380000114440918,13.268138885498049,3547500.0
2023-03-01,14.25,14.4399995803833,13.9399995803833,14.130000114440918,13.037467956542969,1741600.0
2023-03-02,13.880000114440918,14.039999961853027,13.739999771118164,14.010000228881836,13.028170585632324,1693400.0
2023-03-03,14.100000381469728,14.350000381469728,14.050000190734863,14.25,13.251348495483398,1792800.0
2023-03-06,14.270000457763672,14.390000343322754,14.109999656677246,14.119999885559082,13.13046169281006,2473900.0
2023-03-07,14.0600004196167,14.199999809265137,13.8100004196167,13.890000343322754,12.916580200195312,1294600.0
2023-03-08,13.859999656677246,14.09000015258789,13.800000190734863,13.90999984741211,12.935176849365234,2606000.0
2023-03-09,13.9399995803833,14.239999771118164,13.59000015258789,13.649999618530272,12.693398475646973,3165400.0
2023-03-10,13.510000228881836,13.539999961853027,12.619999885559082,12.84000015258789,11.940162658691406,3940700.0
2023-03-13,12.539999961853027,12.539999961853027,11.619999885559082,12.25,11.391512870788574,5232900.0
2023-03-14,12.619999885559082,13.039999961853027,12.40999984741211,12.489999771118164,11.614690780639648,3842500.0
2023-03-15,12.270000457763672,12.390000343322754,11.979999542236328,12.359999656677246,11.493802070617676,3885000.0
2023-03-16,12.15999984741211,12.720000267028809,11.81999969482422,12.619999885559082,11.735581398010254,3327700.0
2023-03-17,12.520000457763672,12.520000457763672,11.93000030517578,11.989999771118164,11.14973258972168,5858600.0
2023-03-20,12.130000114440918,12.369999885559082,11.800000190734863,11.979999542236328,11.140430450439451,3078900.0
2023-03-21,12.350000381469728,12.600000381469728,12.329999923706056,12.479999542236328,11.605392456054688,2476000.0
2023-03-22,12.4399995803833,12.529999732971191,11.979999542236328,12.0,11.159031867980955,1723300.0
2023-03-23,12.039999961853027,12.18000030517578,11.34000015258789,11.43000030517578,10.628976821899414,4381100.0
2023-03-24,11.300000190734863,11.31999969482422,10.8100004196167,11.270000457763672,10.48019027709961,5892600.0
2023-03-27,11.5600004196167,11.75,11.43000030517578,11.460000038146973,10.656874656677246,2459200.0
2023-03-28,11.4399995803833,11.649999618530272,11.350000381469728,11.529999732971191,10.721969604492188,3308400.0
2023-03-29,11.739999771118164,11.9399995803833,11.609999656677246,11.90999984741211,11.07533836364746,2178700.0
2023-03-30,12.0600004196167,12.350000381469728,11.949999809265137,12.210000038146973,11.354314804077148,5412600.0
2023-03-31,12.3100004196167,12.489999771118164,12.199999809265137,12.390000343322754,11.521702766418455,4938400.0
2023-04-03,12.470000267028809,12.699999809265137,12.34000015258789,12.460000038146973,11.586793899536133,2194200.0
2023-04-04,12.510000228881836,12.510000228881836,12.109999656677246,12.399999618530272,11.530999183654783,3041100.0
2023-04-05,12.8100004196167,13.100000381469728,12.65999984741211,13.0600004196167,12.144746780395508,4514000.0
2023-04-06,13.270000457763672,13.270000457763672,12.859999656677246,12.90999984741211,12.005256652832031,2127300.0
2023-04-10,12.81999969482422,13.170000076293944,12.81999969482422,13.029999732971191,12.11684799194336,1374100.0
2023-04-11,13.09000015258789,13.579999923706056,13.09000015258789,13.449999809265137,12.507416725158691,2935900.0
2023-04-12,13.510000228881836,13.550000190734863,13.300000190734863,13.4399995803833,12.498114585876465,1592900.0
2023-04-13,13.5,13.829999923706056,13.5,13.75,12.786389350891112,1925400.0
2023-04-14,14.199999809265137,14.359999656677246,13.979999542236328,14.31999969482422,13.31644344329834,3375200.0
2023-04-17,14.6899995803833,14.829999923706056,14.359999656677246,14.449999809265137,13.437334060668944,3390500.0
2023-04-18,14.449999809265137,14.56999969482422,14.390000343322754,14.5,13.483830451965332,1696200.0
2023-04-19,14.4399995803833,14.779999732971191,14.210000038146973,14.720000267028809,13.688413619995115,1446300.0
2023-04-20,14.529999732971191,14.59000015258789,14.390000343322754,14.59000015258789,13.567523002624512,1092300.0
2023-04-21,14.59000015258789,14.729999542236328,14.43000030517578,14.670000076293944,13.64191436767578,2608600.0
2023-04-24,14.619999885559082,14.770000457763672,14.59000015258789,14.600000381469728,13.576821327209473,1797500.0
2023-04-25,14.399999618530272,14.510000228881836,14.239999771118164,14.40999984741211,13.400135040283203,2714500.0
2023-04-26,14.329999923706056,14.84000015258789,14.329999923706056,14.65999984741211,13.632615089416504,4316200.0
2023-04-27,15.5,15.890000343322754,14.899999618530272,15.270000457763672,14.199868202209473,4615700.0
2023-04-28,15.210000038146973,15.31999969482422,14.960000038146973,15.020000457763672,13.967389106750488,3482700.0
2023-05-01,15.119999885559082,15.130000114440918,14.720000267028809,14.920000076293944,13.874395370483398,2273200.0
2023-05-02,14.81999969482422,14.81999969482422,14.0600004196167,14.25,13.251348495483398,2230400.0
2023-05-03,14.31999969482422,14.40999984741211,13.829999923706056,13.890000343322754,12.916580200195312,1950000.0
2023-05-04,13.789999961853027,14.09000015258789,13.510000228881836,13.9399995803833,12.96307373046875,2407700.0
2023-05-05,14.170000076293944,14.470000267028809,14.170000076293944,14.300000190734863,13.297846794128418,3317400.0
2023-05-08,14.399999618530272,14.880000114440918,14.399999618530272,14.75,13.71630859375,2289600.0
2023-05-09,14.539999961853027,15.149999618530272,14.5,15.039999961853027,13.985986709594728,3502000.0
2023-05-10,15.15999984741211,15.229999542236328,14.760000228881836,14.90999984741211,13.865097045898438,2308900.0
2023-05-11,14.800000190734863,15.15999984741211,14.710000038146973,15.039999961853027,13.985986709594728,1947000.0
2023-05-12,15.06999969482422,15.210000038146973,14.979999542236328,15.0600004196167,14.004584312438965,1890100.0
2023-05-15,15.130000114440918,15.40999984741211,15.100000381469728,15.279999732971191,14.209168434143066,2811000.0
2023-05-16,15.15999984741211,15.520000457763672,15.0600004196167,15.170000076293944,14.106874465942385,2562600.0
2023-05-17,15.25,15.470000267028809,15.130000114440918,15.390000343322754,14.3114595413208,2408900.0
2023-05-18,15.380000114440918,15.779999732971191,15.279999732971191,15.6899995803833,14.590434074401855,2090900.0
2023-05-19,15.760000228881836,15.789999961853027,15.260000228881836,15.300000190734863,14.227766036987305,2409800.0
2023-05-22,15.40999984741211,15.760000228881836,15.329999923706056,15.350000381469728,14.27426052093506,3812300.0
2023-05-23,15.350000381469728,15.539999961853027,15.25,15.359999656677246,14.283560752868652,3081500.0
2023-05-24,15.300000190734863,15.600000381469728,15.220000267028809,15.31999969482422,14.246362686157228,2791300.0
2023-05-25,15.260000228881836,15.699999809265137,15.25,15.539999961853027,14.450945854187012,2367400.0
2023-05-26,15.5600004196167,16.06999969482422,15.5,16.010000228881836,14.88800811767578,1917200.0
2023-05-30,16.0,16.06999969482422,15.5600004196167,15.6899995803833,14.590434074401855,3043900.0
2023-05-31,15.59000015258789,15.6899995803833,15.199999809265137,15.260000228881836,14.190568923950195,3946200.0
2023-06-01,15.1899995803833,15.56999969482422,15.100000381469728,15.390000343322754,14.41537094116211,6276700.0
2023-06-02,15.5600004196167,16.3799991607666,15.5600004196167,16.25,15.220907211303713,3046200.0
2023-06-05,16.219999313354492,16.579999923706055,16.170000076293945,16.489999771118164,15.445707321166992,2457900.0
2023-06-06,16.3700008392334,17.059999465942383,16.3700008392334,16.920000076293945,15.848480224609377,2447400.0
2023-06-07,17.040000915527344,17.440000534057617,16.989999771118164,17.329999923706055,16.232511520385742,2453700.0
2023-06-08,17.270000457763672,17.479999542236328,17.09000015258789,17.350000381469727,16.251245498657227,2212600.0
2023-06-09,17.389999389648438,17.43000030517578,16.719999313354492,16.90999984741211,15.839107513427734,1904800.0
2023-06-12,16.809999465942383,16.940000534057617,16.670000076293945,16.709999084472656,15.651776313781738,2727100.0
2023-06-13,16.770000457763672,16.940000534057617,16.739999771118164,16.90999984741211,15.839107513427734,1579700.0
2023-06-14,17.0,17.06999969482422,16.639999389648438,16.780000686645508,15.717344284057615,1572600.0
2023-06-15,16.649999618530273,16.799999237060547,16.399999618530273,16.770000457763672,15.707978248596191,1857400.0
2023-06-16,16.790000915527344,16.790000915527344,16.479999542236328,16.520000457763672,15.473807334899902,2500500.0
2023-06-20,16.520000457763672,16.520000457763672,16.290000915527344,16.450000762939453,15.408241271972656,2304000.0
2023-06-21,16.459999084472656,16.549999237060547,16.40999984741211,16.469999313354492,15.426974296569824,933900.0
2023-06-22,16.440000534057617,16.440000534057617,16.1200008392334,16.219999313354492,15.192805290222168,1524800.0
2023-06-23,16.0,16.1299991607666,15.880000114440918,15.899999618530272,14.893073081970217,4416900.0
2023-06-26,16.030000686645508,16.290000915527344,15.960000038146973,15.989999771118164,14.977371215820312,1515400.0
2023-06-27,15.989999771118164,16.15999984741211,15.920000076293944,16.1200008392334,15.099141120910645,1746000.0
2023-06-28,16.079999923706055,16.209999084472656,15.970000267028809,16.209999084472656,15.183441162109377,1578100.0
2023-06-29,16.270000457763672,16.479999542236328,16.200000762939453,16.469999313354492,15.426974296569824,1114300.0
2023-06-30,16.6299991607666,16.719999313354492,16.299999237060547,16.31999969482422,15.28647518157959,1695300.0
2023-07-03,16.3700008392334,16.510000228881836,16.25,16.479999542236328,15.436342239379885,537000.0
2023-07-05,16.329999923706055,16.360000610351562,15.979999542236328,16.0,14.986739158630373,1279400.0
2023-07-06,15.81999969482422,15.81999969482422,15.460000038146973,15.760000228881836,14.761940002441406,2665700.0
2023-07-07,15.760000228881836,16.15999984741211,15.760000228881836,16.010000228881836,14.99610710144043,1211400.0
2023-07-10,15.970000267028809,16.219999313354492,15.970000267028809,16.209999084472656,15.183441162109377,945500.0
2023-07-11,16.389999389648438,16.530000686645508,16.260000228881836,16.489999771118164,15.445707321166992,1317000.0
2023-07-12,16.649999618530273,16.790000915527344,16.520000457763672,16.639999389648438,15.586207389831545,2504100.0
2023-07-13,16.670000076293945,16.700000762939453,16.530000686645508,16.6299991607666,15.57684326171875,3446900.0
2023-07-14,16.68000030517578,16.709999084472656,16.309999465942383,16.40999984741211,15.370773315429688,1460600.0
2023-07-17,16.3700008392334,16.540000915527344,16.31999969482422,16.5,15.455078125,1933600.0
2023-07-18,16.530000686645508,16.940000534057617,16.40999984741211,16.780000686645508,15.717344284057615,8880300.0
2023-07-19,16.790000915527344,16.889999389648438,16.610000610351562,16.760000228881836,15.698610305786133,1310400.0
2023-07-20,16.639999389648438,16.700000762939453,16.299999237060547,16.530000686645508,15.48317527770996,1411200.0
2023-07-21,16.65999984741211,16.65999984741211,16.389999389648438,16.5,15.455078125,872400.0
2023-07-24,16.56999969482422,16.719999313354492,16.520000457763672,16.65999984741211,15.604942321777344,3118200.0
2023-07-25,16.639999389648438,16.719999313354492,16.450000762939453,16.469999313354492,15.426974296569824,1318900.0
2023-07-26,16.3700008392334,16.579999923706055,16.200000762939453,16.260000228881836,15.230273246765137,2084300.0
2023-07-27,16.290000915527344,16.420000076293945,15.40999984741211,15.729999542236328,14.733837127685549,3969100.0
2023-07-28,15.8100004196167,16.06999969482422,15.75,15.770000457763672,14.771306037902832,2107300.0
2023-07-31,15.859999656677246,16.260000228881836,15.859999656677246,16.18000030517578,15.155341148376465,2667800.0
2023-08-01,16.049999237060547,16.219999313354492,15.8100004196167,16.149999618530273,15.127239227294922,1154300.0
2023-08-02,15.949999809265137,15.960000038146973,15.59000015258789,15.779999732971191,14.78067111968994,1905300.0
2023-08-03,15.720000267028809,15.84000015258789,15.579999923706056,15.75,14.752572059631348,898400.0
2023-08-04,15.739999771118164,15.789999961853027,15.539999961853027,15.59000015258789,14.602702140808104,1036500.0
2023-08-07,15.59000015258789,15.920000076293944,15.550000190734863,15.770000457763672,14.771306037902832,1049800.0
2023-08-08,15.479999542236328,15.529999732971191,15.260000228881836,15.5,14.518404006958008,1249100.0
2023-08-09,15.550000190734863,15.56999969482422,15.100000381469728,15.380000114440918,14.406002044677734,918200.0
2023-08-10,15.399999618530272,15.489999771118164,14.93000030517578,14.960000038146973,14.012600898742676,1105700.0
2023-08-11,14.93000030517578,15.1899995803833,14.90999984741211,15.119999885559082,14.162467002868652,1059400.0
2023-08-14,15.0600004196167,15.0600004196167,14.760000228881836,14.8100004196167,13.872100830078123,1263600.0
2023-08-15,14.65999984741211,14.6899995803833,14.3100004196167,14.470000267028809,13.553632736206056,1293400.0
2023-08-16,14.460000038146973,14.56999969482422,14.31999969482422,14.31999969482422,13.413130760192873,749900.0
2023-08-17,14.329999923706056,14.460000038146973,14.220000267028809,14.300000190734863,13.394399642944336,1060100.0
2023-08-18,14.210000038146973,14.390000343322754,14.170000076293944,14.390000343322754,13.478699684143066,1104300.0
2023-08-21,14.359999656677246,14.4399995803833,14.18000030517578,14.3100004196167,13.403765678405762,920900.0
2023-08-22,14.3100004196167,14.4399995803833,13.979999542236328,14.039999961853027,13.150863647460938,925700.0
2023-08-23,14.09000015258789,14.329999923706056,14.010000228881836,14.3100004196167,13.403765678405762,997600.0
2023-08-24,14.239999771118164,14.460000038146973,14.239999771118164,14.350000381469728,13.44123363494873,809700.0
2023-08-25,14.369999885559082,14.449999809265137,14.18000030517578,14.289999961853027,13.385031700134276,892200.0
2023-08-28,14.390000343322754,14.600000381469728,14.329999923706056,14.350000381469728,13.44123363494873,2943400.0
2023-08-29,14.359999656677246,14.539999961853027,14.3100004196167,14.479999542236328,13.562997817993164,1591900.0
2023-08-30,14.460000038146973,14.520000457763672,14.260000228881836,14.289999961853027,13.385031700134276,1864300.0
2023-08-31,14.270000457763672,14.270000457763672,14.140000343322754,14.239999771118164,13.441668510437012,1810000.0
2023-09-01,14.350000381469728,14.6899995803833,14.270000457763672,14.640000343322754,13.819243431091309,905900.0
2023-09-05,14.5600004196167,14.619999885559082,14.210000038146973,14.489999771118164,13.677650451660156,2207400.0
2023-09-06,14.470000267028809,14.56999969482422,14.260000228881836,14.300000190734863,13.498305320739746,1447200.0
2023-09-07,14.25,14.300000190734863,13.90999984741211,13.970000267028809,13.186805725097656,5751100.0
2023-09-08,14.050000190734863,14.270000457763672,13.739999771118164,14.229999542236328,13.43222713470459,1767900.0
2023-09-11,14.359999656677246,14.510000228881836,14.220000267028809,14.260000228881836,13.46054744720459,1235600.0
2023-09-12,14.199999809265137,14.210000038146973,14.0600004196167,14.15999984741211,13.366154670715332,3062200.0
2023-09-13,14.25,14.3100004196167,13.899999618530272,13.979999542236328,13.196244239807127,1915000.0
2023-09-14,14.09000015258789,14.25,14.0600004196167,14.25,13.451106071472168,2727300.0
2023-09-15,14.170000076293944,14.489999771118164,14.130000114440918,14.260000228881836,13.46054744720459,7519900.0
2023-09-18,14.260000228881836,14.289999961853027,13.899999618530272,14.06999969482422,13.28119945526123,1727000.0
2023-09-19,14.039999961853027,14.199999809265137,13.979999542236328,14.130000114440918,13.337835311889648,1804400.0
2023-09-20,14.199999809265137,14.350000381469728,14.109999656677246,14.130000114440918,13.337835311889648,2065900.0
2023-09-21,14.020000457763672,14.039999961853027,13.65999984741211,13.68000030517578,12.913063049316406,1320900.0
2023-09-22,13.710000038146973,13.800000190734863,13.609999656677246,13.640000343322754,12.87530517578125,1037600.0
2023-09-25,13.609999656677246,13.800000190734863,13.529999732971191,13.75,12.979138374328612,806900.0
2023-09-26,13.65999984741211,14.010000228881836,13.56999969482422,13.56999969482422,12.809228897094728,1672000.0
2023-09-27,13.640000343322754,13.640000343322754,13.420000076293944,13.4399995803833,12.686517715454102,1277600.0
2023-09-28,13.460000038146973,13.600000381469728,13.449999809265137,13.520000457763672,12.76203441619873,812400.0
2023-09-29,13.59000015258789,13.739999771118164,13.539999961853027,13.619999885559082,12.856427192687988,1001300.0
2023-10-02,13.619999885559082,13.720000267028809,13.470000267028809,13.520000457763672,12.76203441619873,1084600.0
2023-10-03,13.40999984741211,13.43000030517578,13.06999969482422,13.270000457763672,12.526047706604004,1286300.0
2023-10-04,13.289999961853027,13.369999885559082,13.010000228881836,13.140000343322754,12.40333652496338,1371800.0
2023-10-05,13.06999969482422,13.300000190734863,13.039999961853027,13.300000190734863,12.554368019104004,1488000.0
2023-10-06,13.1899995803833,13.529999732971191,13.140000343322754,13.199999809265137,12.459972381591797,1871700.0
2023-10-09,13.149999618530272,13.300000190734863,13.050000190734863,13.210000038146973,12.46941089630127,1342700.0
2023-10-10,13.229999542236328,13.479999542236328,13.229999542236328,13.329999923706056,12.582685470581056,2237200.0
2023-10-11,13.329999923706056,13.5,13.109999656677246,13.329999923706056,12.582685470581056,1562700.0
2023-10-12,13.350000381469728,13.609999656677246,13.119999885559082,13.520000457763672,12.76203441619873,1709500.0
2023-10-13,13.59000015258789,13.710000038146973,13.06999969482422,13.09000015258789,12.35614013671875,1474200.0
2023-10-16,13.220000267028809,13.460000038146973,13.18000030517578,13.220000267028809,12.478851318359377,2659600.0
2023-10-17,13.140000343322754,13.609999656677246,13.100000381469728,13.600000381469728,12.837550163269045,2167700.0
2023-10-18,13.520000457763672,13.5600004196167,13.369999885559082,13.449999809265137,12.695959091186523,1274300.0
2023-10-19,13.420000076293944,13.510000228881836,13.270000457763672,13.289999961853027,12.544927597045898,2413000.0
2023-10-20,13.34000015258789,13.34000015258789,13.050000190734863,13.140000343322754,12.40333652496338,1872000.0
2023-10-23,13.050000190734863,13.279999732971191,13.0,13.050000190734863,12.31838321685791,1303200.0
2023-10-24,13.079999923706056,13.25,12.979999542236328,13.0,12.271184921264648,1437000.0
2023-10-25,12.890000343322754,13.029999732971191,12.84000015258789,12.989999771118164,12.261747360229492,1541500.0
2023-10-26,12.630000114440918,13.699999809265137,12.260000228881836,13.15999984741211,12.422216415405272,5416500.0
2023-10-27,13.199999809265137,13.229999542236328,12.789999961853027,12.8100004196167,12.091837882995604,2696600.0
2023-10-30,12.93000030517578,13.260000228881836,12.8100004196167,13.15999984741211,12.422216415405272,2082700.0
2023-10-31,13.15999984741211,13.220000267028809,12.90999984741211,13.0,12.271184921264648,2277600.0
2023-11-01,13.109999656677246,13.5,13.0,13.449999809265137,12.695959091186523,2849800.0
2023-11-02,13.520000457763672,14.300000190734863,13.520000457763672,14.289999961853027,13.48886489868164,2892700.0
2023-11-03,14.5600004196167,15.149999618530272,14.359999656677246,14.789999961853027,13.960833549499512,2668400.0
2023-11-06,14.8100004196167,14.960000038146973,14.649999618530272,14.829999923706056,13.998590469360352,1913200.0
2023-11-07,14.829999923706056,15.06999969482422,14.81999969482422,14.960000038146973,14.121302604675291,1892400.0
2023-11-08,14.960000038146973,15.079999923706056,14.6899995803833,14.720000267028809,13.89475917816162,2393200.0
2023-11-09,14.81999969482422,15.0,14.68000030517578,14.699999809265137,13.875879287719728,2481700.0
2023-11-10,14.729999542236328,14.970000267028809,14.630000114440918,14.869999885559082,14.036349296569824,2273100.0
2023-11-13,14.859999656677246,15.229999542236328,14.670000076293944,14.880000114440918,14.045787811279297,2162500.0
2023-11-14,15.210000038146973,15.239999771118164,14.880000114440918,15.010000228881836,14.168499946594238,1311300.0
2023-11-15,15.039999961853027,15.15999984741211,14.949999809265137,15.039999961853027,14.196817398071287,1343000.0
2023-11-16,15.010000228881836,15.0600004196167,14.369999885559082,14.399999618530272,13.592698097229004,4849800.0
2023-11-17,14.550000190734863,14.609999656677246,14.43000030517578,14.460000038146973,13.649334907531738,1037600.0
2023-11-20,14.460000038146973,14.520000457763672,14.199999809265137,14.420000076293944,13.611577033996582,1241100.0
2023-11-21,14.31999969482422,14.390000343322754,13.93000030517578,13.949999809265137,13.167925834655762,1577600.0
2023-11-22,13.979999542236328,14.399999618530272,13.93000030517578,14.359999656677246,13.554940223693848,1453300.0
2023-11-24,14.350000381469728,14.4399995803833,14.270000457763672,14.380000114440918,13.57381820678711,485400.0
2023-11-27,14.210000038146973,14.260000228881836,14.100000381469728,14.119999885559082,13.32839584350586,1253400.0
2023-11-28,14.09000015258789,14.449999809265137,14.029999732971191,14.43000030517578,13.621016502380373,1229200.0
2023-11-29,14.5600004196167,14.75,14.40999984741211,14.43000030517578,13.621016502380373,1329100.0
2023-11-30,14.699999809265137,15.0600004196167,14.640000343322754,15.029999732971191,14.1873779296875,2526800.0
2023-12-01,14.880000114440918,15.920000076293944,14.829999923706056,15.729999542236328,14.95760440826416,2643700.0
2023-12-04,15.65999984741211,16.020000457763672,15.65999984741211,15.84000015258789,15.062204360961914,3390000.0
2023-12-05,15.829999923706056,15.989999771118164,15.640000343322754,15.9399995803833,15.1572904586792,3763300.0
2023-12-06,16.049999237060547,16.43000030517578,15.850000381469728,15.890000343322754,15.109748840332031,2058300.0
2023-12-07,15.979999542236328,16.34000015258789,15.949999809265137,16.260000228881836,15.46157932281494,3145400.0
2023-12-08,16.530000686645508,17.149999618530273,16.389999389648438,16.860000610351562,16.032121658325195,3611100.0
2023-12-11,16.84000015258789,17.170000076293945,16.790000915527344,17.020000457763672,16.184263229370117,2719200.0
2023-12-12,17.020000457763672,17.270000457763672,16.84000015258789,16.860000610351562,16.032121658325195,3441400.0
2023-12-13,17.360000610351562,17.950000762939453,17.139999389648438,17.860000610351562,16.983016967773438,9780000.0
2023-12-14,18.13999938964844,18.5,17.950000762939453,18.3799991607666,17.477479934692383,3380900.0
2023-12-15,18.3799991607666,18.420000076293945,18.149999618530277,18.25,17.353862762451172,3657100.0
2023-12-18,18.31999969482422,18.40999984741211,18.11000061035156,18.190000534057617,17.29681396484375,2230600.0
2023-12-19,18.299999237060547,18.799999237060547,18.239999771118164,18.670000076293945,17.75324249267578,1977800.0
2023-12-20,18.63999938964844,18.90999984741211,18.559999465942383,18.600000381469727,17.686677932739258,2984600.0
2023-12-21,18.75,18.88999938964844,18.65999984741211,18.8700008392334,17.94342041015625,2091200.0
2023-12-22,19.0,19.040000915527344,18.770000457763672,18.86000061035156,17.93391227722168,874000.0
2023-12-26,18.8700008392334,19.1299991607666,18.770000457763672,19.11000061035156,18.171634674072266,824400.0
2023-12-27,19.1299991607666,19.36000061035156,19.1200008392334,19.290000915527344,18.342798233032227,953300.0
2023-12-28,19.21999931335449,19.350000381469727,19.01000022888184,19.280000686645508,18.333290100097656,978400.0
2023-12-29,19.280000686645508,19.290000915527344,19.100000381469727,19.1200008392334,18.18114852905273,870800.0
2024-01-02,18.979999542236328,19.280000686645508,18.88999938964844,19.229999542236328,18.285743713378903,1407400.0
2024-01-03,19.11000061035156,19.11000061035156,18.520000457763672,18.530000686645508,17.620115280151367,2097700.0
2024-01-04,18.36000061035156,18.850000381469727,18.36000061035156,18.530000686645508,17.620115280151367,2107600.0
2024-01-05,18.440000534057617,18.84000015258789,18.350000381469727,18.63999938964844,17.724712371826172,1885500.0
2024-01-08,18.61000061035156,18.6200008392334,18.40999984741211,18.540000915527344,17.62962532043457,1169800.0
2024-01-09,18.399999618530277,18.61000061035156,18.040000915527344,18.1200008392334,17.230247497558594,2182200.0
2024-01-10,18.450000762939453,18.649999618530277,18.290000915527344,18.5,17.59158706665039,3877200.0
2024-01-11,18.3700008392334,18.700000762939453,18.270000457763672,18.6299991607666,17.715208053588867,1691300.0
2024-01-12,18.65999984741211,18.770000457763672,18.399999618530277,18.540000915527344,17.62962532043457,1234700.0
2024-01-16,18.649999618530277,18.729999542236328,18.36000061035156,18.729999542236328,17.81029510498047,1572400.0
2024-01-17,18.5,18.770000457763672,18.5,18.690000534057617,17.772258758544922,1391000.0
2024-01-18,18.690000534057617,18.729999542236328,18.26000022888184,18.540000915527344,17.62962532043457,2002500.0
2024-01-19,18.649999618530277,19.0,18.56999969482422,18.989999771118164,18.057527542114254,1086600.0
2024-01-22,19.200000762939453,19.43000030517578,19.170000076293945,19.32999992370605,18.380830764770508,1485800.0
2024-01-23,19.309999465942383,19.440000534057617,19.06999969482422,19.190000534057617,18.247711181640625,1799600.0
2024-01-24,19.31999969482422,19.459999084472656,19.15999984741211,19.200000762939453,18.257213592529297,1874900.0
2024-01-25,20.0,20.520000457763672,19.32999992370605,19.86000061035156,18.884809494018555,5027700.0
2024-01-26,19.8700008392334,20.479999542236328,19.770000457763672,19.86000061035156,18.884809494018555,3739500.0
2024-01-29,19.81999969482422,20.209999084472656,19.51000022888184,20.170000076293945,19.179590225219727,3211300.0
2024-01-30,20.190000534057617,20.61000061035156,20.149999618530277,20.559999465942383,19.550434112548828,2604600.0
2024-01-31,20.26000022888184,20.309999465942383,19.86000061035156,19.8799991607666,18.903823852539062,2416100.0
2024-02-01,19.88999938964844,19.979999542236328,19.36000061035156,19.489999771118164,18.53297233581543,1743300.0
2024-02-02,19.209999084472656,19.489999771118164,19.15999984741211,19.309999465942383,18.36181259155273,1592900.0
2024-02-05,19.170000076293945,19.38999938964844,18.950000762939453,19.270000457763672,18.323780059814453,1308000.0
2024-02-06,19.270000457763672,19.440000534057617,19.049999237060547,19.21999931335449,18.276233673095703,3114800.0
2024-02-07,19.18000030517578,19.229999542236328,18.84000015258789,19.09000015258789,18.15262031555176,1443300.0
2024-02-08,19.100000381469727,19.520000457763672,19.040000915527344,19.5,18.5424861907959,1345200.0
2024-02-09,19.5,19.700000762939453,19.3799991607666,19.600000381469727,18.637575149536133,1981400.0
2024-02-12,19.59000015258789,20.059999465942383,19.59000015258789,19.86000061035156,18.884809494018555,2008000.0
2024-02-13,19.43000030517578,19.63999938964844,19.270000457763672,19.600000381469727,18.637575149536133,2361200.0
2024-02-14,19.850000381469727,20.21999931335449,19.76000022888184,20.15999984741211,19.17007827758789,2686800.0
2024-02-15,20.25,20.399999618530277,20.07999992370605,20.26000022888184,19.265167236328125,1886500.0
2024-02-16,20.1200008392334,20.489999771118164,20.030000686645508,20.18000030517578,19.18909454345703,1702300.0
2024-02-20,20.1200008392334,20.649999618530277,20.030000686645508,20.26000022888184,19.265167236328125,5405100.0
2024-02-21,19.850000381469727,20.06999969482422,19.59000015258789,19.770000457763672,18.799226760864254,3438000.0
2024-02-22,19.71999931335449,20.11000061035156,19.68000030517578,19.690000534057617,18.72315788269043,4411300.0
2024-02-23,19.81999969482422,19.96999931335449,19.65999984741211,19.670000076293945,18.704139709472656,4665100.0
2024-02-26,19.6200008392334,20.030000686645508,19.540000915527344,19.549999237060547,18.590030670166016,2258000.0
2024-02-27,19.700000762939453,20.030000686645508,19.549999237060547,20.020000457763672,19.03695297241211,1845300.0
2024-02-28,19.979999542236328,20.549999237060547,19.950000762939453,20.520000457763672,19.51240348815918,1851200.0
2024-02-29,20.68000030517578,20.88999938964844,20.540000915527344,20.82999992370605,19.807174682617188,3494700.0
2024-03-01,20.729999542236328,20.90999984741211,20.520000457763672,20.700000762939453,19.78805923461914,2653400.0
2024-03-04,20.700000762939453,21.200000762939453,20.700000762939453,21.020000457763672,20.09396171569824,1675000.0
2024-03-05,20.88999938964844,21.200000762939453,20.809999465942383,20.850000381469727,19.93145179748535,1268400.0
2024-03-06,21.06999969482422,21.11000061035156,20.440000534057617,20.649999618530277,19.74026107788086,3811500.0
2024-03-07,20.81999969482422,21.11000061035156,20.700000762939453,21.040000915527344,20.113080978393555,1158200.0
2024-03-08,21.09000015258789,21.239999771118164,20.649999618530277,20.68000030517578,19.76894187927246,1316800.0
2024-03-11,20.6299991607666,21.01000022888184,20.57999992370605,20.809999465942383,19.893211364746094,3254600.0
2024-03-12,20.76000022888184,21.11000061035156,20.700000762939453,20.989999771118164,20.065282821655277,2373500.0
2024-03-13,20.979999542236328,21.32999992370605,20.84000015258789,21.09000015258789,20.160877227783203,2318900.0
2024-03-14,21.030000686645508,21.1299991607666,20.59000015258789,20.850000381469727,19.93145179748535,2613200.0
2024-03-15,20.700000762939453,21.100000381469727,20.530000686645508,20.540000915527344,19.635108947753903,15732200.0
2024-03-18,20.5,20.63999938964844,20.290000915527344,20.51000022888184,19.606430053710938,1836600.0
2024-03-19,20.479999542236328,20.770000457763672,20.200000762939453,20.63999938964844,19.73070335388184,1089700.0
2024-03-20,20.540000915527344,21.15999984741211,20.5,21.11000061035156,20.17999649047852,2054600.0
2024-03-21,21.229999542236328,21.739999771118164,21.229999542236328,21.6200008392334,20.66752815246582,1807400.0
2024-03-22,21.6299991607666,21.739999771118164,21.350000381469727,21.36000061035156,20.418983459472656,1177700.0
2024-03-25,21.3700008392334,21.540000915527344,21.299999237060547,21.350000381469727,20.409423828125,746800.0
2024-03-26,21.420000076293945,21.559999465942383,21.1200008392334,21.13999938964844,20.20867156982422,1307900.0
2024-03-27,21.280000686645508,21.600000381469727,21.209999084472656,21.600000381469727,20.64841079711914,1195300.0
2024-03-28,21.549999237060547,21.940000534057617,21.549999237060547,21.790000915527344,20.83003807067871,2363400.0
2024-04-01,21.809999465942383,21.81999969482422,21.280000686645508,21.32999992370605,20.39030265808105,1530800.0
2024-04-02,21.21999931335449,21.770000457763672,20.959999084472656,21.15999984741211,20.2277946472168,1213900.0
2024-04-03,21.21999931335449,21.530000686645508,21.200000762939453,21.36000061035156,20.418983459472656,937300.0
2024-04-04,21.6299991607666,21.739999771118164,21.030000686645508,21.059999465942383,20.1322021484375,775300.0
2024-04-05,21.09000015258789,21.3700008392334,21.07999992370605,21.21999931335449,20.28514862060547,704700.0
2024-04-08,21.299999237060547,21.56999969482422,21.06999969482422,21.489999771118164,20.54325294494629,771800.0
2024-04-09,21.440000534057617,21.5,21.1299991607666,21.270000457763672,20.33294677734375,793100.0
2024-04-10,20.950000762939453,21.209999084472656,20.63999938964844,20.90999984741211,19.988805770874023,1021500.0
2024-04-11,20.90999984741211,21.09000015258789,20.790000915527344,21.0,20.074840545654297,843400.0
2024-04-12,20.790000915527344,20.959999084472656,20.559999465942383,20.670000076293945,19.75937843322754,770700.0
2024-04-15,20.8799991607666,21.1299991607666,20.57999992370605,20.71999931335449,19.807174682617188,1141200.0
2024-04-16,20.6299991607666,20.799999237060547,20.479999542236328,20.65999984741211,19.74982261657715,1257900.0
2024-04-17,20.75,21.040000915527344,20.57999992370605,20.57999992370605,19.673343658447266,1137700.0
2024-04-18,20.709999084472656,21.1299991607666,20.6299991607666,20.780000686645508,19.86453628540039,1428700.0
2024-04-19,20.799999237060547,21.209999084472656,20.790000915527344,21.09000015258789,20.160877227783203,1211100.0
2024-04-22,21.309999465942383,21.700000762939453,21.06999969482422,21.31999969482422,20.3807430267334,2258200.0
2024-04-23,21.450000762939453,21.989999771118164,21.34000015258789,21.93000030517578,20.963871002197266,1561000.0
2024-04-24,21.770000457763672,22.209999084472656,21.76000022888184,22.100000381469727,21.126384735107425,2046500.0
2024-04-25,22.25,22.3700008392334,21.46999931335449,21.93000030517578,20.963871002197266,2942000.0
2024-04-26,21.920000076293945,22.270000457763672,21.600000381469727,21.899999618530277,20.935192108154297,1857600.0
2024-04-29,21.96999931335449,21.989999771118164,21.540000915527344,21.6299991607666,20.67708396911621,1516500.0
2024-04-30,21.46999931335449,21.6200008392334,21.190000534057617,21.190000534057617,20.256471633911133,1094100.0
2024-05-01,21.1299991607666,21.6299991607666,21.020000457763672,21.25,20.31382942199707,2092900.0
2024-05-02,21.51000022888184,21.540000915527344,21.26000022888184,21.479999542236328,20.533695220947266,1070700.0
2024-05-03,21.709999084472656,22.030000686645508,21.68000030517578,22.01000022888184,21.04034996032715,1211400.0
2024-05-06,22.209999084472656,22.34000015258789,21.59000015258789,21.68000030517578,20.72488594055176,1832400.0
2024-05-07,21.71999931335449,22.739999771118164,21.600000381469727,21.6299991607666,20.67708396911621,1444800.0
2024-05-08,21.559999465942383,21.850000381469727,21.549999237060547,21.76000022888184,20.801362991333008,1510200.0
2024-05-09,21.799999237060547,21.979999542236328,21.729999542236328,21.940000534057617,20.973432540893555,694400.0
2024-05-10,22.049999237060547,22.100000381469727,21.770000457763672,21.780000686645508,20.82047843933105,567300.0
2024-05-13,21.959999084472656,22.040000915527344,21.459999084472656,21.489999771118164,20.54325294494629,1053500.0
2024-05-14,21.649999618530277,21.84000015258789,21.299999237060547,21.32999992370605,20.39030265808105,1340600.0
2024-05-15,21.40999984741211,21.459999084472656,20.90999984741211,21.01000022888184,20.084402084350582,1506500.0
2024-05-16,21.100000381469727,21.25,20.920000076293945,21.06999969482422,20.141756057739254,1206500.0
2024-05-17,21.190000534057617,21.21999931335449,21.0,21.15999984741211,20.2277946472168,989500.0
2024-05-20,21.07999992370605,21.21999931335449,20.600000381469727,20.670000076293945,19.75937843322754,1655600.0
2024-05-21,20.68000030517578,21.13999938964844,20.68000030517578,21.020000457763672,20.09396171569824,1717500.0
2024-05-22,20.959999084472656,21.01000022888184,20.450000762939453,20.600000381469727,19.69246482849121,1975400.0
2024-05-23,20.71999931335449,20.71999931335449,20.32999992370605,20.649999618530277,19.74026107788086,1869000.0
2024-05-24,20.790000915527344,21.11000061035156,20.739999771118164,20.979999542236328,20.055721282958984,1146600.0
2024-05-28,21.06999969482422,21.1299991607666,20.440000534057617,20.51000022888184,19.606430053710938,925600.0
2024-05-29,20.100000381469727,20.6299991607666,20.100000381469727,20.540000915527344,19.635108947753903,1025400.0
2024-05-30,20.709999084472656,20.979999542236328,20.56999969482422,20.920000076293945,19.998369216918945,2460700.0
2024-05-31,21.030000686645508,21.5,20.88999938964844,21.459999084472656,20.514577865600582,3101400.0
2024-06-03,21.440000534057617,21.46999931335449,21.030000686645508,21.209999084472656,20.27558708190918,922300.0
2024-06-04,21.21999931335449,21.59000015258789,21.06999969482422,21.09000015258789,20.160877227783203,1281700.0
2024-06-05,21.59000015258789,21.59000015258789,20.850000381469727,20.940000534057617,20.017486572265625,1486300.0
2024-06-06,20.899999618530277,20.959999084472656,20.59000015258789,20.770000457763672,19.959827423095703,1820700.0
2024-06-07,20.600000381469727,20.809999465942383,20.51000022888184,20.56999969482422,19.76762580871582,1561500.0
2024-06-10,20.71999931335449,20.81999969482422,19.489999771118164,20.790000915527344,19.97904586791992,1327600.0
2024-06-11,20.63999938964844,20.739999771118164,20.049999237060547,20.11000061035156,19.32556915283203,2120800.0
2024-06-12,20.479999542236328,20.8799991607666,20.479999542236328,20.739999771118164,19.93099403381348,3992200.0
2024-06-13,20.649999618530277,20.709999084472656,20.459999084472656,20.63999938964844,19.834896087646484,1120800.0
2024-06-14,20.420000076293945,20.540000915527344,20.020000457763672,20.030000686645508,19.248689651489254,1214500.0
2024-06-17,19.959999084472656,20.5,19.959999084472656,20.440000534057617,19.642698287963867,1256700.0
2024-06-18,20.25,20.6200008392334,20.239999771118164,20.51000022888184,19.70996856689453,952900.0
2024-06-20,20.51000022888184,20.75,20.51000022888184,20.670000076293945,19.863725662231445,1150900.0
2024-06-21,20.700000762939453,20.899999618530277,20.56999969482422,20.81999969482422,20.007875442504883,2871600.0
2024-06-24,20.850000381469727,21.34000015258789,20.799999237060547,20.989999771118164,20.17124557495117,2822000.0
2024-06-25,20.90999984741211,20.989999771118164,20.6200008392334,20.65999984741211,19.854114532470703,895800.0
2024-06-26,20.57999992370605,20.709999084472656,20.43000030517578,20.540000915527344,19.738800048828125,1165300.0
2024-06-27,20.46999931335449,20.549999237060547,20.399999618530277,20.51000022888184,19.70996856689453,2217600.0
2024-06-28,20.690000534057617,21.170000076293945,20.63999938964844,20.790000915527344,19.97904586791992,4061400.0
2024-07-01,20.8799991607666,21.06999969482422,20.6299991607666,20.709999084472656,19.90216445922852,1265200.0
2024-07-02,20.709999084472656,20.950000762939453,20.63999938964844,20.88999938964844,20.07514190673828,1312600.0
2024-07-03,20.90999984741211,21.06999969482422,20.799999237060547,20.8799991607666,20.065534591674805,1192200.0
2024-07-05,20.71999931335449,20.81999969482422,20.31999969482422,20.34000015258789,19.54659843444824,1740900.0
2024-07-08,20.540000915527344,20.780000686645508,20.5,20.649999618530277,19.844505310058597,1229500.0
2024-07-09,20.68000030517578,20.850000381469727,20.57999992370605,20.700000762939453,19.89255714416504,1184200.0
2024-07-10,20.700000762939453,20.799999237060547,20.540000915527344,20.76000022888184,19.95021629333496,1161500.0
2024-07-11,21.0,21.770000457763672,20.93000030517578,21.709999084472656,20.8631591796875,1865000.0
2024-07-12,21.790000915527344,21.989999771118164,21.709999084472656,21.90999984741211,21.05535888671875,1066100.0
2024-07-15,22.100000381469727,23.040000915527344,22.100000381469727,22.90999984741211,22.01634979248047,1539300.0
2024-07-16,23.030000686645508,23.739999771118164,22.940000534057617,23.700000762939453,22.775535583496094,2829800.0
2024-07-17,23.350000381469727,23.82999992370605,23.350000381469727,23.5,22.58333396911621,2138700.0
2024-07-18,23.489999771118164,23.950000762939453,23.25,23.350000381469727,22.439189910888672,1673800.0
2024-07-19,23.309999465942383,23.399999618530277,22.90999984741211,22.93000030517578,22.03557014465332,1512300.0
2024-07-22,22.989999771118164,23.399999618530277,22.81999969482422,23.31999969482422,22.41035461425781,1849300.0
2024-07-23,23.309999465942383,23.690000534057617,22.96999931335449,23.5,22.58333396911621,1729800.0
2024-07-24,23.34000015258789,23.93000030517578,23.299999237060547,23.63999938964844,22.71787452697754,3824800.0
2024-07-25,23.21999931335449,23.71999931335449,22.270000457763672,23.0,22.102840423583984,3479500.0
2024-07-26,23.030000686645508,23.100000381469727,22.63999938964844,22.729999542236328,21.843372344970703,1919800.0
2024-07-29,22.700000762939453,22.770000457763672,22.450000762939453,22.559999465942383,21.68000221252441,1432800.0
2024-07-30,22.670000076293945,23.01000022888184,22.530000686645508,22.799999237060547,21.910642623901367,1837000.0
2024-07-31,22.82999992370605,23.100000381469727,22.59000015258789,22.690000534057617,21.804933547973636,1233800.0
2024-08-01,22.700000762939453,22.899999618530277,21.979999542236328,22.11000061035156,21.247556686401367,1660300.0
2024-08-02,21.649999618530277,21.700000762939453,20.63999938964844,20.84000015258789,20.027097702026367,2023400.0
2024-08-05,19.989999771118164,20.6200008392334,19.38999938964844,20.1299991607666,19.34479141235352,1568700.0
2024-08-06,20.1299991607666,20.6299991607666,19.899999618530277,19.93000030517578,19.1525936126709,2338000.0
2024-08-07,20.299999237060547,20.309999465942383,19.790000915527344,19.940000534057617,19.162202835083008,2161700.0
2024-08-08,20.11000061035156,20.5,20.11000061035156,20.450000762939453,19.652305603027344,826400.0
2024-08-09,20.43000030517578,20.739999771118164,20.399999618530277,20.6200008392334,19.815675735473636,862600.0
2024-08-12,20.649999618530277,20.809999465942383,20.290000915527344,20.34000015258789,19.54659843444824,1154100.0
2024-08-13,20.51000022888184,20.729999542236328,20.399999618530277,20.700000762939453,19.89255714416504,880100.0
2024-08-14,20.82999992370605,20.950000762939453,20.6299991607666,20.670000076293945,19.863725662231445,1001700.0
2024-08-15,21.059999465942383,21.26000022888184,20.90999984741211,21.01000022888184,20.19046401977539,1213400.0
2024-08-16,21.01000022888184,21.290000915527344,20.959999084472656,21.059999465942383,20.238513946533203,1338500.0
2024-08-19,20.96999931335449,21.200000762939453,20.940000534057617,21.190000534057617,20.36344337463379,946900.0
2024-08-20,21.190000534057617,21.190000534057617,20.84000015258789,20.979999542236328,20.161630630493164,845300.0
2024-08-21,21.020000457763672,21.06999969482422,20.76000022888184,21.0,20.18085479736328,1164400.0
2024-08-22,21.0,21.1200008392334,20.93000030517578,21.049999237060547,20.22890281677246,899400.0
2024-08-23,21.18000030517578,21.709999084472656,21.09000015258789,21.649999618530277,20.805498123168945,928100.0
2024-08-26,21.82999992370605,21.90999984741211,21.479999542236328,21.51000022888184,20.670955657958984,982600.0
2024-08-27,21.3799991607666,21.46999931335449,21.13999938964844,21.149999618530277,20.32500267028809,826600.0
2024-08-28,21.100000381469727,21.700000762939453,21.100000381469727,21.559999465942383,20.719009399414062,1326200.0
2024-08-29,21.739999771118164,21.8700008392334,21.350000381469727,21.65999984741211,20.81510734558105,911100.0
2024-08-30,21.739999771118164,22.11000061035156,21.63999938964844,22.059999465942383,21.19950485229492,1341900.0
2024-09-03,21.780000686645508,21.989999771118164,21.540000915527344,21.700000762939453,20.853551864624023,1276000.0
2024-09-04,21.600000381469727,21.81999969482422,21.190000534057617,21.25,20.421104431152344,1086000.0
2024-09-05,21.3700008392334,21.440000534057617,20.88999938964844,20.93000030517578,20.21824073791504,1280700.0
2024-09-06,20.8799991607666,21.11000061035156,20.1200008392334,20.13999938964844,19.45510673522949,1309000.0
2024-09-09,20.280000686645508,20.459999084472656,19.93000030517578,20.149999618530277,19.464767456054688,1914600.0
2024-09-10,20.18000030517578,20.280000686645508,19.63999938964844,20.229999542236328,19.54204750061035,2391600.0
2024-09-11,19.979999542236328,20.18000030517578,19.75,20.049999237060547,19.368167877197266,1672400.0
2024-09-12,20.21999931335449,21.0,20.100000381469727,20.90999984741211,20.198923110961918,2254600.0
2024-09-13,21.09000015258789,21.290000915527344,21.049999237060547,21.229999542236328,20.508041381835938,1086600.0
2024-09-16,21.350000381469727,21.559999465942383,21.21999931335449,21.229999542236328,20.508041381835938,1283000.0
2024-09-17,21.34000015258789,21.88999938964844,21.34000015258789,21.57999992370605,20.84613800048828,1087800.0
2024-09-18,21.549999237060547,22.200000762939453,21.440000534057617,21.739999771118164,21.00069808959961,1046000.0
2024-09-19,22.18000030517578,22.46999931335449,21.93000030517578,22.07999992370605,21.329137802124023,1472500.0
2024-09-20,22.040000915527344,22.1299991607666,21.850000381469727,22.06999969482422,21.319475173950195,3231100.0
2024-09-23,22.190000534057617,22.31999969482422,22.0,22.06999969482422,21.319475173950195,969800.0
2024-09-24,22.06999969482422,22.13999938964844,21.440000534057617,21.530000686645508,20.79784202575684,1524300.0
2024-09-25,21.90999984741211,22.01000022888184,21.729999542236328,21.850000381469727,21.106956481933597,3479400.0
2024-09-26,22.020000457763672,22.26000022888184,21.950000762939453,22.25,21.49335479736328,1395700.0
2024-09-27,22.5,22.82999992370605,22.3700008392334,22.559999465942383,21.792814254760746,1214400.0
2024-09-30,22.43000030517578,22.950000762939453,22.290000915527344,22.8700008392334,22.092273712158203,1497100.0
2024-10-01,22.770000457763672,22.81999969482422,21.950000762939453,21.96999931335449,21.222877502441406,1329500.0
2024-10-02,22.290000915527344,22.51000022888184,21.93000030517578,21.989999771118164,21.242197036743164,1535900.0
2024-10-03,21.8700008392334,22.1299991607666,21.690000534057617,22.01000022888184,21.261518478393555,1015800.0
2024-10-04,22.40999984741211,22.780000686645508,22.100000381469727,22.76000022888184,21.986013412475582,1007400.0
2024-10-07,22.649999618530277,22.959999084472656,22.479999542236328,22.93000030517578,22.15023231506348,1523000.0
2024-10-08,23.0,23.06999969482422,22.68000030517578,22.84000015258789,22.06328773498535,841600.0
2024-10-09,22.8799991607666,23.040000915527344,22.700000762939453,22.75,21.97635269165039,1276400.0
2024-10-10,22.739999771118164,22.8799991607666,22.600000381469727,22.690000534057617,21.91839408874512,933600.0
2024-10-11,22.86000061035156,23.420000076293945,22.770000457763672,23.270000457763672,22.478670120239254,1085100.0
2024-10-14,23.32999992370605,23.32999992370605,22.82999992370605,23.09000015258789,22.30479049682617,1536000.0
2024-10-15,23.09000015258789,23.489999771118164,22.989999771118164,23.18000030517578,22.3917293548584,1133800.0
2024-10-16,23.31999969482422,23.71999931335449,23.270000457763672,23.51000022888184,22.710506439208984,1486500.0
2024-10-17,23.6299991607666,23.649999618530277,23.40999984741211,23.63999938964844,22.83608627319336,1115400.0
2024-10-18,23.600000381469727,23.600000381469727,22.920000076293945,23.209999084472656,22.42070579528809,1294100.0
2024-10-21,23.13999938964844,23.25,22.690000534057617,22.950000762939453,22.169551849365234,1505900.0
2024-10-22,22.88999938964844,23.09000015258789,22.81999969482422,23.030000686645508,22.246828079223636,1386100.0
2024-10-23,22.81999969482422,23.149999618530277,22.690000534057617,22.799999237060547,22.0246524810791,1326200.0
2024-10-24,21.82999992370605,22.56999969482422,21.540000915527344,22.209999084472656,21.45471572875977,4783000.0
2024-10-25,22.43000030517578,22.690000534057617,21.8700008392334,21.899999618530277,21.155258178710938,2880500.0
2024-10-28,22.13999938964844,22.51000022888184,21.920000076293945,22.350000381469727,21.589954376220703,2102800.0
2024-10-29,22.170000076293945,22.3799991607666,21.979999542236328,22.15999984741211,21.406414031982425,1640700.0
2024-10-30,22.13999938964844,22.75,22.040000915527344,22.559999465942383,21.792814254760746,2012600.0
2024-10-31,22.549999237060547,22.700000762939453,22.01000022888184,22.030000686645508,21.28083610534668,1161200.0
2024-11-01,22.13999938964844,22.209999084472656,21.65999984741211,21.700000762939453,20.962059020996094,1402600.0
2024-11-04,21.61000061035156,21.790000915527344,21.100000381469727,21.3700008392334,20.643280029296875,2242300.0
2024-11-05,21.399999618530277,21.920000076293945,21.399999618530277,21.8799991607666,21.13593864440918,1485200.0
2024-11-06,23.420000076293945,24.530000686645508,22.979999542236328,24.479999542236328,23.64752197265625,3923400.0
2024-11-07,24.459999084472656,24.59000015258789,23.63999938964844,23.709999084472656,22.903705596923828,1744600.0
2024-11-08,23.709999084472656,23.75,23.18000030517578,23.209999084472656,22.42070579528809,1691600.0
2024-11-11,23.38999938964844,24.18000030517578,23.38999938964844,23.899999618530277,23.08724594116211,1699600.0
2024-11-12,23.68000030517578,24.209999084472656,23.56999969482422,24.07999992370605,23.26112174987793,1559200.0
2024-11-13,24.25,24.43000030517578,23.979999542236328,24.049999237060547,23.232141494750977,1248700.0
2024-11-14,24.01000022888184,24.31999969482422,23.8799991607666,24.020000457763672,23.203161239624023,890700.0
2024-11-15,24.049999237060547,24.540000915527344,23.88999938964844,24.46999931335449,23.63786125183105,1385300.0
2024-11-18,24.479999542236328,24.479999542236328,23.989999771118164,24.200000762939453,23.37704467773437,1231900.0
2024-11-19,23.920000076293945,24.209999084472656,23.799999237060547,23.8700008392334,23.058263778686523,2580600.0
2024-11-20,23.950000762939453,24.11000061035156,23.780000686645508,23.96999931335449,23.154861450195312,1608300.0
2024-11-21,24.1299991607666,25.100000381469727,24.1299991607666,24.86000061035156,24.014598846435547,2189700.0
2024-11-22,24.920000076293945,27.18000030517578,24.920000076293945,27.1299991607666,26.20740127563477,6476300.0
2024-11-25,27.459999084472656,28.21999931335449,27.459999084472656,27.8799991607666,26.9318962097168,5756800.0
2024-11-26,28.0,28.07999992370605,27.3799991607666,27.420000076293945,26.48754119873047,5048500.0
2024-11-27,27.420000076293945,27.5,26.81999969482422,27.200000762939453,26.275022506713867,1557600.0
2024-11-29,27.32999992370605,27.57999992370605,27.100000381469727,27.3799991607666,26.44890022277832,2098900.0
2024-12-02,27.25,27.31999969482422,26.51000022888184,26.559999465942383,25.656787872314453,3775900.0
2024-12-03,26.65999984741211,26.8799991607666,26.459999084472656,26.5,25.59882926940918,1709500.0
2024-12-04,26.46999931335449,26.8799991607666,26.21999931335449,26.84000015258789,25.927265167236328,1923400.0
2024-12-05,26.809999465942383,26.959999084472656,26.239999771118164,26.270000457763672,25.500158309936523,1816600.0
2024-12-06,25.93000030517578,26.649999618530277,25.93000030517578,26.56999969482422,25.79136657714844,1971600.0
2024-12-09,26.3799991607666,26.440000534057617,26.020000457763672,26.09000015258789,25.3254337310791,1643900.0
2024-12-10,26.270000457763672,26.34000015258789,25.84000015258789,26.229999542236328,25.461332321166992,1652700.0
2024-12-11,26.540000915527344,26.6299991607666,26.07999992370605,26.479999542236328,25.70400619506836,1981500.0
2024-12-12,26.600000381469727,27.399999618530277,26.030000686645508,27.229999542236328,26.432025909423828,2574600.0
2024-12-13,27.21999931335449,27.350000381469727,26.959999084472656,27.18000030517578,26.38349151611328,2562700.0
2024-12-16,27.31999969482422,27.799999237060547,26.90999984741211,27.75,26.93678855895996,2314400.0
2024-12-17,27.63999938964844,28.01000022888184,27.299999237060547,27.68000030517578,26.86884117126465,3122400.0
2024-12-18,27.809999465942383,28.01000022888184,26.63999938964844,26.8700008392334,26.082576751708984,5333600.0
2024-12-19,27.309999465942383,27.950000762939453,27.11000061035156,27.46999931335449,26.66499328613281,4258400.0
2024-12-20,27.479999542236328,28.239999771118164,27.270000457763672,27.790000915527344,26.975616455078125,12068300.0
2024-12-23,27.479999542236328,27.65999984741211,26.96999931335449,27.46999931335449,26.66499328613281,2610500.0
2024-12-24,27.649999618530277,28.020000457763672,27.479999542236328,27.959999084472656,27.14063262939453,1017700.0
2024-12-26,27.790000915527344,28.170000076293945,27.649999618530277,28.13999938964844,27.315359115600582,1274800.0
2024-12-27,28.020000457763672,28.18000030517578,27.6200008392334,27.8700008392334,27.05327415466309,1530700.0
2024-12-30,27.770000457763672,27.81999969482422,27.3799991607666,27.549999237060547,26.74264907836914,1821500.0
2024-12-31,27.739999771118164,28.06999969482422,27.530000686645508,27.57999992370605,26.77176856994629,1702000.0
2025-01-02,27.75,28.07999992370605,27.030000686645508,27.350000381469727,26.548511505126957,2412200.0
2025-01-03,27.690000534057617,28.739999771118164,27.38999938964844,28.170000076293945,27.344480514526367,1929600.0
2025-01-06,28.459999084472656,28.90999984741211,28.030000686645508,28.200000762939453,27.37360382080078,3162200.0
2025-01-07,28.25,28.51000022888184,27.63999938964844,27.920000076293945,27.101808547973636,2905200.0
2025-01-08,27.8700008392334,27.8700008392334,27.309999465942383,27.489999771118164,26.684406280517575,2135200.0
2025-01-10,27.01000022888184,27.34000015258789,26.82999992370605,26.950000762939453,26.160232543945312,2811600.0
2025-01-13,26.71999931335449,27.270000457763672,26.549999237060547,27.25,26.451440811157227,1799400.0
2025-01-14,27.530000686645508,27.75,27.149999618530277,27.6299991607666,26.82030296325684,3081900.0
2025-01-15,27.950000762939453,28.440000534057617,27.88999938964844,28.200000762939453,27.37360382080078,4207700.0
2025-01-16,28.15999984741211,28.520000457763672,27.96999931335449,28.1299991607666,27.305652618408203,2110400.0
2025-01-17,28.440000534057617,28.549999237060547,27.950000762939453,27.979999542236328,27.16004943847656,1926400.0
2025-01-21,28.229999542236328,28.809999465942383,28.01000022888184,28.56999969482422,27.73275756835937,2487600.0
2025-01-22,28.88999938964844,29.200000762939453,28.739999771118164,29.07999992370605,28.227813720703125,3095400.0
2025-01-23,29.07999992370605,29.75,29.07999992370605,29.299999237060547,28.44136619567871,3647800.0
2025-01-24,30.63999938964844,31.489999771118164,28.950000762939453,29.01000022888184,28.15986442565918,5580600.0
2025-01-27,28.780000686645508,28.959999084472656,28.209999084472656,28.63999938964844,27.800704956054688,2778900.0
2025-01-28,28.57999992370605,28.739999771118164,28.26000022888184,28.57999992370605,27.74246406555176,1247200.0
2025-01-29,28.420000076293945,28.899999618530277,28.21999931335449,28.700000762939453,27.85894775390625,1588000.0
2025-01-30,28.90999984741211,29.07999992370605,28.43000030517578,28.71999931335449,27.87836265563965,1858900.0
2025-01-31,28.76000022888184,28.76000022888184,27.81999969482422,27.90999984741211,27.092098236083984,3213700.0
2025-02-03,27.350000381469727,28.06999969482422,27.059999465942383,28.01000022888184,27.189170837402344,1524400.0
2025-02-04,28.049999237060547,29.059999465942383,27.979999542236328,29.01000022888184,28.15986442565918,2748700.0
2025-02-05,29.270000457763672,29.989999771118164,29.270000457763672,29.950000762939453,29.07231903076172,2761800.0
2025-02-06,30.26000022888184,30.270000457763672,29.82999992370605,30.049999237060547,29.16938781738281,2350000.0
2025-02-07,30.07999992370605,30.25,29.940000534057617,29.950000762939453,29.07231903076172,2084000.0
2025-02-10,30.13999938964844,30.15999984741211,29.06999969482422,29.09000015258789,28.237520217895508,2009700.0
2025-02-11,28.8799991607666,29.149999618530277,28.799999237060547,29.11000061035156,28.256933212280277,2080600.0
2025-02-12,29.0,29.57999992370605,28.959999084472656,29.5,28.63550567626953,2192800.0
2025-02-13,29.729999542236328,30.18000030517578,29.299999237060547,30.020000457763672,29.1402645111084,2079700.0
2025-02-14,30.149999618530277,31.459999084472656,29.940000534057617,31.43000030517578,30.508947372436523,2796700.0
2025-02-18,31.670000076293945,32.599998474121094,31.290000915527344,32.540000915527344,31.58642196655273,4226100.0
2025-02-19,32.29999923706055,32.650001525878906,32.220001220703125,32.529998779296875,31.57671165466309,3261300.0
2025-02-20,32.54999923706055,32.599998474121094,31.440000534057617,32.029998779296875,31.09136009216309,3434200.0
2025-02-21,32.04999923706055,32.25,30.63999938964844,30.68000030517578,29.780925750732425,5500400.0
2025-02-24,30.81999969482422,31.21999931335449,30.13999938964844,30.59000015258789,29.69356346130371,2436000.0
2025-02-25,30.59000015258789,30.790000915527344,29.8799991607666,30.020000457763672,29.1402645111084,3118000.0
2025-02-26,30.26000022888184,30.920000076293945,30.040000915527344,30.100000381469727,29.21792221069336,3084900.0
2025-02-27,30.059999465942383,30.3799991607666,29.6200008392334,30.1200008392334,29.23733711242676,2820000.0
2025-02-28,30.040000915527344,30.46999931335449,29.780000686645508,30.190000534057617,29.305286407470703,3520900.0
2025-03-03,30.32999992370605,30.690000534057617,29.11000061035156,29.26000022888184,28.402538299560547,1978100.0
2025-03-04,28.780000686645508,29.6200008392334,27.700000762939453,29.1200008392334,28.266639709472656,4821500.0
2025-03-05,28.940000534057617,29.46999931335449,28.6299991607666,29.270000457763672,28.53965377807617,2426900.0
2025-03-06,28.940000534057617,29.209999084472656,28.040000915527344,29.0,28.276390075683597,2912700.0
2025-03-07,28.8700008392334,29.59000015258789,28.100000381469727,29.459999084472656,28.72491455078125,2983800.0
2025-03-10,29.459999084472656,30.270000457763672,28.270000457763672,28.799999237060547,28.081378936767575,3327100.0
2025-03-11,28.56999969482422,28.959999084472656,27.729999542236328,28.450000762939453,27.74011611938477,3191900.0
2025-03-12,28.959999084472656,29.1200008392334,28.07999992370605,28.790000915527344,28.071632385253903,3381100.0
2025-03-13,28.93000030517578,29.200000762939453,28.209999084472656,28.36000061035156,27.65236091613769,3597800.0
2025-03-14,28.799999237060547,29.46999931335449,28.559999465942383,29.26000022888184,28.529903411865234,2237700.0
2025-03-17,28.90999984741211,29.420000076293945,28.3799991607666,29.26000022888184,28.529903411865234,3772900.0
2025-03-18,29.11000061035156,29.46999931335449,28.8700008392334,29.1299991607666,28.40314674377441,2741400.0
2025-03-19,29.21999931335449,30.420000076293945,29.06999969482422,30.11000061035156,29.35869598388672,3693400.0
2025-03-20,29.739999771118164,30.559999465942383,29.520000457763672,29.8700008392334,29.124683380126957,3669000.0
2025-03-21,29.51000022888184,29.84000015258789,29.190000534057617,29.700000762939453,28.958925247192383,22118200.0
2025-03-24,30.149999618530277,30.57999992370605,29.86000061035156,30.420000076293945,29.66095924377441,3133100.0
2025-03-25,30.43000030517578,30.81999969482422,30.0,30.040000915527344,29.290441513061523,1905900.0
2025-03-26,30.149999618530277,30.489999771118164,29.81999969482422,29.93000030517578,29.183185577392575,2371400.0
2025-03-27,29.82999992370605,30.01000022888184,29.3799991607666,29.729999542236328,28.988176345825195,1678100.0
2025-03-28,29.6299991607666,29.93000030517578,28.709999084472656,28.899999618530277,28.17888641357422,1682100.0
2025-03-31,28.420000076293945,29.559999465942383,28.229999542236328,29.3700008392334,28.637157440185547,1936400.0
2025-04-01,29.170000076293945,29.709999084472656,28.88999938964844,29.6200008392334,28.880922317504883,1738600.0
2025-04-02,29.229999542236328,30.700000762939453,29.100000381469727,30.13999938964844,29.3879451751709,2047700.0
2025-04-03,28.600000381469727,29.13999938964844,27.309999465942383,27.3700008392334,26.68706321716309,3227300.0
2025-04-04,26.21999931335449,26.59000015258789,24.6299991607666,25.540000915527344,24.90272521972656,3955900.0
2025-04-07,24.36000061035156,26.049999237060547,23.809999465942383,24.93000030517578,24.307945251464844,5948400.0
2025-04-08,26.270000457763672,26.790000915527344,24.36000061035156,24.84000015258789,24.220191955566406,3407500.0
2025-04-09,24.559999465942383,27.59000015258789,23.989999771118164,27.25,26.570056915283203,3606700.0
2025-04-10,26.46999931335449,26.489999771118164,25.09000015258789,25.780000686645508,25.136737823486328,2014700.0
2025-04-11,25.649999618530277,25.8700008392334,24.68000030517578,25.459999084472656,24.824722290039062,2519300.0
2025-04-14,26.040000915527344,26.440000534057617,25.81999969482422,26.100000381469727,25.448753356933597,1687400.0
2025-04-15,26.1299991607666,27.600000381469727,26.1299991607666,26.649999618530277,25.985027313232425,1728200.0
2025-04-16,26.399999618530277,26.670000076293945,25.989999771118164,26.280000686645508,25.62425994873047,1746600.0
2025-04-17,26.399999618530277,27.170000076293945,26.270000457763672,26.780000686645508,26.11178398132324,1979300.0
2025-04-21,26.700000762939453,26.899999618530277,25.93000030517578,26.040000915527344,25.390247344970703,1669200.0
2025-04-22,26.3700008392334,26.799999237060547,26.100000381469727,26.709999084472656,26.04353141784668,3338500.0
2025-04-23,27.46999931335449,28.18000030517578,27.0,27.149999618530277,26.472551345825195,2483000.0
2025-04-24,27.1299991607666,28.3700008392334,27.1299991607666,28.13999938964844,27.43785095214844,3406100.0
2025-04-25,28.40999984741211,28.43000030517578,27.59000015258789,27.75,27.057580947875977,3229800.0
2025-04-28,27.56999969482422,28.290000915527344,27.51000022888184,28.209999084472656,27.506103515625,2284200.0
2025-04-29,28.25,29.57999992370605,28.25,28.81999969482422,28.10088348388672,3144800.0
2025-04-30,28.309999465942383,29.0,27.950000762939453,28.90999984741211,28.188634872436523,2634300.0
2025-05-01,28.82999992370605,30.229999542236328,28.780000686645508,29.989999771118164,29.241687774658203,3119400.0
2025-05-02,30.489999771118164,31.25,30.270000457763672,31.190000534057617,30.41174697875977,2562400.0
2025-05-05,30.739999771118164,31.71999931335449,30.520000457763672,31.46999931335449,30.68475914001465,2094600.0
2025-05-06,31.18000030517578,31.43000030517578,30.93000030517578,31.1299991607666,30.353242874145508,1825800.0
2025-05-07,31.440000534057617,31.76000022888184,31.209999084472656,31.520000457763672,30.733510971069336,3457300.0
2025-05-08,31.76000022888184,32.459999084472656,31.61000061035156,31.959999084472656,31.162532806396484,2183100.0
2025-05-09,32.0,32.25,31.700000762939453,32.18000030517578,31.377042770385746,1806500.0
2025-05-12,32.83000183105469,33.849998474121094,32.7599983215332,33.310001373291016,32.47884750366211,2189700.0
2025-05-13,33.400001525878906,33.880001068115234,33.369998931884766,33.70000076293945,32.8591194152832,1817600.0
2025-05-14,33.41999816894531,33.810001373291016,33.380001068115234,33.630001068115234,32.790863037109375,1457700.0
2025-05-15,33.33000183105469,33.58000183105469,32.849998474121094,33.400001525878906,32.56660079956055,2003600.0
2025-05-16,33.16999816894531,33.79999923706055,33.16999816894531,33.689998626708984,32.849365234375,1568400.0
2025-05-19,33.5,33.939998626708984,33.40999984741211,33.79999923706055,32.95661926269531,1233800.0
2025-05-20,33.81999969482422,33.900001525878906,33.5099983215332,33.599998474121094,32.76161193847656,1027000.0
2025-05-21,33.33000183105469,33.56999969482422,32.77000045776367,32.790000915527344,31.97182273864746,1182000.0
2025-05-22,32.880001068115234,33.91999816894531,32.86000061035156,33.650001525878906,32.81036376953125,2345700.0
2025-05-23,32.959999084472656,33.95000076293945,32.52000045776367,33.58000183105469,32.74211120605469,2003500.0
2025-05-27,34.0,34.54999923706055,33.68000030517578,34.36000061035156,33.50265121459961,2154600.0
2025-05-28,34.189998626708984,34.33000183105469,33.349998474121094,33.5099983215332,32.67385482788086,1729900.0
2025-05-29,33.70000076293945,33.97999954223633,32.650001525878906,32.88999938964844,32.06932830810547,1976300.0
2025-05-30,32.79999923706055,32.939998626708984,32.09000015258789,32.369998931884766,31.562299728393555,4115000.0
2025-06-02,32.349998474121094,32.470001220703125,31.649999618530277,32.369998931884766,31.562299728393555,1981900.0
2025-06-03,32.38999938964844,32.91999816894531,32.029998779296875,32.66999816894531,31.854816436767575,1482700.0
2025-06-04,32.68000030517578,32.84000015258789,32.16999816894531,32.18000030517578,31.377042770385746,1502200.0
2025-06-05,32.11000061035156,32.22999954223633,31.65999984741211,31.809999465942383,31.14208030700684,2069700.0
2025-06-06,32.310001373291016,32.630001068115234,32.04999923706055,32.15999984741211,31.4847354888916,1142600.0
2025-06-09,32.47999954223633,32.47999954223633,31.799999237060547,31.84000015258789,31.17145347595215,1496500.0
2025-06-10,31.899999618530277,31.899999618530277,31.51000022888184,31.59000015258789,30.92670249938965,1360300.0
2025-06-11,31.739999771118164,31.770000457763672,31.21999931335449,31.68000030517578,31.014812469482425,1712700.0
2025-06-12,31.32999992370605,31.65999984741211,31.239999771118164,31.6299991607666,30.96586227416992,1740500.0
2025-06-13,31.26000022888184,31.799999237060547,31.06999969482422,31.200000762939453,30.544891357421875,2016800.0
2025-06-16,31.489999771118164,32.09000015258789,31.489999771118164,31.81999969482422,31.15187263488769,1500900.0
2025-06-17,31.600000381469727,31.90999984741211,31.21999931335449,31.239999771118164,30.58405113220215,1592100.0
2025-06-18,31.15999984741211,32.130001068115234,31.15999984741211,31.700000762939453,31.034393310546875,1689700.0
2025-06-20,31.979999542236328,31.979999542236328,31.36000061035156,31.57999992370605,30.91691398620605,5046100.0
2025-06-23,31.489999771118164,31.729999542236328,30.959999084472656,31.700000762939453,31.034393310546875,1561800.0
2025-06-24,32.0,32.290000915527344,31.93000030517578,32.119998931884766,31.44557380676269,1508200.0
2025-06-25,32.13999938964844,32.400001525878906,31.8799991607666,32.31999969482422,31.641372680664062,1390400.0
2025-06-26,32.470001220703125,33.02000045776367,32.25,32.95000076293945,32.25814437866211,1692300.0
2025-06-27,33.15999984741211,33.369998931884766,32.63999938964844,32.959999084472656,32.26793670654297,4123200.0
2025-06-30,33.060001373291016,33.2599983215332,32.7400016784668,32.790000915527344,32.101505279541016,1591100.0
2025-07-01,32.68000030517578,33.880001068115234,32.470001220703125,33.36000061035156,32.65953826904297,2858700.0
2025-07-02,33.470001220703125,33.849998474121094,33.209999084472656,33.79999923706055,33.09029769897461,1965500.0
2025-07-03,33.90999984741211,34.25,33.849998474121094,33.869998931884766,33.15882873535156,1646800.0
2025-07-07,33.70000076293945,34.40999984741211,33.56999969482422,34.400001525878906,33.67770004272461,1947600.0
2025-07-08,34.65999984741211,34.970001220703125,33.72999954223633,33.75,33.041351318359375,2834900.0
2025-07-09,33.869998931884766,33.9900016784668,33.0099983215332,33.13999938964844,32.44415664672852,2912000.0
2025-07-10,33.279998779296875,33.970001220703125,33.060001373291016,33.709999084472656,33.0021858215332,3176000.0
2025-07-11,33.75,33.849998474121094,33.290000915527344,33.40999984741211,32.70848846435547,1408800.0
2025-07-14,33.41999816894531,33.59000015258789,33.06999969482422,33.56999969482422,32.8651237487793,2010300.0
2025-07-15,33.43000030517578,33.650001525878906,32.61000061035156,32.630001068115234,31.94486427307129,2639600.0
2025-07-16,32.880001068115234,32.959999084472656,32.27000045776367,32.70000076293945,32.013397216796875,1478000.0
2025-07-17,32.65999984741211,33.2400016784668,32.65999984741211,33.13999938964844,32.44415664672852,1674400.0
2025-07-18,33.2599983215332,33.33000183105469,32.54999923706055,32.83000183105469,32.14066696166992,1672000.0
2025-07-21,32.86000061035156,33.20000076293945,32.68000030517578,32.720001220703125,32.03297424316406,1535400.0
2025-07-22,32.75,33.189998626708984,32.43000030517578,32.7599983215332,32.0721321105957,1859600.0
2025-07-23,33.13999938964844,33.5,32.880001068115234,33.02000045776367,32.32667541503906,1723700.0
2025-07-24,32.95000076293945,33.209999084472656,31.950000762939453,32.0099983215332,31.33788108825684,2696700.0
2025-07-25,32.689998626708984,33.099998474121094,30.38999938964844,32.7400016784668,32.05255508422852,4763000.0
2025-07-28,32.81999969482422,33.4900016784668,32.720001220703125,32.790000915527344,32.101505279541016,3177100.0
2025-07-29,32.959999084472656,33.02000045776367,31.850000381469727,32.220001220703125,31.543476104736328,2756000.0
2025-07-30,32.279998779296875,32.38999938964844,31.700000762939453,31.81999969482422,31.15187263488769,2779900.0
2025-07-31,31.71999931335449,32.15999984741211,31.46999931335449,31.799999237060547,31.13228988647461,1808800.0
2025-08-01,31.209999084472656,31.729999542236328,30.540000915527344,31.229999542236328,30.57425880432129,1855400.0
2025-08-04,31.479999542236328,32.0,31.34000015258789,31.86000061035156,31.19103240966797,1811700.0
2025-08-05,32.06999969482422,32.06999969482422,31.290000915527344,31.799999237060547,31.13228988647461,2043400.0
2025-08-06,31.850000381469727,31.90999984741211,31.46999931335449,31.84000015258789,31.17145347595215,1259400.0
2025-08-07,32.13999938964844,32.22999954223633,31.450000762939453,31.559999465942383,30.89733123779297,1646200.0
2025-08-08,31.86000061035156,32.18000030517578,31.61000061035156,31.88999938964844,31.22040367126465,876100.0
2025-08-11,32.02000045776367,32.2400016784668,31.690000534057617,31.75,31.083341598510746,1220700.0
2025-08-12,32.0099983215332,32.650001525878906,32.0,32.560001373291016,31.8763370513916,1262600.0
2025-08-13,32.75,33.16999816894531,32.7400016784668,33.09000015258789,32.395206451416016,1969700.0
2025-08-14,32.790000915527344,33.04999923706055,32.47999954223633,32.9900016784668,32.29730987548828,1198100.0
2025-08-15,33.0,33.0099983215332,29.520000457763672,30.31999969482422,29.68336677551269,6784600.0
2025-08-18,30.18000030517578,31.76000022888184,30.020000457763672,30.6299991607666,29.98685646057129,2688800.0
2025-08-19,30.56999969482422,30.82999992370605,30.239999771118164,30.25,29.61483764648437,1196300.0
2025-08-20,30.229999542236328,30.739999771118164,30.049999237060547,30.65999984741211,30.0162296295166,1421700.0
2025-08-21,30.479999542236328,30.8799991607666,30.31999969482422,30.84000015258789,30.19244956970215,1384900.0
2025-08-22,31.020000457763672,32.040000915527344,31.020000457763672,31.729999542236328,31.06376266479492,1516600.0
2025-08-25,31.729999542236328,31.8700008392334,31.31999969482422,31.51000022888184,30.84838104248047,1544000.0
2025-08-26,31.5,31.989999771118164,31.479999542236328,31.850000381469727,31.181245803833008,1959700.0
2025-08-27,31.82999992370605,32.06999969482422,31.68000030517578,31.709999084472656,31.04417991638184,1719800.0
2025-08-28,31.8799991607666,31.8799991607666,31.290000915527344,31.309999465942383,30.6525821685791,1474300.0
2025-08-29,31.290000915527344,31.46999931335449,31.030000686645508,31.280000686645508,30.62321281433105,1709500.0
2025-09-02,31.049999237060547,31.670000076293945,30.31999969482422,30.979999542236328,30.32951164245605,1999400.0
2025-09-03,30.799999237060547,31.190000534057617,30.479999542236328,30.8700008392334,30.221820831298828,1809800.0
2025-09-04,30.93000030517578,31.780000686645508,30.76000022888184,31.770000457763672,31.23445701599121,1579000.0
2025-09-05,31.850000381469727,32.02000045776367,30.790000915527344,31.11000061035156,30.585582733154297,1846400.0
2025-09-08,31.149999618530277,31.270000457763672,30.299999237060547,30.440000534057617,29.926876068115234,2625800.0
2025-09-09,30.38999938964844,30.38999938964844,29.059999465942383,29.81999969482422,29.31732749938965,4904900.0
2025-09-10,29.790000915527344,29.899999618530277,28.670000076293945,28.809999465942383,28.324352264404297,2935900.0
2025-09-11,28.81999969482422,29.09000015258789,28.68000030517578,29.030000686645508,28.540645599365234,3465400.0
2025-09-12,29.049999237060547,29.170000076293945,28.09000015258789,28.1299991607666,27.65581321716309,4094900.0
2025-09-15,28.1200008392334,28.34000015258789,27.770000457763672,27.86000061035156,27.39036750793457,5045400.0
2025-09-16,27.989999771118164,28.5,27.670000076293945,28.040000915527344,27.567333221435547,2735600.0
2025-09-17,28.1299991607666,28.479999542236328,27.850000381469727,28.1200008392334,27.64598655700684,4118300.0
2025-09-18,28.309999465942383,28.84000015258789,28.09000015258789,28.450000762939453,27.970422744750977,3043000.0
2025-09-19,28.420000076293945,28.63999938964844,28.030000686645508,28.43000030517578,27.95075798034668,6982500.0
2025-09-22,28.239999771118164,28.670000076293945,28.149999618530277,28.549999237060547,28.068735122680664,2699600.0
2025-09-23,28.6200008392334,28.700000762939453,27.950000762939453,27.979999542236328,27.508344650268555,2551600.0
2025-09-24,28.0,28.5,28.0,28.440000534057617,27.960588455200195,2329900.0
2025-09-25,28.280000686645508,28.450000762939453,27.940000534057617,28.07999992370605,27.606658935546875,3011600.0
2025-09-26,28.07999992370605,28.36000061035156,27.88999938964844,27.90999984741211,27.43952369689941,2634900.0
2025-09-29,28.18000030517578,28.21999931335449,27.670000076293945,28.030000686645508,27.5575008392334,3376500.0
2025-09-30,28.01000022888184,28.100000381469727,26.770000457763672,27.68000030517578,27.213401794433597,5101000.0
2025-10-01,27.350000381469727,27.81999969482422,27.290000915527344,27.399999618530277,26.938119888305664,3429400.0
2025-10-02,27.46999931335449,27.530000686645508,26.76000022888184,27.229999542236328,26.77098655700684,3014900.0
2025-10-03,27.26000022888184,27.700000762939453,27.020000457763672,27.549999237060547,27.08559226989746,4047700.0
2025-10-06,27.65999984741211,27.8700008392334,27.09000015258789,27.1200008392334,26.662839889526367,2937700.0
2025-10-07,26.899999618530277,27.149999618530277,26.40999984741211,27.040000915527344,26.584190368652344,3431200.0
2025-10-08,27.209999084472656,27.209999084472656,26.46999931335449,26.56999969482422,26.12211227416992,2874200.0
2025-10-09,26.71999931335449,26.84000015258789,26.38999938964844,26.440000534057617,25.994304656982425,1641900.0
2025-10-10,26.61000061035156,26.729999542236328,25.46999931335449,25.65999984741211,25.22745132446289,3198600.0
2025-10-13,25.950000762939453,26.059999465942383,25.399999618530277,25.5,25.07015037536621,2726100.0
2025-10-14,25.15999984741211,26.790000915527344,25.15999984741211,26.299999237060547,25.85666275024414,3305300.0
2025-10-15,26.450000762939453,26.739999771118164,26.270000457763672,26.299999237060547,25.85666275024414,2653100.0
2025-10-16,26.299999237060547,26.34000015258789,25.1299991607666,25.190000534057617,24.7653751373291,2470000.0
2025-10-17,25.36000061035156,25.790000915527344,25.34000015258789,25.690000534057617,25.256948471069336,2009000.0
2025-10-20,25.729999542236328,26.11000061035156,25.57999992370605,26.07999992370605,25.64037132263184,1682900.0
2025-10-21,26.030000686645508,27.040000915527344,26.030000686645508,26.75,26.2990779876709,2878600.0
2025-10-22,26.770000457763672,27.100000381469727,26.459999084472656,27.0,26.544864654541016,3432900.0
2025-10-23,26.709999084472656,27.190000534057617,26.59000015258789,26.729999542236328,26.279415130615234,6674000.0
2025-10-24,29.809999465942383,30.0,27.31999969482422,27.6200008392334,27.1544132232666,10041600.0
2025-10-27,27.86000061035156,28.46999931335449,27.549999237060547,28.450000762939453,27.970422744750977,3335300.0
2025-10-28,28.479999542236328,28.600000381469727,28.1299991607666,28.25,27.773792266845703,2972700.0
2025-10-29,27.989999771118164,28.13999938964844,26.850000381469727,26.979999542236328,26.52519989013672,3312100.0
2025-10-30,26.920000076293945,27.149999618530277,26.43000030517578,26.61000061035156,26.16143798828125,2967100.0
2025-10-31,26.600000381469727,26.90999984741211,26.40999984741211,26.850000381469727,26.39739227294922,1802300.0
2025-11-03,26.709999084472656,27.399999618530277,26.3799991607666,27.25,26.7906494140625,1818100.0
2025-11-04,27.229999542236328,27.549999237060547,26.989999771118164,27.11000061035156,26.653011322021484,1682500.0
2025-11-05,27.3700008392334,27.700000762939453,26.90999984741211,27.3799991607666,26.91845703125,1994600.0
2025-11-06,27.32999992370605,27.600000381469727,26.709999084472656,26.76000022888184,26.308910369873047,1516500.0
2025-11-07,26.600000381469727,26.799999237060547,25.950000762939453,26.76000022888184,26.308910369873047,2355500.0
2025-11-10,26.90999984741211,27.1200008392334,26.489999771118164,26.82999992370605,26.377729415893555,2325100.0
2025-11-11,26.780000686645508,26.8700008392334,26.540000915527344,26.780000686645508,26.32857322692871,1416000.0
2025-11-12,26.8799991607666,28.299999237060547,26.809999465942383,28.18000030517578,27.704973220825195,4188000.0
2025-11-13,27.940000534057617,28.81999969482422,27.940000534057617,28.290000915527344,27.81311798095703,4252300.0
2025-11-14,28.0,28.270000457763672,27.51000022888184,27.600000381469727,27.134750366210938,3235300.0
2025-11-17,27.489999771118164,28.040000915527344,26.57999992370605,26.88999938964844,26.436717987060547,2790600.0
2025-11-18,26.57999992370605,27.18000030517578,26.57999992370605,26.850000381469727,26.39739227294922,2046700.0
2025-11-19,26.899999618530277,27.21999931335449,26.65999984741211,27.15999984741211,26.70216560363769,1469500.0
2025-11-20,27.209999084472656,27.65999984741211,26.530000686645508,26.90999984741211,26.45638084411621,2004200.0
2025-11-21,27.049999237060547,28.26000022888184,27.0,27.88999938964844,27.41986083984375,2597400.0
2025-11-24,27.81999969482422,28.34000015258789,27.739999771118164,28.25,27.773792266845703,2928500.0
2025-11-25,28.31999969482422,29.239999771118164,28.31999969482422,29.030000686645508,28.540645599365234,1741900.0
2025-11-26,28.940000534057617,29.3799991607666,28.8799991607666,29.049999237060547,28.560306549072266,1348200.0
2025-11-28,29.25,29.420000076293945,29.15999984741211,29.299999237060547,28.80609130859375,565300.0
2025-12-01,29.01000022888184,29.8700008392334,29.01000022888184,29.76000022888184,29.25834083557129,1650100.0
2025-12-02,29.8799991607666,30.1299991607666,29.63999938964844,29.780000686645508,29.27800178527832,2137000.0
2025-12-03,29.780000686645508,30.440000534057617,29.690000534057617,30.100000381469727,29.592609405517575,1846500.0
2025-12-04,29.96999931335449,30.38999938964844,29.96999931335449,30.15999984741211,29.780214309692383,1977900.0
2025-12-05,30.0,30.770000457763672,29.76000022888184,30.65999984741211,30.27391815185547,2310300.0
2025-12-08,30.6200008392334,31.059999465942383,30.26000022888184,30.850000381469727,30.46152687072754,3101300.0
2025-12-09,25.700000762939453,26.920000076293945,24.8700008392334,26.239999771118164,25.909576416015625,20024000.0
2025-12-10,26.25,27.739999771118164,25.989999771118164,27.3700008392334,27.02534866333008,8482100.0
2025-12-11,27.31999969482422,27.940000534057617,27.059999465942383,27.3700008392334,27.02534866333008,4578100.0
2025-12-12,27.57999992370605,27.82999992370605,26.850000381469727,26.88999938964844,26.5513916015625,3149100.0
2025-12-15,27.09000015258789,27.170000076293945,26.46999931335449,26.489999771118164,26.156429290771484,3728200.0
2025-12-16,26.63999938964844,27.0,26.489999771118164,26.84000015258789,26.50202178955078,2605200.0
2025-12-17,27.0,27.520000457763672,26.82999992370605,26.8799991607666,26.54151725769043,3098900.0
2025-12-18,27.15999984741211,27.420000076293945,26.850000381469727,26.979999542236328,26.6402587890625,2772100.0
2025-12-19,26.93000030517578,27.440000534057617,26.93000030517578,27.350000381469727,27.005599975585938,6424900.0
2025-12-22,27.36000061035156,27.549999237060547,27.239999771118164,27.530000686645508,27.183332443237305,2069200.0
2025-12-23,27.5,28.049999237060547,27.489999771118164,27.6200008392334,27.272199630737305,1831700.0
2025-12-24,27.6200008392334,27.799999237060547,27.46999931335449,27.65999984741211,27.311695098876957,913100.0
2025-12-26,27.57999992370605,27.68000030517578,27.34000015258789,27.520000457763672,27.173460006713867,1093000.0
2025-12-29,27.540000915527344,27.549999237060547,27.280000686645508,27.350000381469727,27.005599975585938,991400.0
2025-12-30,27.31999969482422,27.520000457763672,27.09000015258789,27.200000762939453,26.85749053955078,1909600.0
2025-12-31,27.21999931335449,27.38999938964844,26.799999237060547,27.059999465942383,26.7192497253418,1325700.0
2026-01-02,27.049999237060547,27.63999938964844,26.940000534057617,27.40999984741211,27.064844131469727,1352700.0
2026-01-05,27.26000022888184,28.059999465942383,27.26000022888184,27.739999771118164,27.39068984985352,2022000.0
2026-01-06,27.75,28.229999542236328,27.479999542236328,28.15999984741211,27.80539894104004,2500300.0
2026-01-07,28.15999984741211,28.15999984741211,27.21999931335449,27.700000762939453,27.351192474365234,1811700.0
2026-01-08,27.559999465942383,28.1200008392334,27.530000686645508,27.93000030517578,27.578296661376957,2355700.0
2026-01-09,28.09000015258789,28.350000381469727,27.59000015258789,27.61000061035156,27.262327194213867,1914800.0
2026-01-12,26.81999969482422,27.09000015258789,26.43000030517578,26.71999931335449,26.38353157043457,2864600.0
2026-01-13,26.63999938964844,26.950000762939453,26.32999992370605,26.82999992370605,26.49214744567871,2994000.0
2026-01-14,26.739999771118164,27.1200008392334,26.299999237060547,27.040000915527344,26.69950485229492,2317900.0
2026-01-15,27.040000915527344,27.1299991607666,26.700000762939453,26.989999771118164,26.650131225585938,1933600.0
2026-01-16,26.979999542236328,27.280000686645508,26.780000686645508,26.850000381469727,26.51189613342285,1818600.0
2026-01-20,26.6200008392334,26.88999938964844,25.770000457763672,26.0,25.67259979248047,2096600.0
2026-01-21,26.1299991607666,26.700000762939453,26.030000686645508,26.43000030517578,26.09718513488769,2590900.0
2026-01-22,26.65999984741211,27.030000686645508,26.489999771118164,26.700000762939453,26.36378669738769,2600400.0
2026-01-23,29.31999969482422,29.32999992370605,27.3700008392334,27.6200008392334,27.272199630737305,8487200.0
2026-01-26,27.43000030517578,27.799999237060547,26.950000762939453,27.3799991607666,27.03522109985352,3972300.0
2026-01-27,27.450000762939453,27.51000022888184,27.030000686645508,27.13999938964844,26.79824447631836,3657900.0
2026-01-28,27.239999771118164,27.309999465942383,26.36000061035156,26.3700008392334,26.037940979003903,4298600.0
2026-01-29,26.479999542236328,26.950000762939453,26.209999084472656,26.920000076293945,26.58101463317871,2688300.0
2026-01-30,26.780000686645508,27.190000534057617,26.600000381469727,27.149999618530277,26.8081169128418,2550400.0
2026-02-02,26.850000381469727,27.799999237060547,26.38999938964844,27.299999237060547,26.95623016357422,3886100.0
2026-02-03,27.299999237060547,27.780000686645508,26.93000030517578,27.38999938964844,27.045095443725582,2238700.0
2026-02-04,27.82999992370605,28.280000686645508,27.790000915527344,27.850000381469727,27.499303817749023,2163500.0
2026-02-05,27.799999237060547,27.979999542236328,26.46999931335449,26.899999618530277,26.56126594543457,3410000.0
2026-02-06,27.149999618530277,27.450000762939453,27.11000061035156,27.299999237060547,26.95623016357422,2483400.0
2026-02-09,27.229999542236328,27.51000022888184,26.739999771118164,26.850000381469727,26.51189613342285,2710200.0
2026-02-10,26.82999992370605,27.479999542236328,26.61000061035156,26.920000076293945,26.58101463317871,2606200.0
2026-02-11,26.950000762939453,27.049999237060547,25.71999931335449,25.82999992370605,25.50473976135254,4461100.0
2026-02-12,25.959999084472656,26.350000381469727,24.76000022888184,24.76000022888184,24.448213577270508,3051300.0
2026-02-13,24.75,24.770000457763672,23.959999084472656,24.040000915527344,23.737281799316406,3905400.0
2026-02-17,24.15999984741211,24.63999938964844,23.850000381469727,23.899999618530277,23.59904289245605,3398300.0
2026-02-18,24.01000022888184,24.270000457763672,23.899999618530277,23.899999618530277,23.59904289245605,2762000.0
2026-02-19,23.739999771118164,24.030000686645508,23.18000030517578,23.40999984741211,23.11521339416504,4332700.0
2026-02-20,23.450000762939453,23.670000076293945,22.459999084472656,22.600000381469727,22.315412521362305,7440100.0
2026-02-23,22.3700008392334,22.51000022888184,19.739999771118164,19.86000061035156,19.60991668701172,5655100.0
2026-02-24,19.770000457763672,20.299999237060547,19.549999237060547,19.84000015258789,19.590167999267575,5755200.0
2026-02-25,19.940000534057617,20.40999984741211,19.3700008392334,20.399999618530277,20.143115997314453,5913300.0
2026-02-26,20.51000022888184,21.46999931335449,20.420000076293945,21.3799991607666,21.110774993896484,6144900.0
2026-02-27,20.75,20.8700008392334,18.709999084472656,18.739999771118164,18.50402069091797,6677100.0
2026-03-02,18.540000915527344,19.190000534057617,18.13999938964844,18.959999084472656,18.721248626708984,7195800.0
2026-03-03,18.309999465942383,19.489999771118164,17.770000457763672,19.190000534057617,18.948352813720703,9316700.0
2026-03-04,19.190000534057617,19.75,18.739999771118164,19.63999938964844,19.39268493652344,6359700.0
2026-03-05,19.479999542236328,20.399999618530277,19.46999931335449,19.88999938964844,19.77040100097656,5242800.0
2026-03-06,19.38999938964844,19.559999465942383,18.82999992370605,19.09000015258789,18.97521209716797,2852000.0
2026-03-09,19.32999992370605,20.040000915527344,18.96999931335449,19.979999542236328,19.85985946655273,7350700.0
2026-03-10,20.040000915527344,20.440000534057617,19.600000381469727,19.950000762939453,19.830041885375977,5274300.0
2026-03-11,19.979999542236328,20.75,19.5,20.649999618530277,20.52583122253418,4008500.0
2026-03-12,20.299999237060547,20.799999237060547,19.950000762939453,20.3799991607666,20.25745391845703,4607300.0
2026-03-13,20.5,20.700000762939453,19.540000915527344,19.739999771118164,19.62130355834961,4673900.0
2026-03-16,19.96999931335449,20.25,19.700000762939453,20.020000457763672,19.899620056152344,2749400.0
2026-03-17,20.280000686645508,20.6200008392334,19.6200008392334,19.84000015258789,19.720703125,3346100.0
2026-03-18,19.700000762939453,20.06999969482422,19.56999969482422,19.61000061035156,19.49208641052246,2625000.0
2026-03-19,19.51000022888184,19.809999465942383,19.43000030517578,19.59000015258789,19.472206115722656,6521000.0
2026-03-20,19.51000022888184,20.0,19.479999542236328,19.729999542236328,19.611364364624023,5812000.0
2026-03-23,20.350000381469727,20.440000534057617,19.8799991607666,20.1200008392334,19.99901962280273,3384100.0
2026-03-24,20.09000015258789,20.63999938964844,19.809999465942383,20.18000030517578,20.05865859985352,3224400.0
2026-03-25,20.420000076293945,20.75,19.850000381469727,20.43000030517578,20.30715560913086,2536800.0
2026-03-26,20.1200008392334,20.700000762939453,20.1200008392334,20.63999938964844,20.515892028808597,2312300.0
2026-03-27,20.459999084472656,20.600000381469727,20.06999969482422,20.36000061035156,20.23757553100586,2521500.0
2026-03-30,20.6299991607666,20.84000015258789,20.450000762939453,20.63999938964844,20.515892028808597,2313100.0
2026-03-31,20.950000762939453,21.82999992370605,20.799999237060547,21.40999984741211,21.2812614440918,3702900.0
2026-04-01,21.479999542236328,21.96999931335449,21.34000015258789,21.739999771118164,21.609277725219727,3374700.0
2026-04-02,21.700000762939453,21.84000015258789,20.71999931335449,21.63999938964844,21.509878158569336,5382400.0
2026-04-06,21.649999618530277,22.3799991607666,21.489999771118164,22.15999984741211,22.026752471923828,3213600.0
2026-04-07,22.040000915527344,22.26000022888184,21.65999984741211,21.899999618530277,21.7683162689209,2901300.0
2026-04-08,22.5,22.86000061035156,21.61000061035156,21.63999938964844,21.509878158569336,3248900.0
2026-04-09,21.479999542236328,21.790000915527344,21.350000381469727,21.440000534057617,21.31108283996582,3005100.0
2026-04-10,21.3799991607666,21.6299991607666,21.25,21.46999931335449,21.340900421142575,2687200.0
2026-04-13,21.36000061035156,22.11000061035156,21.25,21.950000762939453,21.818016052246094,3488400.0
2026-04-14,21.950000762939453,22.190000534057617,21.809999465942383,22.049999237060547,21.91741371154785,2065600.0
2026-04-15,22.229999542236328,22.34000015258789,20.81999969482422,21.40999984741211,21.2812614440918,4754300.0
2026-04-16,21.40999984741211,22.350000381469727,21.40999984741211,22.18000030517578,22.046632766723636,3833000.0
2026-04-17,22.38999938964844,23.020000457763672,22.38999938964844,22.63999938964844,22.50386619567871,3888600.0
2026-04-20,22.6200008392334,23.170000076293945,22.43000030517578,23.11000061035156,22.971040725708008,2168200.0
2026-04-21,23.13999938964844,23.5,22.729999542236328,22.790000915527344,22.652965545654297,2391500.0
2026-04-22,22.84000015258789,23.170000076293945,22.65999984741211,23.100000381469727,22.961101531982425,2181400.0
2026-04-23,22.93000030517578,23.979999542236328,22.26000022888184,23.420000076293945,23.279176712036133,8532200.0
2026-04-24,23.040000915527344,24.6299991607666,22.280000686645508,23.82999992370605,23.686710357666016,11689900.0
2026-04-27,23.75,24.270000457763672,23.32999992370605,23.43000030517578,23.28911590576172,3621700.0
2026-04-28,23.63999938964844,24.020000457763672,23.3700008392334,23.43000030517578,23.28911590576172,3853600.0
2026-04-29,23.440000534057617,23.61000061035156,22.540000915527344,22.989999771118164,22.85176086425781,3533200.0
2026-04-30,22.979999542236328,23.290000915527344,22.75,23.07999992370605,22.941221237182617,2175600.0
2026-05-01,23.07999992370605,23.25,22.670000076293945,22.690000534057617,22.553565979003903,2114700.0
2026-05-04,22.68000030517578,23.030000686645508,22.440000534057617,22.51000022888184,22.37464904785156,1982100.0
2026-05-05,22.5,22.81999969482422,22.489999771118164,22.540000915527344,22.404468536376957,1156400.0
2026-05-06,22.770000457763672,22.899999618530277,22.46999931335449,22.530000686645508,22.39452743530273,1584200.0
2026-05-07,22.649999618530277,22.950000762939453,22.5,22.65999984741211,22.52374649047852,1738800.0
2026-05-08,22.65999984741211,22.700000762939453,22.13999938964844,22.46999931335449,22.334888458251957,1885200.0
2026-05-11,22.420000076293945,22.540000915527344,21.649999618530277,21.76000022888184,21.62915802001953,2717000.0
2026-05-12,21.86000061035156,22.21999931335449,21.600000381469727,22.01000022888184,21.877655029296875,2350600.0
2026-05-13,21.86000061035156,21.86000061035156,20.93000030517578,21.31999969482422,21.191802978515625,2796300.0
2026-05-14,21.540000915527344,21.799999237060547,21.280000686645508,21.59000015258789,21.460180282592773,2527000.0
2026-05-15,21.6299991607666,21.690000534057617,21.059999465942383,21.170000076293945,21.042705535888672,2168600.0
2026-05-18,21.239999771118164,22.0,21.229999542236328,21.850000381469727,21.718616485595703,2319800.0
2026-05-19,21.8799991607666,21.8799991607666,21.26000022888184,21.459999084472656,21.330961227416992,1628900.0
2026-05-20,21.459999084472656,22.11000061035156,21.13999938964844,22.020000457763672,21.88759422302246,1684500.0
2026-05-21,21.88999938964844,22.040000915527344,21.57999992370605,21.950000762939453,21.818016052246094,1632100.0
2026-05-22,22.100000381469727,22.31999969482422,22.030000686645508,22.149999618530277,22.01681137084961,1007500.0
2026-05-26,22.15999984741211,22.26000022888184,21.71999931335449,22.07999992370605,21.94723320007324,1401100.0
2026-05-27,22.25,22.440000534057617,21.8700008392334,21.8799991607666,21.748435974121094,1430900.0
2026-05-28,21.86000061035156,22.18000030517578,21.790000915527344,21.8799991607666,21.748435974121094,1433400.0
2026-05-29,21.90999984741211,22.46999931335449,21.90999984741211,22.1200008392334,21.98699378967285,2483400.0
2026-06-01,22.1200008392334,22.280000686645508,21.850000381469727,22.059999465942383,21.92735290527344,2868600.0
2026-06-02,21.979999542236328,22.170000076293945,21.799999237060547,22.049999237060547,21.91741371154785,1956200.0
2026-06-03,21.959999084472656,21.959999084472656,21.36000061035156,21.6200008392334,21.489999771118164,1997200.0
2026-06-04,21.940000534057617,22.63999938964844,21.899999618530277,22.280000686645508,22.280000686645508,3506400.0
2026-06-05,22.190000534057617,22.540000915527344,22.09000015258789,22.38999938964844,22.38999938964844,3508600.0
2026-06-08,22.049999237060547,22.68000030517578,22.049999237060547,22.38999938964844,22.38999938964844,1932000.0
2026-06-09,22.6299991607666,23.309999465942383,22.600000381469727,23.049999237060547,23.049999237060547,1871100.0
2026-06-10,22.38999938964844,22.84000015258789,21.26000022888184,21.299999237060547,21.299999237060547,6946900.0
2026-06-11,21.489999771118164,22.229999542236328,21.32999992370605,22.13999938964844,22.13999938964844,2434300.0
2026-06-12,22.15999984741211,22.540000915527344,21.71999931335449,22.3799991607666,22.3799991607666,3003600.0
2026-06-15,22.56999969482422,22.88999938964844,21.75,21.920000076293945,21.920000076293945,2855100.0
2026-06-16,22.290000915527344,22.57999992370605,22.100000381469727,22.450000762939453,22.450000762939453,2312900.0
2026-06-17,22.489999771118164,23.559999465942383,22.40999984741211,22.950000762939453,22.950000762939453,3089400.0
2026-06-18,22.989999771118164,23.450000762939453,22.81999969482422,23.030000686645508,23.030000686645508,5175700.0
2026-06-22,23.01000022888184,23.06999969482422,22.549999237060547,22.84000015258789,22.84000015258789,2074600.0
2026-06-23,22.799999237060547,23.459999084472656,22.75,23.239999771118164,23.239999771118164,2594800.0
2026-06-24,23.239999771118164,24.030000686645508,23.239999771118164,23.84000015258789,23.84000015258789,1583600.0
2026-06-25,24.030000686645508,25.1200008392334,24.0,24.61000061035156,24.61000061035156,2660600.0
2026-06-26,24.46999931335449,25.520000457763672,24.3799991607666,25.450000762939453,25.450000762939453,6019700.0
2026-06-29,25.229999542236328,26.149999618530277,25.13999938964844,26.11000061035156,26.11000061035156,2765400.0
2026-06-30,26.059999465942383,26.13999938964844,25.780000686645508,25.940000534057617,25.940000534057617,3694700.0
2026-07-01,25.959999084472656,26.059999465942383,25.3700008392334,25.670000076293945,25.670000076293945,3583600.0
2026-07-02,25.899999618530277,26.049999237060547,24.940000534057617,25.600000381469727,25.600000381469727,2188600.0
2026-07-06,25.559999465942383,25.920000076293945,25.229999542236328,25.530000686645508,25.530000686645508,4255800.0
2026-07-07,25.030000686645508,25.43000030517578,24.63999938964844,25.07999992370605,25.07999992370605,2957900.0
2026-07-08,24.75,24.76000022888184,23.709999084472656,23.899999618530277,23.899999618530277,3366000.0
2026-07-09,24.040000915527344,25.11000061035156,23.940000534057617,24.729999542236328,24.729999542236328,4672600.0
2026-07-10,25.049999237060547,25.149999618530277,24.61000061035156,24.959999084472656,24.959999084472656,3502000.0
2026-07-13,25.100000381469727,25.229999542236328,24.61000061035156,24.88999938964844,24.88999938964844,2166400.0
2026-07-14,24.63999938964844,25.549999237060547,24.63999938964844,25.530000686645508,25.530000686645508,2501900.0
2026-07-15,25.530000686645508,25.6200008392334,25.13999938964844,25.34000015258789,25.34000015258789,2915800.0
2026-07-16,25.280000686645508,25.8700008392334,25.280000686645508,25.600000381469727,25.600000381469727,2457800.0
2026-07-17,25.5,25.6299991607666,25.15999984741211,25.34000015258789,25.34000015258789,1923700.0
2026-07-20,25.299999237060547,25.540000915527344,25.07999992370605,25.32999992370605,25.32999992370605,2329700.0
2026-07-21,25.36000061035156,25.459999084472656,24.799999237060547,25.190000534057617,25.190000534057617,2717600.0
2026-07-22,25.0,25.350000381469727,24.93000030517578,25.21999931335449,25.21999931335449,1796100.0
2026-07-23,24.989999771118164,25.18000030517578,24.01000022888184,24.18000030517578,24.18000030517578,5673400.0
2026-07-24,23.0,24.520000457763672,23.0,24.290000915527344,24.290000915527344,6262600.0
2026-07-27,24.6299991607666,25.479999542236328,24.270000457763672,25.420000076293945,25.420000076293945,3203700.0
2026-07-28,25.559999465942383,25.81999969482422,25.049999237060547,25.190000534057617,25.190000534057617,2711400.0
2026-07-29,24.899999618530277,25.899999618530277,24.899999618530277,25.690000534057617,25.690000534057617,3509600.0
2026-07-30,25.75,25.93000030517578,24.93000030517578,25.84000015258789,25.84000015258789,2386900.0
2026-07-31,25.84000015258789,26.190000534057617,25.559999465942383,26.0,26.0,2458300.0
2026-08-03,26.030000686645508,27.34000015258789,26.030000686645508,27.100000381469727,27.100000381469727,3942900.0
2026-08-04,27.100000381469727,27.920000076293945,27.0,27.86000061035156,27.86000061035156,2061100.0
2026-08-05,27.82999992370605,27.950000762939453,27.309999465942383,27.46999931335449,27.46999931335449,1902900.0
2026-08-06,27.530000686645508,27.68000030517578,27.34000015258789,27.40999984741211,27.40999984741211,2010400.0
2026-08-07,27.36000061035156,27.530000686645508,26.979999542236328,27.3700008392334,27.3700008392334,1497600.0
2026-08-10,27.200000762939453,27.65999984741211,27.1200008392334,27.31999969482422,27.31999969482422,2432000.0
2026-08-11,27.25,27.84000015258789,27.07999992370605,27.15999984741211,27.15999984741211,1356100.0
